token,occurrences,total_nll,mean_nll
the,6913,13667.27921436775,1.9770402450987632
</s>,5677,13122.601653900301,2.3115380753743704
<UNK>,3110,12135.018411631116,3.901935180588783
and,2828,8755.881590277186,3.0961391761941957
a,2287,7318.178462242638,3.199903131719562
in,2095,7080.141784842611,3.3795426180632986
of,3563,6920.149723087323,1.942225574821028
to,2557,6543.875710605414,2.559200512555891
that,1042,3747.6588036026237,3.5966015389660497
is,993,3576.856439783222,3.602070936337585
for,928,3570.8239936329196,3.8478706827940945
it,844,3416.728818191647,4.048256893591999
he,925,3390.1947769488006,3.665075434539244
was,933,3317.7358802058243,3.555987009866907
his,695,3032.6373434309503,4.363506968965396
as,684,2913.44714076495,4.259425644393201
at,587,2814.0411354710445,4.793937198417452
with,678,2772.0129441609174,4.0885146669040076
on,648,2737.4374010259785,4.224440433682066
this,538,2456.6513984735175,4.5662665399136015
by,545,2408.931542159702,4.420057875522389
had,543,2278.5565512530725,4.196236742639176
but,449,2163.6695007469443,4.818863030616803
i,513,2156.8822147838955,4.20444876176198
or,421,2131.4764945858374,5.062889535833343
an,385,1948.7470767514708,5.061680718834989
are,448,1912.9084359213527,4.269884901610163
from,423,1846.3356660157533,4.364859730533696
which,350,1802.5157265191785,5.150044932911939
not,482,1748.1789573653805,3.6269272974385487
all,324,1730.5285969592856,5.341137644936066
they,361,1708.2010494003357,4.731858862604808
have,412,1619.0540730284488,3.9297428957001186
one,306,1600.7838570109823,5.231319794153537
were,339,1549.8026112904472,4.571689118850877
she,303,1529.708018436414,5.048541314971663
her,288,1480.8745029790132,5.141925357566018
you,332,1477.6296639368345,4.450691758845887
their,269,1433.5366579994652,5.32913255761883
be,634,1326.9255587806197,2.0929425217359934
there,259,1316.5750388242536,5.083301308201752
would,261,1283.0932177414975,4.916065968358228
we,264,1280.8149776545497,4.851571885055113
has,248,1262.0440963773124,5.088887485392388
when,237,1258.8428802130736,5.311573334232378
him,285,1249.5857693166822,4.384511471286604
its,196,1170.3666830029854,5.971258586749926
will,212,1162.3816772677715,5.482932439942318
if,222,1147.3688983722998,5.168328371046395
more,222,1143.5012079844805,5.150906342272434
no,219,1131.9360184790728,5.168657618625903
what,203,1105.2187837977613,5.444427506392913
can,188,1027.7261689353302,5.46662855816665
so,169,985.2935408674113,5.830139295073439
these,174,980.5699112648649,5.635459260142902
only,166,978.554670420537,5.894907653135765
into,191,963.8555019451827,5.046363884529752
out,204,962.4578782293561,4.717930775634098
about,184,960.3827950518522,5.219471712238327
some,156,948.917265837968,6.082802986140821
who,204,945.0334979200094,4.6325171466667125
such,147,939.0973471795633,6.388417327752131
new,159,891.8251847992248,5.608963426410218
said,190,881.7734372239712,4.640912827494585
could,166,854.2328094014457,5.145980779526782
up,190,808.7433660312462,4.256544031743401
our,123,807.6337908997915,6.566128381299118
other,162,799.6242880045352,4.935952395089723
may,137,799.0668802764765,5.8326049655217265
then,134,798.7696075512127,5.960967220531439
like,129,762.8740234630292,5.913752119868443
even,121,760.620161251338,6.286117035135025
two,132,759.7532740383986,5.75570662150302
now,126,759.3039181823907,6.026221572876117
them,149,739.9706874817482,4.966246224709719
any,131,734.4829957015006,5.606740425202295
my,115,716.5187394130884,6.230597734026856
first,127,692.2849329772586,5.451062464387863
made,120,682.4504480052138,5.687087066710116
man,125,655.3796653825124,5.243037323060099
most,111,647.4273310733856,5.832678658318789
than,183,646.7019625674158,3.533890505832873
do,133,645.3360723690131,4.852150920067768
after,108,638.6473641724316,5.913401520115108
over,111,629.3452430799333,5.669776964684084
just,93,624.3826610546806,6.713792054351405
your,96,619.2647241954114,6.450674210368869
time,144,614.7924418010853,4.269391956951981
very,89,613.2632882313886,6.890598744172906
each,91,612.3904199234723,6.729565054104092
should,94,603.6644341193938,6.421962065099934
little,100,603.4775206968261,6.034775206968261
before,94,599.8445266588058,6.381324751689423
must,100,596.5178615084367,5.965178615084366
because,89,595.1496970559756,6.68707524781995
too,90,581.0957775925717,6.456619751028574
work,87,572.9439467023171,6.58556260577376
did,100,569.3639259716223,5.693639259716223
me,115,563.4258547989912,4.899355259121663
back,101,561.024025147012,5.5546933182872475
men,87,555.858269044613,6.38917550625992
still,84,541.5254051563998,6.446731013766664
way,108,534.4939552092067,4.9490181037889505
af,95,532.265811258524,5.602798013247621
many,100,530.4874329828235,5.304874329828235
through,89,530.3328929883768,5.9587965504312
those,84,526.5690834647024,6.268679565055981
also,91,520.8683795306307,5.723828346490447
another,77,510.0432407049397,6.623938190973243
where,84,509.58725464475884,6.066514936247129
state,83,503.46181292920465,6.065804975050659
been,228,502.0606000637748,2.2020201757183107
good,79,489.49886030192647,6.196188105087677
much,89,488.9221338495382,5.493507121904924
under,69,483.80108108251227,7.011609870761047
here,72,482.40279354549017,6.700038799242919
last,70,476.59918627806445,6.808559803972349
off,75,472.0256259393237,6.293675012524315
how,80,471.11644460775375,5.888955557596922
great,76,469.0761700406872,6.172054868956411
people,80,467.7109655977839,5.846387069972299
long,78,457.5345409472096,5.865827448041149
during,63,455.85284921421066,7.235759511336677
well,83,446.1633257646011,5.375461756200013
both,64,444.17659887430585,6.940259357411029
take,76,443.6360588558518,5.837316563892787
get,81,437.40757879452445,5.400093565364499
without,59,434.9072580649643,7.371309458728208
down,80,433.79722248462434,5.4224652810578045
world,78,433.2892256824979,5.554990072852537
being,69,432.7618816525084,6.271911328297223
three,68,431.45137136820534,6.344873108355961
might,69,428.31320002322246,6.2074376814959775
between,76,428.1175054717331,5.6331250719964885
does,64,426.1959825744635,6.659312227725993
go,67,422.9137368181377,6.312145325643846
place,64,420.5673939012869,6.571365529707608
against,66,415.1921998931044,6.290790907471278
see,76,408.6432381656381,5.376884712705764
used,63,404.9413336103481,6.427640216037272
while,60,402.051024821334,6.7008504136889
however,56,400.9361700934201,7.159574465953931
since,60,399.67652915717275,6.6612754859528795
life,59,392.42294376947655,6.651236335075874
came,59,391.41759069924984,6.634196452529658
us,67,388.8981398763196,5.804449848900292
american,59,387.74594968795975,6.57196524894847
make,73,387.04699677192514,5.302013654409933
come,59,385.0894639572119,6.526940067071387
high,55,382.33798264120463,6.951599684385539
again,57,376.2417775020569,6.600732938632577
use,55,373.46107010426437,6.790201274622988
every,50,373.030310269745,7.4606062053949
years,93,370.295627862478,3.9816734178761077
once,52,369.8069879634923,7.111672845451775
let,50,364.7167434933862,7.294334869867725
general,58,358.16880602958,6.175324241889311
something,51,357.8883431447198,7.017418493033722
never,61,352.87230587507196,5.784791899591344
water,53,352.42764172993094,6.649578145847753
year,81,352.260915116501,4.348900186623469
old,55,350.51570881751627,6.373012887591205
went,55,350.40902423613414,6.371073167929712
left,48,346.6801361422485,7.222502836296844
himself,52,344.2754690128991,6.620682096401906
around,53,344.10234450314874,6.492497066097146
toward,54,344.03563392495914,6.371030257869614
found,50,336.2017408489095,6.72403481697819
group,48,334.43656475767546,6.967428432451572
home,51,329.6967928201936,6.464642996474384
until,46,328.9724235439679,7.151574424868868
day,62,323.0789297657329,5.210950480092466
number,59,320.2753427818962,5.428395640371122
government,51,320.0509356159441,6.2755085414891
house,62,318.65389974529194,5.13957902814987
know,69,317.8291237784063,4.606219185194294
several,41,314.776050803246,7.677464653737707
war,52,313.80236193230996,6.034660806390576
asked,46,312.9715525325802,6.803729402882178
give,46,312.1828581690729,6.7865838732407155
open,41,311.3063461598992,7.5928377112170535
took,46,310.823138482286,6.757024749614914
far,53,309.7952115577623,5.8451926709011754
say,53,309.69095271437965,5.843225522912824
case,53,309.0480547317987,5.831095372298089
head,49,305.2425084936762,6.229438948850535
own,84,302.54117369316765,3.601680639204377
light,40,301.0605576072446,7.526513940181116
along,39,300.44699189978644,7.703769023071447
early,41,296.1353696431031,7.222813893734222
enough,45,294.8052300405899,6.551227334235331
almost,37,292.86302158232195,7.915216799522215
right,49,292.0043567361928,5.959272586452914
better,42,290.9541644232083,6.9274801053144826
within,38,288.89785626725046,7.602575164927644
gave,37,285.7275011210444,7.722364895163362
called,40,285.28133147767403,7.132033286941851
young,39,284.52009498178506,7.295387050815002
away,45,283.2703506981868,6.294896682181929
small,42,282.8468840734447,6.734449620796302
line,36,282.56076573099745,7.848910159194373
john,39,282.3471472068599,7.239670441201536
knew,46,281.9993647939447,6.130420973781407
among,37,278.4518770464183,7.525726406659954
few,56,278.0669324610376,4.9654809368042425
become,41,277.2084749722765,6.761182316396988
school,45,276.01766260129466,6.133725835584325
national,39,275.701436697869,7.069267607637666
point,46,275.601138688694,5.99132910192813
set,36,273.67198529548665,7.601999591541296
rather,35,273.43195851992516,7.812341671997862
whole,40,273.0767428073361,6.826918570183402
show,39,272.20928218727687,6.97972518428915
turned,39,268.6215925282536,6.8877331417500915
part,46,267.5368854645988,5.816019249230409
got,41,267.3426970736649,6.520553587162559
upon,42,266.73643711936745,6.35086755046113
fact,49,265.9072456994889,5.426678483663038
nothing,38,264.9059579510195,6.971209419763671
either,32,264.90265900005636,8.278208093751761
thought,41,262.1377306176866,6.393603185797234
social,36,261.456372408628,7.262677011350778
president,44,260.95865210014796,5.930878456821545
large,39,260.3301313287634,6.675131572532395
less,39,259.7541498343377,6.660362816265069
saw,44,259.6815123257594,5.901852552858168
though,41,258.88250549291485,6.314207451046704
yet,39,258.72234349037046,6.633906243342833
members,37,258.6175183375141,6.989662657770652
form,37,257.391144192242,6.956517410601135
behind,31,257.0263761661493,8.291173424714493
although,34,256.3947218857478,7.541021231933759
often,36,256.22084306954343,7.117245640820651
business,40,255.99125926632001,6.3997814816580005
ever,36,254.3279560255309,7.064665445153636
put,35,254.09595317194623,7.259884376341321
company,36,253.97843515879444,7.054956532188735
eyes,44,253.92562307679805,5.771036888109046
means,36,253.75473308209553,7.048742585613764
united,50,253.51144452544202,5.07022889050884
became,34,252.90843142387652,7.438483277172839
itself,31,252.9082634146632,8.158331077892361
having,32,252.81179232532725,7.9003685101664765
possible,42,252.7739138522762,6.01842652029229
always,37,250.596102168065,6.772867626163919
big,37,249.76638344423952,6.750442795790257
find,39,248.68248145128163,6.376473883366196
important,40,246.39335199395825,6.159833799848956
per,39,245.82190308166918,6.303125720042799
white,35,244.12593095877648,6.975026598822185
felt,40,243.4003802045473,6.085009505113683
across,31,241.5336857981959,7.791409219296642
perhaps,32,240.62456365645693,7.519517614264279
began,31,240.0647139975803,7.744023032180009
program,36,239.6024616089889,6.655623933583025
necessary,30,239.120640020296,7.9706880006765335
look,35,238.73235950462438,6.820924557274982
next,35,238.41801136846928,6.8119431819562655
surface,31,237.7501731420865,7.669360423938275
same,54,235.7743994490571,4.366192582389947
country,39,235.28856171958287,6.033040044091869
money,33,234.75923381401518,7.113916176182278
four,33,234.72994985255724,7.113028783410826
special,31,233.97296221800704,7.5475149102582915
told,37,231.58538722859862,6.259064519691854
anything,32,231.00763072511498,7.218988460159843
brought,29,230.35682956138388,7.943338950392548
city,40,229.75742251464715,5.743935562866179
south,32,229.4880304495256,7.171500951547675
face,37,229.2654025165296,6.196362230176476
others,31,228.3927902849855,7.367509364031791
end,42,228.021578833552,5.4290852103226666
interest,34,227.5867368042923,6.69372755306742
family,35,227.48582800850963,6.499595085957418
side,41,226.82202597300753,5.5322445359270125
value,30,226.5869972572714,7.552899908575713
local,29,225.59878673729236,7.779268508182495
going,31,225.36200335349926,7.2697420436612665
given,36,225.189658194346,6.255268283176278
public,35,224.02534250915463,6.400724071690132
course,45,223.71583613843904,4.971463025298646
music,29,222.50810307033154,7.6726932093217775
night,43,221.89144375989778,5.1602661339511116
human,29,221.18221367172046,7.62697288523174
common,29,220.52423870431946,7.604284093252395
action,28,220.52166701100333,7.875773821821547
various,27,218.03408285566096,8.075336402061517
leave,29,217.92742917922845,7.514738937214775
today,27,217.75886880587115,8.065143289106338
days,37,217.29437488635824,5.872820942874547
things,32,214.99744820190836,6.718670256309636
name,32,214.24132423813947,6.695041382441858
free,28,212.97147313247748,7.606124040445624
certain,27,212.51603872207968,7.870964397114062
north,27,212.5004515357276,7.870387093915837
seemed,29,212.3670746983169,7.323002575804032
history,29,212.12062752541243,7.314504397428015
girl,30,211.40402413983125,7.046800804661042
nor,26,210.54476121489432,8.09787543134209
above,30,210.54423250205556,7.0181410834018525
top,29,209.43457681920623,7.221881959282974
together,26,208.8267981172774,8.031799927587592
power,29,208.02611707546913,7.1733143819127285
boy,29,207.91402715756684,7.169449212329891
need,27,207.21668111519423,7.674691893155342
kind,30,205.81105930286301,6.860368643428767
thus,29,205.19088201800972,7.0755476557934385
church,31,204.99739909020482,6.612819325490478
available,29,203.21363662574907,7.007366780198244
everything,23,203.14081982438572,8.832209557581988
why,33,202.54378276761173,6.137690386897325
present,30,201.76963578282658,6.725654526094219
thing,35,201.66320628996095,5.7618058939988845
half,30,201.3211450530542,6.710704835101807
washington,26,199.59674180139316,7.676797761592045
service,28,199.2785531203188,7.117091182868529
development,30,199.03702423442104,6.6345674744807015
letter,26,198.9633292119195,7.652435738919981
political,25,198.4720023337203,7.9388800933488115
period,31,197.31024950846398,6.364846758337547
seen,36,195.71963724880274,5.436656590244521
real,26,195.45230536829047,7.517396360318864
feet,32,195.20070597008626,6.100022061565196
think,38,194.4372196418016,5.1167689379421475
therefore,25,193.82224129283142,7.752889651713257
known,31,193.66065858331504,6.247118018816614
want,32,193.26362708077193,6.039488346274123
making,25,192.87741450995264,7.7150965803981055
moved,26,192.70572085680251,7.411758494492404
order,33,192.24312465912837,5.825549232094799
held,25,190.68463587676732,7.627385435070693
religious,22,189.76437879332377,8.625653581514717
close,25,189.39078708361043,7.575631483344417
air,25,188.39866437124212,7.535946574849685
later,32,187.8996291369658,5.871863410530182
five,27,186.86307598660738,6.920854666170644
looked,28,186.6447709127342,6.665884675454793
love,24,186.5013872122546,7.770891133843942
peace,24,186.3965760892009,7.766524003716704
hope,23,186.26448635891845,8.098455928648628
area,29,185.2014165998843,6.386255744823597
door,35,185.03595950134527,5.286741700038436
return,24,184.1269504973224,7.6719562707217674
students,22,183.43271688753373,8.33785076761517
whose,23,183.05734664876687,7.959015071685516
problem,30,183.02985669893025,6.100995223297675
west,25,182.64572268114372,7.305828907245749
alone,23,181.39942143137762,7.886931366581636
received,22,180.51956211994982,8.2054346418159
effect,25,180.37574166774073,7.215029666709629
strong,21,180.23971224200827,8.582843440095631
probably,25,180.15885836621925,7.20635433464877
lost,21,179.2828269892702,8.537277475679534
system,35,178.84805321187687,5.109944377482196
instead,21,178.67189276308787,8.508185369670851
farm,21,177.69541174421676,8.46168627353413
areas,24,177.5488919389258,7.397870497455242
voice,26,177.30067800634544,6.819256846397901
food,20,176.81508956537309,8.840754478268654
including,21,176.69335876692028,8.413969465091443
mother,24,176.5936342230728,7.3580680926280335
control,23,175.86643792701486,7.646366866391951
lines,26,175.82416891049238,6.762468035018937
really,24,175.80684405028268,7.325285168761778
quite,23,174.99539892477844,7.60849560542515
miles,25,174.3874550420224,6.975498201680896
matter,32,174.2619407230234,5.445685647594481
story,22,174.00795800987257,7.909452636812389
beyond,21,173.67149288804666,8.270071089906983
paper,21,173.33434312714613,8.254016339387912
study,24,173.3008152829142,7.2208673034547575
policy,28,173.0562903385714,6.180581797806121
best,26,172.48966481532165,6.634217877512371
words,31,171.84933472686973,5.543526926673217
greater,22,171.79862633614005,7.809028469824548
different,24,171.3056632128981,7.137735967204088
society,26,171.10668603826906,6.581026386087272
modern,21,170.95467093522535,8.140698615963112
heard,27,170.27810547547244,6.306596499091572
information,26,170.26709340823675,6.548734361855259
children,25,170.26208021097688,6.810483208439075
sense,28,170.21374095029043,6.079062176796087
needed,22,170.0405278382837,7.729114901740169
hard,21,169.26762180480307,8.06036294308586
hand,33,168.89010235649835,5.117881889590859
second,26,168.84282768056306,6.493954910790887
bill,19,168.65267386029012,8.876456518962637
except,21,168.1936402476457,8.009220964173604
call,21,167.95985452217042,7.9980883105795435
act,24,167.45475877723632,6.97728161571818
labor,21,167.33865647182247,7.968507451039166
times,27,167.19521883917946,6.192415512562202
office,22,166.7901417922284,7.581370081464928
total,24,166.64696049313662,6.943623353880692
division,20,165.78689802148392,8.289344901074196
coming,19,165.0945926476796,8.68918908671998
situation,22,164.55646688995998,7.47983940408909
help,24,164.50675058315446,6.854447940964769
keep,25,164.30418877135742,6.572167550854297
paid,19,164.2054964226302,8.642394548559485
room,32,164.1341444746665,5.129192014833328
makes,20,163.8766456450925,8.193832282254625
soon,19,163.5665865050439,8.608767710791783
question,22,162.8328870364068,7.401494865291218
gone,25,162.55859848719615,6.502343939487846
sound,19,162.07870779232516,8.530458304859218
plan,21,161.82923899257983,7.706154237741897
section,23,161.5988730010943,7.026037956569317
living,20,161.5486368742648,8.077431843713239
prepared,18,161.4467530582842,8.969264058793566
body,22,160.92535581652902,7.314788900751319
car,23,160.6680351626409,6.985566746201778
outside,18,160.30061599730928,8.905589777628293
type,21,159.67268632394018,7.603461253520961
themselves,24,159.62918078920814,6.651215866217005
hands,24,158.92433170678657,6.621847154449441
pay,21,158.9184056182116,7.567543124676743
report,21,158.54650396400513,7.549833522095482
union,22,158.44716984448567,7.202144083840258
talk,19,157.96046866619434,8.313708877168123
hear,22,157.73839842486322,7.169927201130147
says,21,157.57815872779045,7.503721844180498
support,20,156.9096311120205,7.845481555601024
kennedy,23,156.88916388591167,6.821267995039638
lay,19,156.82279792603933,8.253831469791544
waiting,17,156.70357672806554,9.21785745459209
market,19,156.63762036046631,8.244085282129806
statement,19,156.5557345414497,8.239775502181564
economic,22,156.00951607901033,7.091341639955015
six,20,155.38695688738406,7.769347844369203
morning,27,155.35206771059728,5.753780285577677
force,21,155.31921292635982,7.396152996493325
william,18,155.26579243501877,8.625877357501043
friends,20,155.25798211617774,7.762899105808887
states,63,154.99112852727998,2.4601766432901586
english,19,154.97080778645196,8.156358304550103
third,21,154.90260937708345,7.3763147322420695
god,27,154.83519953097158,5.734637019665614
moment,29,154.79535463803037,5.337770849587255
search,16,154.46841719362695,9.654276074601684
late,20,154.20466154054742,7.710233077027371
problems,19,154.05555836240117,8.10818728223164
meeting,18,153.92005305497102,8.551114058609501
shall,21,153.7070225068869,7.319382024137471
complete,19,153.62266669312817,8.08540351016464
done,28,153.1648071683828,5.470171684585099
accepted,17,153.062278433845,9.003663437284999
taken,27,152.89899634412535,5.662925790523161
hours,23,152.63191126879755,6.636170055165111
immediately,17,151.9330835412962,8.937240208311541
aj,18,151.88441871725746,8.438023262069859
cannot,21,151.87341511210653,7.232067386290787
tell,22,150.88045224974684,6.858202374988493
list,19,150.84420056057925,7.939168450556803
international,18,150.46813044839868,8.359340580466593
run,20,150.41735164407427,7.520867582203714
method,19,150.23727893538214,7.907225207125376
reached,20,150.00566326373004,7.500283163186502
officers,17,149.66990974029275,8.804112337664279
college,25,149.66682987462713,5.986673194985085
meant,17,149.56498381400468,8.797940224353216
view,23,149.38211806388767,6.494874698429899
near,19,149.31602151887904,7.858737974677844
methods,18,148.92455760494985,8.273586533608325
developed,19,148.65340147467114,7.823863235509007
full,19,148.60602903540337,7.821369949231756
turn,21,148.45504222798297,7.069287725142046
spirit,19,147.68867343549005,7.773088075552107
led,17,147.64157137597266,8.684798316233685
actually,18,147.3544439273915,8.186357995966194
foreign,18,147.3305222166977,8.185029012038761
mentioned,16,146.70055927882507,9.168784954926567
nature,20,146.53795858268046,7.326897929134023
field,21,146.20801737111617,6.962286541481722
months,18,146.01367865291735,8.111871036273186
inside,17,145.1019074642061,8.535406321423888
cut,17,144.8056503574389,8.517979432790524
written,20,144.61815847116736,7.230907923558368
change,19,144.40659770138342,7.600347247441232
example,28,144.34018076496739,5.155006455891693
george,17,144.04702896282262,8.473354644871918
process,21,143.45983837434954,6.831420874969026
fell,16,143.32154528223592,8.957596580139745
private,17,143.09071313092227,8.417100772407192
education,21,142.09628745644784,6.766489878878469
play,18,141.66870500634846,7.870483611463803
blue,16,141.4459543301376,8.8403721456336
personal,19,141.05432477764876,7.423911830402567
added,18,140.9864312601955,7.832579514455306
ten,16,140.94658967780418,8.809161854862761
worked,17,140.8580378020286,8.285766929531095
stage,19,140.81586053658333,7.4113610808728065
committee,21,140.80240608935267,6.704876480445366
trouble,18,140.6746223325602,7.815256796253345
law,22,140.43477104131068,6.38339868369594
friend,19,140.30954593301223,7.384712943842749
past,21,140.04216873285517,6.668674701564532
stopped,16,139.9567955078382,8.747299719239887
churches,16,139.84169949036456,8.740106218147785
stood,17,139.7775612921965,8.222209487776265
sure,27,139.58042596068532,5.169645405951308
figure,17,139.2532946921938,8.1913702760114
winter,15,139.20980014096253,9.280653342730835
wife,22,139.09076209745078,6.322307368065944
recent,20,139.0875182569741,6.954375912848706
truth,18,138.85764961181002,7.714313867322779
job,22,138.8352474954535,6.310693067975159
chance,18,138.7795407345699,7.709974485253884
rules,17,138.5570711770472,8.150415951591011
provide,19,138.4433643798965,7.286492862099816
former,16,138.1013440128134,8.631334000800837
looking,17,137.9965456523139,8.117443861900817
miss,17,136.94209106296344,8.055417121350791
plus,14,136.8611645426551,9.775797467332508
true,19,136.73300211730236,7.196473795647493
result,24,136.510750574297,5.687947940595708
move,19,136.49445220007232,7.183918536845911
live,20,136.3974325516622,6.81987162758311
organization,17,136.2465395889163,8.014502328759782
won,14,135.94878632529415,9.710627594663867
tried,17,135.7121404269051,7.983067083935595
secretary,19,135.70901590163717,7.142579784296693
heat,14,135.67209624084904,9.690864017203504
student,16,135.51676639130892,8.469797899456807
expected,20,135.27993507922827,6.763996753961413
solid,14,135.0206478703843,9.644331990741735
seem,20,134.93605361604884,6.746802680802442
discussion,14,134.8741288887971,9.633866349199792
step,17,134.49443710205992,7.91143747659176
experience,19,134.34648054750403,7.070867397237055
trying,17,134.2406971052455,7.896511594426205
suggested,15,134.17587671956997,8.94505844797133
community,18,134.16688640455888,7.453715911364382
single,21,134.12808133311302,6.387051492053001
police,16,133.83280255357602,8.364550159598501
maybe,17,133.7315944097065,7.866564377041559
position,17,133.58258922886114,7.857799366403596
production,15,133.4622750454975,8.897485003033166
major,19,133.32001144513592,7.016842707638733
russian,13,133.1762962895358,10.244330483810446
low,18,133.1461736420297,7.397009646779428
appeared,15,132.8844809696625,8.8589653979775
difficulty,14,132.7169629618172,9.479783068701227
volume,18,132.6658149730369,7.3703230540576055
note,16,132.60557017000903,8.287848135625564
already,19,132.51728619439103,6.974594010231107
army,18,132.34955389206684,7.352752994003713
kept,17,132.21440173717068,7.777317749245334
mind,25,132.18380567795208,5.287352227118083
idea,20,131.63522253736127,6.581761126868064
civil,16,131.42143665216625,8.21383979076039
units,15,130.98167108994147,8.732111405996099
earth,18,130.9175606727712,7.273197815153956
king,15,130.65535562663334,8.710357041775556
person,18,130.65502581928743,7.258612545515969
center,20,130.6382379190101,6.531911895950505
week,24,130.27707867792375,5.428211611580156
wish,19,130.18868229627705,6.852035910330371
drink,16,130.03919037084714,8.127449398177946
federal,19,129.77549526037146,6.830289224230077
wanted,20,129.74764194245364,6.487382097122682
son,18,129.69619005921788,7.205343892178771
evidence,18,129.43359234279035,7.190755130155019
theory,15,129.0697423830764,8.604649492205093
further,16,128.89657463670716,8.056035914794197
role,16,128.85316783044786,8.053322989402991
soviet,15,128.82100109934964,8.588066739956643
following,17,128.77865764922075,7.575215155836514
wide,15,128.52148504567666,8.568099003045111
returned,17,128.01443733567334,7.53026101974549
freedom,14,127.95630914122701,9.139736367230501
difference,17,127.92645993740884,7.525085878671108
separate,14,127.85027661349258,9.13216261524947
read,15,127.80670056323227,8.520446704215484
continued,15,127.77952235046195,8.51863482336413
wrote,17,127.54677335998392,7.502751374116701
training,15,127.5083331346337,8.500555542308913
word,22,127.28383753785901,5.785628978993592
answer,16,127.27655781597909,7.954784863498693
basic,16,126.82797214627337,7.9267482591420855
wants,15,126.82198413508569,8.454798942339046
selected,13,126.76141775949358,9.750878289191814
feel,20,126.65660334798568,6.332830167399284
progress,15,126.57073321737059,8.43804888115804
suddenly,14,126.52562695144748,9.037544782246249
herself,15,126.43228580461873,8.428819053641249
sometimes,16,126.21949082924205,7.888718176827628
performance,15,126.13782107827801,8.4091880718852
reasons,16,125.83520326449316,7.8647002040308225
democratic,14,125.69642430621408,8.978316021872434
robert,15,125.1085001490607,8.340566676604046
seems,17,124.38138399679798,7.3165519998116455
language,14,124.29024985090427,8.877874989350305
costs,18,124.26173055616894,6.903429475342719
district,15,124.2027773069388,8.28018515379592
girls,14,124.00169775290965,8.857264125207832
university,21,123.94901722104895,5.902334153383284
cousin,13,123.93715691472521,9.533627454978863
places,15,123.3520975633929,8.223473170892861
brown,15,123.32597925478174,8.221731950318782
poor,14,123.04005827505046,8.788575591075032
data,16,123.0176276867582,7.688601730422388
seven,14,122.94869749105627,8.782049820789734
quality,14,122.6859397034161,8.763281407386865
western,16,122.64995698166494,7.665622311354059
stand,16,122.57634366839555,7.661021479274722
dark,15,122.54867797109294,8.169911864739529
entirely,16,122.47294326326926,7.654558953954329
conditions,17,122.4129113965187,7.200759493912864
growth,17,122.31107765290807,7.194769273700475
officer,16,122.25521298105372,7.640950811315857
shot,14,122.1512409108044,8.72508863648603
clothes,14,122.07795687469088,8.71985406247792
subject,16,121.99790285616723,7.624868928510452
region,14,121.96228890667226,8.711592064762304
spring,15,121.7441163475436,8.116274423169573
london,14,121.71908356063668,8.69422025433119
cost,19,121.62307452111789,6.401214448479888
capital,15,121.44402998535823,8.096268665690548
whether,18,121.39083227032349,6.743935126129083
cases,23,121.27686877643342,5.272907338105801
taking,14,121.27444488263221,8.662460348759444
land,17,121.26400100302526,7.133176529589721
heavy,13,121.04305797980953,9.311004459985348
terms,17,120.93610095608196,7.1138882915342325
leadership,13,120.90313493558055,9.300241148890812
comes,15,120.89725237466986,8.059816824977991
pattern,15,120.68198749471476,8.045465832980984
worth,13,120.42185498084686,9.263219613911296
treatment,14,120.42059303619214,8.601470931156582
arrived,13,120.39995105288841,9.261534696376032
direction,14,120.25511469389596,8.589651049563997
department,17,120.21716064426046,7.071597684956497
index,14,119.91178708342082,8.565127648815773
administration,23,119.91114681919724,5.213528122573793
knowledge,15,119.73271528499959,7.982181018999972
indeed,14,119.65672437707111,8.546908884076508
visit,15,119.52758870580966,7.968505913720644
works,13,119.5051913778838,9.192707029067986
leaving,14,119.49297293915507,8.53521235279679
particular,19,119.42050491495935,6.285289732366282
understand,17,119.39154263165253,7.0230319195089725
east,17,119.18369553646922,7.010805619792307
town,15,119.17309748064488,7.944873165376325
getting,15,119.11025978482421,7.940683985654947
speak,16,119.03159802917224,7.439474876823265
art,16,119.00532707474225,7.437832942171391
trade,15,118.61553704191,7.907702469460667
carefully,13,118.3265493738769,9.102042259528993
heart,16,118.31446739392759,7.394654212120474
red,14,118.3125372797587,8.450895519982764
trial,15,118.27035890832322,7.884690593888214
rate,19,118.02783813863095,6.2119914809805765
teeth,14,117.99127756550824,8.427948397536303
dance,13,117.9315754912053,9.071659653169638
considered,17,117.85614504365132,6.93271441433243
space,17,117.8410248260345,6.931824989766735
changes,15,117.7807943828547,7.852052958856979
similar,15,117.68411850454827,7.845607900303218
military,15,117.62114903878042,7.841409935918694
square,15,117.59143231631934,7.839428821087956
short,16,117.49467905148109,7.343417440717568
gun,15,117.23641338871133,7.815760892580755
party,17,117.23033676307298,6.895902162533705
walk,13,117.15760002085523,9.012123078527326
leader,13,117.15058982447842,9.011583832652185
direct,13,116.94675142727903,8.99590395594454
musical,12,116.92385648391263,9.74365470699272
using,13,116.92367443645955,8.99412880280458
facilities,13,116.76550692788419,8.981962071375706
america,20,116.70335921319322,5.835167960659661
whom,17,116.59520977024495,6.858541751190879
walked,17,116.35510945370302,6.844418203159002
population,16,116.14637912746838,7.259148695466774
effort,16,116.08636744708318,7.2553979654426985
southern,14,116.05734090004256,8.289810064288755
dead,15,115.9489779033845,7.7299318602256335
series,16,115.7911880108133,7.236949250675831
clearly,14,115.73721620443848,8.266944014602748
believe,17,115.44268005105212,6.790745885356007
current,13,115.37799402435235,8.875230309565564
inches,17,115.22759753689338,6.778093972758434
moral,13,115.22055111600113,8.863119316615471
particularly,14,115.1425617195507,8.224468694253622
road,16,115.11959480480603,7.194974675300377
care,17,114.96693777050255,6.762761045323679
saying,15,114.87842745156851,7.658561830104568
french,15,114.79298046902242,7.652865364601495
actual,12,114.77589846139958,9.564658205116631
forces,16,114.40065128759967,7.1500407054749795
higher,13,114.18454668344542,8.78342666795734
clear,16,114.03913575142842,7.127445984464276
somewhat,13,113.87979547317094,8.759984267166995
jack,12,113.69749055694164,9.474790879745138
requirements,13,113.67768704665167,8.744437465127051
proved,12,113.67425161693782,9.472854301411486
popular,14,113.60389999692526,8.114564285494662
charles,13,113.59085882086976,8.737758370836135
faith,15,113.45786566753104,7.563857711168736
lived,13,113.45040284960166,8.726954065353974
class,15,113.38535028041139,7.559023352027426
according,13,113.34733967732107,8.719026129024698
anyone,14,113.14128902469687,8.081520644621206
relatively,12,113.0605107548148,9.4217092295679
difficult,17,112.98389653954777,6.646111561149869
arms,14,112.83741588079263,8.059815420056617
chief,14,112.82580981999176,8.058986415713697
technical,14,112.75334331490252,8.053810236778752
devoted,11,112.7050455239296,10.245913229448146
lack,13,112.47318758822377,8.651783660632598
concerned,13,112.46687591931334,8.651298147639487
standing,12,112.4264604407269,9.368871703393909
street,19,112.33837863212214,5.912546243795902
front,19,112.31783647344037,5.911465077549493
effective,14,112.11372688268047,8.00812334876289
funds,13,112.10555620996753,8.623504323843656
reaction,13,112.00886748248087,8.616066729421606
marked,12,111.92664149123802,9.327220124269834
entire,18,111.7561341073238,6.208674117073545
administrative,11,111.73551170889849,10.157773791718045
services,16,111.63069677583441,6.9769185484896505
table,18,111.56064615396174,6.197813675220097
included,13,111.31671887495108,8.562824528842391
share,13,111.22447357735066,8.555728736719281
thinking,13,111.22121556398018,8.555478120306168
fear,13,111.18581412594294,8.552754932764842
radio,13,111.0432689913993,8.541789922415331
basis,18,110.96838459944968,6.164910255524982
degree,16,110.85785221083346,6.928615763177091
pool,13,110.78277267833994,8.521751744487688
death,15,110.64247848305465,7.376165232203643
hundred,19,110.62136714937202,5.822177218388001
readers,10,110.31533002905158,11.031533002905158
rise,13,110.28636321014376,8.483566400780289
cause,12,110.19630182450231,9.183025152041859
fair,12,110.18581545827249,9.182151288189374
doing,15,110.05308554003359,7.336872369335572
citizens,12,109.84705219367115,9.153921016139263
involved,13,109.8469922268139,8.449768632831837
firm,12,109.78058066869747,9.148381722391456
oil,13,109.73325549038185,8.441019653106297
blood,14,109.65754033991892,7.832681452851352
bridge,14,109.60190095421699,7.828707211015499
fast,13,109.18794747991825,8.399072883070634
normal,12,109.13396783968311,9.094497319973593
book,15,109.07092481047971,7.271394987365314
strength,13,108.74393369826794,8.364917976789842
fine,14,108.41301949121195,7.74378710651514
institutions,14,108.40472879196952,7.7431949137121086
medical,13,108.37798635233715,8.336768180949012
wright,10,108.24806028678121,10.824806028678122
fire,13,107.8279497955975,8.294457676584424
piece,14,107.82576812299904,7.701840580214217
summer,15,107.80002770078681,7.186668513385787
supply,13,107.77010110789703,8.29000777753054
described,13,107.75367322330952,8.288744094100732
afternoon,16,107.74656943737766,6.734160589836104
regard,13,107.65780229836537,8.281369407566567
whatever,12,107.62077091890606,8.968397576575505
points,16,107.61378904277394,6.725861815173372
membership,11,107.60743226379141,9.782493842162856
attack,13,107.5216410753414,8.270895467333954
hold,14,107.50791402904535,7.679136716360382
natural,13,107.39242054511199,8.260955426547076
exactly,12,107.16770191196427,8.930641825997023
produced,12,107.05306283405022,8.921088569504185
association,15,107.00294079298111,7.133529386198741
slowly,13,106.9042543674274,8.2234041821098
results,13,106.89842982758246,8.222956140583266
wall,13,106.83388395728767,8.217991073637513
speed,13,106.78500079345723,8.21423083026594
member,17,106.70529127430761,6.276781839665154
followed,13,106.7048205634046,8.208063120261892
directly,12,106.60370153186068,8.883641794321724
starting,11,106.57653035462391,9.688775486783992
enemy,13,106.38448745423456,8.183422111864196
captain,11,106.36696208541748,9.669723825947043
hair,14,106.17883883494316,7.5842027739245115
obviously,13,106.08676771714089,8.160520593626222
board,21,105.84288800080762,5.0401375238479815
entered,13,105.84066966347378,8.141589974113367
answers,10,105.57573324986414,10.557573324986414
designed,12,105.40142602466017,8.78345216872168
significance,11,105.40088856551577,9.581898960501434
due,13,105.14328380945874,8.087944908419903
realize,12,105.12407388620953,8.760339490517461
ends,11,105.07382659448578,9.552166054044163
events,12,105.06272653889624,8.755227211574686
plane,13,105.06209269678051,8.081699438213885
fall,12,104.9713154389684,8.747609619914034
ready,14,104.88938354834578,7.492098824881841
connection,14,104.87745836941338,7.491247026386669
practice,11,104.87737888342286,9.534307171220261
relief,11,104.46711068920514,9.497010062655013
sufficient,10,104.43301033989216,10.443301033989217
generally,13,104.36396648990899,8.027997422300691
gives,13,104.1207422445573,8.009287864965946
passed,13,104.00208271360069,8.000160208738514
hit,11,103.98770538458879,9.453427762235345
smaller,10,103.67981236451226,10.367981236451225
opening,12,103.66066723406438,8.638388936172031
spanish,10,103.60968113679999,10.360968113679998
unity,13,103.58267249997438,7.967897884613413
column,12,103.58266539263697,8.631888782719747
thin,12,103.5467725475042,8.628897712292018
discussed,12,103.39077353555939,8.61589779462995
color,13,103.32814116363758,7.948318551049045
remains,12,103.13100097978105,8.59425008164842
apparently,11,103.06446010090482,9.369496372809529
future,14,102.97956464789307,7.3556831891352195
headquarters,11,102.85770640744738,9.350700582495216
character,12,102.60974210208946,8.550811841840789
naturally,11,102.58153383290703,9.32559398480973
river,18,102.42289036096093,5.690160575608941
buildings,11,102.37722684131542,9.307020621937765
narrow,11,102.3319219822379,9.302901998385265
justice,14,102.30220756920468,7.307300540657478
dried,10,102.18052168994383,10.218052168994383
attention,12,102.16042339044132,8.51336861587011
merely,12,101.8048080532162,8.483734004434684
energy,14,101.63448918465558,7.259606370332541
signs,10,101.6092139543983,10.16092139543983
variety,14,101.51273720650173,7.250909800464409
significant,11,101.45652416612586,9.223320378738714
stated,13,101.22873243217019,7.786825571705399
complex,13,101.12879958616239,7.779138429704799
claim,13,101.11837730697569,7.778336715921207
month,17,101.08397212485333,5.946116007344314
myself,13,101.04421588534096,7.772631991180074
pair,11,100.90610351973282,9.17328213815753
building,12,100.87612007696738,8.406343339747282
newspaper,11,100.80756545735389,9.164324132486717
status,14,100.78327271040547,7.198805193600391
jazz,11,100.63792466050569,9.148902241864153
beginning,14,100.51595828474171,7.17971130605298
letters,11,100.51047169531626,9.137315608665114
start,14,100.42479512959373,7.173199652113838
remained,12,100.36861899887325,8.364051583239437
age,18,100.27829308766353,5.571016282647974
individual,14,100.25665128346375,7.161189377390268
met,14,100.1487935048622,7.1534852503473
standards,11,100.10799137469336,9.100726488608487
british,13,99.98356432524508,7.691043409634237
below,14,99.68264875405539,7.1201891967182425
black,12,99.09985960297334,8.258321633581112
attitude,11,99.0460000723364,9.004181824757854
bad,11,98.9359339806639,8.994175816423992
glass,11,98.87007918362002,8.98818901669273
agreed,11,98.73598869744106,8.975998972494642
poetry,11,98.64863867692016,8.968058061538196
wilson,11,98.61817403616567,8.965288548742334
pressure,13,98.61392997615295,7.585686921242535
previous,11,98.56752439316736,8.960684035742487
stay,13,98.34517655090563,7.565013580838895
shows,12,98.27843393189694,8.189869494324745
style,11,98.24606689845845,8.931460627132587
moving,11,97.99030475396663,8.908209523087875
mouth,14,97.98540237997645,6.9989573128554605
rolled,10,97.92811923361496,9.792811923361496
least,34,97.82024278242329,2.8770659641889202
playing,12,97.54121711039147,8.128434759199289
louis,10,97.36149764989122,9.736149764989122
earlier,14,97.33742157109953,6.952672969364252
forms,14,97.24643627072776,6.946174019337697
structure,12,97.21277269297056,8.10106439108088
finally,13,97.15407594324559,7.473390457172737
asking,10,97.08689742342594,9.708689742342594
hot,11,96.97087165032013,8.81553378639274
san,11,96.94982237913365,8.813620216284876
apart,10,96.80169877082889,9.68016987708289
unique,10,96.6377956875758,9.66377956875758
mean,18,96.57221821181125,5.365123233989514
closed,10,96.55629432541696,9.655629432541696
plays,10,96.52614228719438,9.652614228719438
values,12,96.4860676777965,8.040505639816375
professor,10,96.47824669530087,9.647824669530086
hotel,13,96.4527466037028,7.419442046438677
research,13,96.44669968914721,7.41897689916517
carried,12,96.37177020829004,8.030980850690836
revolution,13,96.28936241994434,7.406874032303411
items,10,96.24226992460669,9.624226992460668
usually,13,96.21859408575651,7.401430314288962
account,12,96.15016021539769,8.012513351283141
thomas,11,96.06746765798566,8.733406150725969
discover,10,96.02364157998217,9.602364157998217
enter,11,96.01135184802737,8.728304713457034
sent,12,95.96253935975984,7.996878279979987
require,12,95.93294700694894,7.994412250579078
dropped,11,95.82604358482818,8.711458507711653
poem,10,95.820857866025,9.5820857866025
meet,14,95.77159620243206,6.840828300173719
pleasant,9,95.6039214454391,10.622657938382122
influence,12,95.54821169308013,7.9623509744233445
aid,15,95.5021804920959,6.3668120328063935
behavior,11,95.47172760077079,8.679247963706436
equipment,14,95.37587560953273,6.812562543538052
tongue,9,95.32709088670534,10.591898987411703
twenty,10,95.16756558320516,9.516756558320516
appearance,10,95.0022144465494,9.50022144465494
platform,12,94.9000109647671,7.908334247063926
size,11,94.8110702978871,8.619188208898827
level,18,94.6446583466969,5.258036574816495
declared,10,94.60820334165989,9.460820334165989
county,13,94.55466685564816,7.2734359119729355
schools,14,94.52160556847352,6.751543254890966
analysis,13,94.47965700374455,7.267665923364965
million,13,94.45219181702797,7.2655532166944585
someone,10,94.43637837330955,9.443637837330956
required,12,94.1436785850187,7.845306548751559
struggle,10,94.12728084857304,9.412728084857303
bottle,12,93.87818738112571,7.823182281760476
weeks,15,93.87509482138798,6.258339654759198
appear,12,93.81656024133733,7.818046686778111
bed,12,93.79921924179047,7.816601603482539
straight,10,93.77550374273369,9.377550374273369
eight,10,93.64427602738505,9.364427602738505
yes,12,93.37889801522424,7.7815748346020195
nations,19,93.37457249459231,4.9144511839259115
mike,11,93.32427404562561,8.484024913238692
boston,10,93.31034142470358,9.331034142470358
junior,10,93.28308099337488,9.328308099337487
staff,12,93.2459899387275,7.770499161560625
showed,11,93.23228286907381,8.47566207900671
condition,11,93.20277744266527,8.472979767515024
broad,10,93.19265408112817,9.319265408112816
charge,12,93.18577430140333,7.765481191783611
limited,10,93.18061863687458,9.318061863687458
extent,15,93.17198525321787,6.211465683547858
lives,13,93.15316275532496,7.165627904255766
sought,10,93.09676701899578,9.309676701899578
battle,10,93.00016683968398,9.300016683968398
fashion,10,92.93581246856746,9.293581246856746
limits,9,92.86225482574518,10.318028313971688
neither,11,92.78670927563655,8.435155388694232
carrying,10,92.71372055453128,9.271372055453128
judgment,10,92.69321945409152,9.269321945409152
news,11,92.67189970048226,8.424718154589296
impossible,11,92.65225057403661,8.422931870366964
press,11,92.6498859699248,8.422716906356799
easily,11,92.64915423650288,8.422650385136626
industrial,12,92.63116062397363,7.719263385331136
historical,9,92.63008999181626,10.292232221312918
ground,16,92.59835096295782,5.787396935184864
cattle,10,92.53815204400631,9.253815204400631
learned,12,92.39728945829822,7.699774121524851
june,12,92.21947431397227,7.684956192831023
success,10,91.67108359501196,9.167108359501196
darkness,10,91.62440764151943,9.162440764151942
remember,11,91.61836525355713,8.328942295777921
able,16,91.55084772783019,5.721927982989387
talking,10,91.51024312610957,9.151024312610957
image,12,91.42098884495864,7.618415737079887
library,10,91.32215721787036,9.132215721787036
raised,11,91.32158489690208,8.301962263354735
placed,12,91.21162822686436,7.600969018905364
plant,11,91.16307568461589,8.287552334965081
increased,11,91.07777021596813,8.279797292360739
recently,10,91.06657264748236,9.106657264748236
examples,9,91.03629301332211,10.115143668146901
famous,11,91.01205762192274,8.273823420174795
interested,11,90.9257902365172,8.265980930592473
indicated,10,90.91443630854744,9.091443630854744
anybody,9,90.78644226066564,10.087382473407294
easy,13,90.76370218750614,6.98182324519278
sales,11,90.44911127114167,8.222646479194697
deep,11,90.05178727917804,8.186526116288913
highly,10,90.05016936626136,9.005016936626136
design,12,90.02612299110369,7.5021769159253076
path,9,89.99526231370402,9.999473590411558
agreement,12,89.99110164731836,7.499258470609863
setting,9,89.93670100626846,9.992966778474274
questions,11,89.92392795782403,8.174902541620368
countries,14,89.75111862636113,6.410794187597224
defense,14,89.68323774723784,6.405945553374131
include,12,89.60955410212071,7.467462841843393
sort,12,89.59800902412309,7.4665007520102575
issue,13,89.55880976079656,6.889139212368966
offered,10,89.5267209929638,8.95267209929638
cities,11,89.42349330709169,8.12940848246288
based,11,89.40196943930248,8.127451767209315
child,14,89.39827443020859,6.385591030729185
trees,11,89.30798260762951,8.118907509784501
started,12,89.29792962165918,7.441494135138265
religion,11,89.24004405068102,8.112731277334639
increase,13,89.18604679251646,6.860465137885882
main,11,89.09534953446548,8.099577230405954
causes,9,89.04568443414618,9.893964937127354
answered,10,89.0004016199613,8.90004016199613
de,15,88.86086116404198,5.924057410936132
stands,9,88.85587250317053,9.872874722574503
congress,11,88.82385861339178,8.07489623758107
hall,13,88.733591731859,6.825660902450692
helped,9,88.6743898027789,9.852709978086544
especially,10,88.65071970728975,8.865071970728975
father,13,88.60494181925743,6.8157647553274945
ways,14,88.5623315427227,6.325880824480193
pulled,10,88.51449708541637,8.851449708541637
built,10,88.493589119864,8.8493589119864
window,13,88.44476027484833,6.803443098065257
minutes,16,88.43643003743611,5.527276877339757
produce,10,88.41283738731872,8.841283738731871
formed,10,88.40039907907824,8.840039907907824
effects,12,88.37693149751783,7.364744291459819
daily,15,88.35624197569922,5.890416131713281
technique,10,88.34732200295296,8.834732200295296
jewish,10,88.21012278273214,8.821012278273214
communication,10,88.02869108585566,8.802869108585565
paris,11,88.00551457928854,8.000501325389868
item,9,87.83320293243669,9.759244770270744
improved,9,87.8321510007325,9.759127888970276
typical,9,87.71308736895347,9.745898596550385
settled,9,87.66186223452995,9.740206914947771
forget,9,87.6258279980222,9.736203110891356
towns,10,87.55694868011085,8.755694868011085
expressed,9,87.49804557314383,9.722005063682648
desirable,9,87.47560823496575,9.719512026107305
measure,12,87.47108964634182,7.289257470528486
break,11,87.45472893138405,7.950429902853096
studied,12,87.4239610514219,7.285330087618491
appears,11,87.41375331412408,7.946704846738553
simple,12,87.39005444438817,7.282504537032348
factors,11,87.34825551476447,7.940750501342225
forward,11,87.31838777557616,7.938035252325105
desk,10,87.28567488521252,8.728567488521252
reality,10,87.28103184061978,8.728103184061977
closely,9,87.13613926908252,9.68179325212028
throughout,10,87.13316650450149,8.71331665045015
literature,10,87.05239925789824,8.705239925789824
happened,14,87.01812486140464,6.215580347243189
decided,11,86.98197917137988,7.9074526519436255
products,12,86.85542656471745,7.237952213726454
elements,11,86.79292241577662,7.890265674161511
reference,9,86.70712902326481,9.634125447029424
opposite,8,86.65367883800559,10.831709854750699
sea,11,86.63550616564282,7.875955105967529
average,13,86.57691696386533,6.659762843374256
central,10,86.50102681023147,8.650102681023146
director,11,86.49599292693527,7.863272084266843
shown,14,86.41129296704835,6.172235211932025
senator,8,86.3519952848676,10.79399941060845
cool,9,86.32366680622968,9.59151853402552
numbers,11,86.23304422812079,7.8393676571018895
demand,10,86.16464326628562,8.616464326628563
twice,10,86.13399579644266,8.613399579644266
faculty,9,86.12805119338107,9.56978346593123
comment,8,85.94246898375242,10.742808622969052
feed,13,85.83525055485677,6.602711581142828
specific,9,85.80008770604906,9.533343078449896
band,10,85.7153940891309,8.57153940891309
secret,10,85.71042489150503,8.571042489150503
grant,9,85.57522084788843,9.508357871987604
serious,11,85.5533247450919,7.7775749768265365
christian,10,85.47772101204922,8.547772101204922
subjects,9,85.41421548521377,9.490468387245976
interior,10,85.21863848071061,8.52186384807106
needs,10,85.1418987859118,8.51418987859118
plans,9,85.11630334816223,9.457367038684692
willing,10,85.06093711048668,8.506093711048667
approval,9,84.99923436122889,9.444359373469876
standard,10,84.96936210310965,8.496936210310965
proper,10,84.91513866436635,8.491513866436636
persons,11,84.89598881100478,7.717817164636799
november,11,84.807591775595,7.709781070508637
turning,9,84.77059367828744,9.418954853143049
surprised,10,84.71726164421237,8.471726164421238
dust,10,84.61821938728241,8.46182193872824
housing,10,84.6132570852434,8.46132570852434
coffee,9,84.55592451172333,9.395102723524815
successful,9,84.46599676229106,9.385110751365673
superior,8,84.19238247592168,10.52404780949021
reaching,8,84.15589659871874,10.519487074839843
determine,12,84.03418949141638,7.002849124284698
floor,14,84.00429627397997,6.000306876712855
sherman,8,83.93028659410034,10.491285824262542
eye,12,83.88427556740527,6.990356297283772
feeling,11,83.86099203219929,7.623726548381754
anywhere,8,83.81363853932294,10.476704817415367
vast,9,83.79560477767616,9.31062275307513
drive,9,83.78518685007603,9.309465205564003
laid,9,83.72216044685464,9.302462271872738
certainly,9,83.60380761160735,9.28931195684526
removed,10,83.48003354805992,8.348003354805993
ship,11,83.42930317312383,7.584482106647621
writers,9,83.26404784954512,9.25156087217168
operating,9,83.24545322853106,9.249494803170117
cold,11,83.23368153882616,7.56669832171147
tendency,9,83.13210445424693,9.236900494916325
brief,10,82.99684165816996,8.299684165816995
played,10,82.86472692867166,8.286472692867166
activity,9,82.84847823097606,9.20538647010845
substantial,9,82.76663788276716,9.19629309808524
sun,12,82.7295676656542,6.8941306388045165
personnel,9,82.71689894729779,9.190766549699754
march,11,82.65659395415007,7.5142358140136425
existence,10,82.63196729885738,8.263196729885738
noted,9,82.62765901547897,9.180851001719885
radiation,10,82.51967557807193,8.251967557807193
lead,10,82.42623564981288,8.242623564981288
providence,10,82.38340567806966,8.238340567806967
expression,9,82.35739393721275,9.150821548579195
balance,11,82.33519639997708,7.485017854543371
properties,9,82.28786000524892,9.143095556138768
happy,10,82.25392971035188,8.225392971035188
proposed,9,82.24562736284965,9.138403040316627
sleep,9,82.20072910742508,9.133414345269452
experiences,8,82.0995124612088,10.2624390576511
completely,10,81.85674221274432,8.185674221274432
score,9,81.85073904087744,9.094526560097494
electrical,8,81.81716389949493,10.227145487436866
japan,8,81.81513577706681,10.226891972133352
property,12,81.66889783674715,6.805741486395596
latter,12,81.52426180914104,6.793688484095086
finished,9,81.47958039776655,9.05328671086295
relations,10,81.22035935329718,8.122035935329718
powerful,9,81.1695509361885,9.018838992909833
ask,10,81.13950939202704,8.113950939202704
follow,10,81.06508291581476,8.106508291581475
ring,8,81.04463617933835,10.130579522417294
communist,10,80.96466186778432,8.096466186778432
tax,11,80.91986725749275,7.356351568862977
sexual,8,80.88452717962504,10.11056589745313
function,10,80.69155891621665,8.069155891621666
hell,11,80.68241630073295,7.33476511824845
giving,9,80.65458469371168,8.961620521523521
orchestra,8,80.63300776865356,10.079125971081695
speaker,8,80.6109757699463,10.076371971243287
discovered,9,80.56520201232843,8.951689112480937
dictionary,8,80.54613652032224,10.06826706504028
holds,8,80.51961351433923,10.064951689292403
guard,10,80.49976325672077,8.049976325672077
gas,10,80.41646359925171,8.04164635992517
rapidly,10,80.38429943206754,8.038429943206754
unit,11,80.37608981508252,7.306917255916593
employees,9,80.28396845941144,8.920440939934604
bible,10,80.25385872975266,8.025385872975267
sat,11,80.23703084515736,7.294275531377942
created,10,80.21799095530929,8.021799095530929
exercise,9,80.19097916468917,8.910108796076575
editor,14,80.1243313357748,5.723166523983914
gross,11,80.00395312767604,7.273086647970549
frequently,10,80.00381955911418,8.000381955911418
strange,9,79.9979196773095,8.888657741923277
closing,7,79.96439677216182,11.423485253165975
policies,10,79.94490474105804,7.994490474105804
provides,9,79.93006608063982,8.881118453404424
figures,9,79.85716392261216,8.873018213623574
attorney,12,79.77860446637513,6.648217038864594
characteristics,9,79.76262324869337,8.862513694299263
appropriate,9,79.61540966717637,8.846156629686263
base,10,79.61089914057278,7.961089914057278
enjoyed,9,79.60812193127535,8.845346881252816
considerable,10,79.4495388395872,7.94495388395872
represents,8,79.39471553491273,9.924339441864092
aside,8,79.31610879630432,9.91451359953804
india,10,79.27109325982016,7.927109325982016
rock,10,79.18195840132738,7.9181958401327375
writing,9,78.96321197225376,8.773690219139306
picture,11,78.95975457818258,7.178159507107508
politics,9,78.90622801469371,8.767358668299302
empirical,7,78.90478163385743,11.272111661979633
tangent,7,78.76460053932418,11.252085791332025
nine,8,78.7443154190924,9.84303942738655
beautiful,9,78.74064082334753,8.74896009148306
roman,8,78.73652774709076,9.842065968386345
fingers,9,78.70239929090951,8.744711032323279
july,9,78.69088655011589,8.743431838901765
identity,8,78.67449423536861,9.834311779421077
caused,9,78.62424074450925,8.736026749389916
movement,10,78.38598769575034,7.838598769575034
add,9,78.25251878362087,8.694724309291209
believes,8,78.21435768453276,9.776794710566595
christ,11,78.20428513432844,7.109480466757131
older,8,78.16079487534603,9.770099359418253
elections,8,78.12773665067967,9.765967081334958
application,8,78.09264817405685,9.761581021757106
filled,9,78.06551592514221,8.67394621390469
provided,9,78.04478916427894,8.671643240475438
perfect,8,78.01524879372317,9.751906099215397
kitchen,10,78.00133862435423,7.800133862435423
criminal,7,77.91172680459285,11.130246686370407
test,9,77.87597304799286,8.652885894221429
phil,9,77.81485208252957,8.646094675836618
beside,9,77.7882106003665,8.643134511151834
greatest,11,77.73176439406532,7.06652403582412
programs,10,77.71276653462311,7.771276653462311
essential,9,77.64637080706231,8.627374534118035
talked,8,77.54962668477376,9.69370333559672
agree,8,77.4723806763975,9.684047584549688
content,8,77.46671811245741,9.683339764057177
fiscal,11,77.46352077095683,7.0421382519051665
purpose,9,77.38355141176017,8.598172379084463
offer,8,77.33026811740879,9.666283514676099
else,20,77.30917378317275,3.8654586891586376
don,7,77.1600962027874,11.022870886112486
essentially,8,77.15057341327243,9.643821676659053
save,9,77.06628343676105,8.56292038186234
roads,9,77.05004081235668,8.56111564581741
caught,9,77.01616478919374,8.557351643243749
sir,8,76.99807441210558,9.624759301513198
orders,8,76.94594093557122,9.618242616946402
aware,11,76.78316640566331,6.9802878550603005
manner,11,76.68265217569693,6.97115019779063
suspicion,7,76.56326725739355,10.937609608199079
goes,8,76.49308684984153,9.561635856230192
rose,8,76.37500035781429,9.546875044726786
bid,7,76.3547933456329,10.9078276208047
rome,10,76.28281618657044,7.628281618657044
usual,11,76.24153178216879,6.931048343833527
film,10,76.23097844143383,7.623097844143383
approach,9,76.18408141459578,8.464897934955086
covers,8,76.17766143643041,9.522207679553802
try,11,76.12546320470142,6.920496654972856
hoped,8,76.09668609305875,9.512085761632344
middle,10,76.09568790871185,7.609568790871185
killing,7,76.05810528358637,10.86544361194091
season,10,76.04749421835169,7.6047494218351686
material,10,75.96218489800435,7.596218489800435
abandoned,7,75.89001984500614,10.841431406429448
texas,8,75.86774066416413,9.483467583020516
claims,8,75.74086582684507,9.467608228355633
anne,8,75.67507400764593,9.459384250955742
parker,8,75.61413838501942,9.451767298127427
writer,9,75.57416942800596,8.397129936445106
operations,8,75.53767315339823,9.442209144174779
foam,7,75.5114491920885,10.787349884584073
favor,9,75.45506196191837,8.383895773546486
confusion,7,75.44801325369416,10.778287607670594
sin,9,75.44225863247583,8.382473181386203
dog,9,75.4023392202915,8.378037691143499
boats,8,75.3620531097755,9.420256638721938
term,8,75.32524917652748,9.415656147065935
reduce,10,75.27832355601164,7.527832355601165
related,10,75.14401198650906,7.514401198650906
quick,8,75.04040734081902,9.380050917602377
dollars,14,75.03740450434941,5.359814607453529
danger,8,75.0095413876066,9.376192673450825
hearing,8,74.87428941983511,9.359286177479389
fourth,9,74.87054980851296,8.318949978723662
review,9,74.85826431328667,8.317584923698519
court,17,74.79133006764408,4.399490003979063
allow,9,74.75690027676194,8.30632225297355
involves,8,74.71982245478,9.3399778068475
onto,8,74.67276675929463,9.334095844911829
bright,9,74.5887076101553,8.287634178906144
entitled,8,74.5318406783462,9.316480084793275
repeated,7,74.52440447794201,10.646343496848859
activities,9,74.51426797620213,8.279363108466903
amount,13,74.50307817666118,5.7310060135893215
affairs,11,74.49672139376085,6.772429217614623
served,9,74.45717898857623,8.273019887619581
alive,8,74.45667822455859,9.307084778069823
pointed,8,74.43301163967982,9.304126454959977
club,10,74.35265864842101,7.435265864842101
affect,7,74.32259893402465,10.617514133432094
parties,8,74.23441799863315,9.279302249829144
code,7,74.21860152635175,10.602657360907392
nearly,9,74.1552924794892,8.239476942165467
projects,9,74.14438752248834,8.238265280276483
longer,17,74.1202700111794,4.360015883010553
pain,9,74.1030812301446,8.233675692238288
looks,9,74.01549155446746,8.22394350605194
fixed,10,73.9929158577362,7.39929158577362
german,9,73.98709520841619,8.220788356490688
horse,10,73.95269364108908,7.395269364108908
enthusiastic,7,73.86332114336146,10.551903020480209
charged,7,73.86178819328947,10.551684027612781
final,10,73.79820429257366,7.379820429257366
germany,12,73.7755683376042,6.147964028133683
rates,12,73.63998272697616,6.136665227248013
sky,9,73.58097964224133,8.175664404693482
audience,10,73.56358964319978,7.356358964319978
income,15,73.5240350879965,4.9016023391997665
chosen,9,73.5069205981347,8.167435622014967
observed,8,73.47972484781597,9.184965605976997
taste,8,73.47226926227103,9.184033657783878
reason,13,73.43047761950169,5.648498278423206
ancient,9,73.41034663511684,8.156705181679648
participation,7,73.2328961876741,10.46184231252487
bottom,9,73.22625969101,8.136251076778889
consider,9,73.17912318609925,8.13101368734436
tension,8,73.1252663680525,9.140658296006562
opened,9,73.09762097026501,8.121957885585001
intended,7,73.06711658957863,10.438159512796947
details,8,73.04965125810673,9.131206407263342
working,9,73.02430009068253,8.113811121186949
opinion,9,73.021251686178,8.113472409575333
weight,9,72.92238718150814,8.102487464612016
adequate,8,72.88010235295658,9.110012794119573
b,10,72.85275400006486,7.285275400006486
couple,11,72.85091678512683,6.622810616829711
procedure,9,72.83695405605957,8.09299489511773
rachel,7,72.8287326866971,10.404104669528156
musicians,7,72.82408938972925,10.403441341389893
stock,10,72.8229333155734,7.282293331557339
hospital,9,72.6968083019402,8.077423144660022
records,8,72.5737384059899,9.071717300748738
dream,8,72.52081231723875,9.065101539654844
addition,17,72.51853293064393,4.265796054743761
impact,9,72.51063014520359,8.056736682800398
choice,9,72.45946140351865,8.051051267057627
record,9,72.35580645004431,8.039534050004924
rhode,9,72.2772428597499,8.030804762194434
construction,8,72.21455144591812,9.026818930739765
determined,10,72.16547478931925,7.216547478931925
kate,7,72.04075508898306,10.291536441283295
chamber,10,72.04031110545489,7.204031110545489
commission,9,71.99266642909423,7.999185158788247
realized,8,71.9429855626428,8.99287319533035
simply,9,71.88353487761941,7.987059430846601
reduced,8,71.86110940638314,8.982638675797892
china,8,71.73247855064866,8.966559818831083
campaign,9,71.72697481150264,7.969663867944738
ideas,9,71.52039893579271,7.946710992865857
despite,9,71.5018799340508,7.944653326005645
women,12,71.37886767765235,5.948238973137696
lesser,6,71.2374959383032,11.8729159897172
matters,8,71.2307379217691,8.903842240221138
oh,10,71.19700757449337,7.119700757449337
ahead,9,71.01919340246083,7.8910214891623145
planning,9,70.99909323499655,7.888788137221839
palfrey,7,70.94379914133495,10.134828448762136
african,8,70.92119296541019,8.865149120676273
regardless,7,70.89455512177422,10.127793588824888
groups,9,70.87934403388705,7.875482670431895
woman,12,70.86634211144445,5.905528509287038
remain,9,70.81418519171703,7.86824279907967
publication,7,70.78889490651767,10.112699272359666
tone,8,70.74093417709959,8.842616772137449
unusual,8,70.70259037906264,8.83782379738283
none,8,70.69985522557545,8.837481903196931
spent,9,70.69536365791059,7.85504040643451
extensive,8,70.5342840102926,8.816785501286574
interests,8,70.53053237680652,8.816316547100815
agent,7,70.51235211217633,10.073193158882333
everybody,8,70.42426434907046,8.803033043633807
europe,11,70.41162289226807,6.401056626569825
england,12,70.33347199435501,5.861122666196251
larger,10,70.30615961183518,7.030615961183519
c,8,70.27182480047654,8.783978100059567
origin,8,70.24697208120537,8.780871510150671
replied,8,70.16979652869395,8.771224566086744
recommended,7,70.11766957076361,10.016809938680515
believed,9,70.1159120359749,7.7906568928861
charlie,7,70.08458723364599,10.012083890520856
studies,9,70.08368483568115,7.787076092853462
temperature,11,69.98566918305995,6.362333562096359
editorial,7,69.84551302968922,9.977930432812744
dramatic,8,69.77935227925369,8.72241903490671
ships,7,69.74786188907434,9.963980269867763
opportunity,11,69.72937735596894,6.339034305088085
wait,8,69.70968148267066,8.713710185333833
sign,8,69.69273488837564,8.711591861046955
cover,8,69.68272686489703,8.71034085811213
physical,9,69.64015854448917,7.73779539383213
fifty,9,69.62905694722292,7.736561883024769
camp,7,69.5746011068738,9.9392287295534
allowed,9,69.55128337416426,7.727920374907139
fresh,9,69.4362748808872,7.71514165343191
governor,9,69.36186852925029,7.70687428102781
picked,8,69.33448782562134,8.666810978202667
response,8,69.3139894021452,8.66424867526815
walls,8,69.28721259286215,8.660901574107768
travel,7,69.27966686816274,9.89709526688039
contact,8,69.24790533597049,8.65598816699631
expect,9,69.22431562874371,7.691590625415968
stable,7,69.16982587526715,9.881403696466736
truck,8,69.15309726785968,8.64413715848246
meaning,8,69.15201473929233,8.64400184241154
friendly,8,69.14614119329175,8.64326764916147
range,9,69.1388343726246,7.6820927080694
concern,8,69.0451169688197,8.630639621102462
regions,7,69.04265738959516,9.863236769942166
key,8,69.0005372104387,8.625067151304837
cathy,6,68.99002994180596,11.498338323634327
japanese,7,68.94840560951378,9.84977222993054
wished,7,68.8015811134034,9.828797301914772
sam,7,68.74335165153732,9.820478807362475
swift,6,68.7399350418035,11.456655840300584
drawings,6,68.64806817728527,11.44134469621421
instantly,6,68.63333148710365,11.43888858118394
cars,8,68.59585418992211,8.574481773740263
count,7,68.54325470186852,9.79189352883836
applied,8,68.53264469476588,8.566580586845735
carry,8,68.51339476237848,8.56417434529731
corporation,8,68.33775344635114,8.542219180793893
changed,9,68.33577295147369,7.592863661274854
lizzie,6,68.28368755343661,11.380614592239434
operation,8,68.22628756865271,8.528285946081589
gain,8,68.21687769221519,8.527109711526899
lie,7,68.20283394652472,9.743261992360674
grace,7,68.19939179819549,9.74277025688507
reported,8,68.13449642150015,8.516812052687518
earnings,6,68.07860735524716,11.346434559207859
female,7,68.00720324896632,9.71531474985233
evening,9,68.00515068403811,7.556127853782012
experiments,7,67.98826140388823,9.712608771984033
accordingly,7,67.97355574079785,9.710507962971121
game,9,67.9283567728489,7.547595196983211
obtained,10,67.91498458151037,6.791498458151037
freely,6,67.91068699988136,11.318447833313561
build,9,67.82700994687474,7.536334438541638
mud,6,67.8252775040004,11.3042129173334
aircraft,7,67.78961561383448,9.684230801976355
developing,7,67.7714699634086,9.68163856620123
painting,7,67.6293283485835,9.661332621226213
rising,7,67.6001067934081,9.657158113344014
scene,8,67.54580922513964,8.443226153142454
advice,7,67.52217585887414,9.646025122696305
birds,7,67.52046005549401,9.645780007927716
companies,8,67.51521468175625,8.439401835219531
judge,7,67.45773726447027,9.636819609210038
fired,7,67.42829165207158,9.632613093153083
cutting,7,67.42162876359419,9.631661251942026
failure,9,67.30822552923915,7.478691725471017
fully,8,67.30085092164698,8.412606365205873
shut,7,67.27544661226308,9.610778087466155
insisted,7,67.22341419610078,9.603344885157254
sharp,8,67.140488020349,8.392561002543625
fight,7,67.13720458755634,9.591029226793763
richard,7,67.1162888898599,9.588041269979986
exchange,7,67.09426290539457,9.584894700770652
eating,6,67.09400364394884,11.18233394065814
goods,8,66.97905098288548,8.372381372860685
industry,10,66.97244844785196,6.697244844785196
description,7,66.94875130262378,9.564107328946253
spiritual,7,66.89323337889527,9.556176196985039
accompanied,7,66.84971781525607,9.549959687893724
guns,7,66.82876361551008,9.546966230787154
classic,7,66.75210845362939,9.536015493375627
hardly,11,66.7239006703056,6.065809151845963
hopes,7,66.63739505013986,9.519627864305694
avoid,7,66.58630939181278,9.51232991311611
team,8,66.54540802236696,8.31817600279587
please,7,66.5252772632377,9.503611037605385
professional,8,66.45831323210857,8.30728915401357
landscape,6,66.44562647430432,11.07427107905072
lord,7,66.4223129342455,9.488901847749357
realtors,6,66.41195008931444,11.068658348219074
poet,8,66.39756191505435,8.299695239381794
pressing,6,66.372069534139,11.062011589023166
nation,9,66.3675329850436,7.374170331671511
thirty,7,66.36154589933224,9.48022084276175
afraid,6,66.29550197416533,11.049250329027556
stayed,8,66.2547084506581,8.281838556332263
principle,8,66.20942578118789,8.276178222648486
green,8,66.10540757522142,8.263175946902678
keeping,7,66.07214028566364,9.438877183666234
prime,7,66.05451091565695,9.436358702236706
casual,6,66.01481328577937,11.002468880963228
resolution,8,66.01148346121127,8.251435432651409
sunday,7,66.00091568186947,9.428702240267068
post,9,65.98741848238984,7.331935386932205
calls,8,65.9204165256343,8.240052065704287
scientific,7,65.90986165551116,9.415694522215881
consciousness,6,65.8999073582277,10.983317893037949
facts,7,65.899195767646,9.41417082394943
attitudes,7,65.80171550775124,9.400245072535892
atmosphere,8,65.77443705726706,8.221804632158383
century,17,65.72440515597408,3.8661414797631815
altogether,6,65.7187356784673,10.953122613077882
sees,7,65.71438244913992,9.387768921305703
circle,8,65.70107474503918,8.212634343129897
moments,7,65.69364973009137,9.384807104298767
finding,7,65.66256518464242,9.380366454948916
responsibility,9,65.65067490132955,7.294519433481061
shade,6,65.632668260923,10.938778043487167
approached,8,65.62975695904203,8.203719619880253
confrontation,6,65.56952413383958,10.928254022306596
precise,6,65.55972052137747,10.926620086896245
ideal,8,65.55773982251395,8.194717477814244
humor,7,65.52775132741405,9.361107332487721
lady,9,65.48515481386752,7.276128312651947
bring,9,65.47740405646226,7.275267117384696
horses,7,65.46990665820957,9.352843808315653
valley,7,65.4635097655163,9.351929966502329
gold,7,65.45724365162651,9.351034807375216
jobs,8,65.38286248368186,8.172857810460233
laughed,7,65.36595255876958,9.337993222681368
specified,6,65.36463030790554,10.89410505131759
element,7,65.32233586543526,9.331762266490752
original,7,65.31235147606681,9.3303359251524
contest,7,65.25256576152641,9.321795108789487
interesting,8,65.23624142532435,8.154530178165544
drivers,6,65.13060513270482,10.855100855450802
assistance,8,65.08159271232934,8.135199089041167
shadow,6,65.03174076085632,10.83862346014272
republican,7,64.99430307775046,9.284900439678637
jones,7,64.94800147581572,9.278285925116531
wonderful,7,64.93997272172449,9.277138960246356
insects,6,64.92456131815275,10.820760219692126
date,8,64.87210124829636,8.109012656037045
wine,9,64.78136710724165,7.197929678582406
tube,6,64.77689167342943,10.79614861223824
congregation,8,64.74705228054583,8.093381535068229
sequence,7,64.7032051448726,9.243315020696086
determination,6,64.653741361924,10.775623560320668
stanley,6,64.64650259057362,10.774417098428936
explained,7,64.62243396069982,9.231776280099975
permission,6,64.60350891445883,10.767251485743138
duty,7,64.5458946825427,9.220842097506099
suit,7,64.52757861006519,9.2182255157236
attacked,6,64.50316461288638,10.750527435481063
culture,7,64.49976996687148,9.214252852410212
encounter,6,64.45666096284945,10.742776827141576
nights,7,64.40799836453289,9.201142623504698
employee,6,64.38760405351972,10.731267342253288
thousand,11,64.33265194107729,5.848422903734299
primary,8,64.29728263116971,8.037160328896213
yourself,7,64.2733973989428,9.181913914134686
flesh,7,64.17659510778618,9.168085015398026
continuing,7,64.13675404443384,9.162393434919121
satisfaction,6,64.09235094808972,10.682058491348286
communists,7,63.96055050163545,9.137221500233636
positions,7,63.94575974571972,9.135108535102818
hill,8,63.875284887260584,7.984410610907573
reserved,6,63.87205667141399,10.645342778568999
lawyer,7,63.85622916728721,9.122318452469601
chinese,7,63.83755715175703,9.119651021679577
shift,7,63.80176306576706,9.114537580823866
understanding,8,63.75843323498873,7.969804154373591
eileen,6,63.71845350172131,10.619742250286885
budget,7,63.67689253102895,9.096698933004136
traffic,8,63.67444917335318,7.959306146669148
firmly,7,63.60205857395921,9.086008367708459
dominant,7,63.58415524962016,9.083450749945737
ohio,6,63.56077885568671,10.593463142614452
steps,9,63.53189798018501,7.059099775576112
covered,8,63.50095434870309,7.937619293587886
fly,6,63.4921786502202,10.5820297750367
mercer,7,63.47543244458657,9.067918920655226
am,14,63.45572467537411,4.5325517625267215
songs,7,63.45298327746908,9.064711896781297
berlin,7,63.43256987054133,9.061795695791618
goal,7,63.4006594187096,9.057237059815657
trust,7,63.39726424538573,9.056752035055103
georgia,6,63.36067774681856,10.560112957803094
artists,6,63.324288560111,10.554048093351833
station,11,63.20189260546054,5.745626600496413
write,8,63.11488594695808,7.88936074336976
fat,7,63.07211406818401,9.010302009740572
nuclear,8,63.016869089002604,7.8771086361253255
banks,6,62.99469041422152,10.49911506903692
definite,6,62.988206050192886,10.498034341698814
lake,6,62.975837323848744,10.495972887308124
vehicle,6,62.95981734546075,10.493302890910124
likely,11,62.92903863856382,5.720821694414893
responsible,7,62.92259074249216,8.988941534641738
presence,8,62.92172548106418,7.865215685133022
defined,7,62.9084789111434,8.986925558734772
critic,6,62.89560373803568,10.482600623005947
filed,6,62.893455275676594,10.482242545946098
improve,7,62.697519608194625,8.956788515456376
additional,8,62.692217500701105,7.836527187587638
bodies,7,62.68889836248474,8.955556908926392
park,7,62.643098797631644,8.949014113947378
baby,7,62.59340024950255,8.941914321357507
divided,7,62.56490327724651,8.93784332532093
tape,6,62.55176153810763,10.425293589684605
dangerous,7,62.51513650510194,8.930733786443135
serve,8,62.47823876560107,7.809779845700134
salary,6,62.34417214750425,10.390695357917375
fort,7,62.34065685610787,8.905808122301124
document,5,62.29553550587733,12.459107101175466
conservative,7,62.28817998617487,8.89831142659641
insist,6,62.28690546916504,10.381150911527508
helping,6,62.257138277674954,10.376189712945825
solution,7,62.24841101201379,8.892630144573399
object,7,62.23331052648044,8.890472932354347
sacrifice,6,62.20975519849108,10.368292533081847
eisenhower,7,62.17927445861963,8.882753494088519
follows,8,62.16667631868558,7.770834539835698
russia,7,62.154468756625604,8.879209822375087
justified,6,62.13707893052297,10.356179821753829
seek,8,62.03936143224357,7.754920179030446
drew,7,62.02868481435933,8.86124068776562
otherwise,7,62.02143835025895,8.860205478608421
dedicated,6,61.95114651819993,10.325191086366655
doctor,9,61.869158109441784,6.8743509010490875
yesterday,7,61.8466114448939,8.835230206413415
council,9,61.794025745437,6.866002860604111
storage,6,61.791877588918155,10.298646264819693
slightly,7,61.73981712211406,8.819973874587722
advanced,7,61.61918783728759,8.802741119612513
tree,7,61.61014935308208,8.801449907583153
wind,7,61.606423675600055,8.800917667942866
negro,7,61.59859199062462,8.799798855803518
becomes,8,61.5644457082448,7.6955557135306
issued,6,61.523699689210176,10.253949948201695
vacation,6,61.506141267993115,10.25102354466552
particles,7,61.48904711720019,8.784149588171456
david,7,61.45948684766223,8.779926692523174
located,7,61.41836423488265,8.774052033554664
guest,6,61.41375142751404,10.235625237919008
efforts,8,61.40472186890204,7.675590233612755
lights,7,61.40155077840354,8.771650111200506
dry,7,61.365827547076236,8.766546792439462
notion,6,61.36279371452031,10.227132285753385
garden,7,61.31622597558225,8.759460853654607
regarded,7,61.3143535078463,8.759193358263756
existing,6,61.29257921881626,10.21542986980271
reading,7,61.25118388405855,8.750169126294079
fighting,7,61.24624942924997,8.749464204178567
windows,6,61.24478574160414,10.207464290267357
vice,6,61.23438295449172,10.205730492415286
dogs,7,61.19007439007624,8.74143919858232
philosophy,6,61.14986526464266,10.191644210773777
silence,6,61.114175489232274,10.185695914872046
leaned,6,61.093297595480024,10.182216265913338
hour,12,61.00637997304494,5.083864997753746
cubic,5,60.888117177587986,12.177623435517598
born,9,60.87536600674467,6.763929556304963
remarked,6,60.82589931897646,10.137649886496076
capacity,8,60.802549778759825,7.600318722344978
concerning,7,60.775112902087564,8.682158986012508
protect,7,60.71452831218857,8.673504044598367
workers,8,60.69713889986772,7.587142362483465
liquor,7,60.65896664768617,8.665566663955167
responsibilities,6,60.61481206987403,10.102468678312338
surprise,6,60.61004431862789,10.101674053104649
stein,5,60.609013638221505,12.121802727644301
mixed,6,60.58920174815767,10.098200291359612
player,7,60.57125977751543,8.653037111073633
slow,6,60.5412719853875,10.090211997564584
victory,6,60.53496884038465,10.089161473397441
burned,6,60.52604757633186,10.08767459605531
mountains,6,60.524107981772204,10.087351330295368
washing,6,60.499989494178834,10.083331582363138
hundreds,6,60.444911226496544,10.074151871082757
nationalism,6,60.43666445404331,10.072777409007218
salad,5,60.422666445709936,12.084533289141987
abroad,6,60.36123132735658,10.060205221226097
drove,6,60.356011507830395,10.059335251305066
nodded,6,60.33580853785959,10.055968089643265
bit,9,60.329051831862564,6.703227981318062
york,34,60.298019405737584,1.7734711589922818
assumed,7,60.27616000959936,8.610880001371337
continue,8,60.26447677655895,7.533059597069869
gets,6,60.24867388634884,10.041445647724807
positive,6,60.243938673497524,10.04065644558292
established,7,60.21998230199876,8.602854614571251
harlem,5,60.21230243778442,12.042460487556884
speech,6,60.20759014357898,10.034598357263164
task,7,60.18070989688559,8.597244270983655
tile,6,60.14251704322689,10.023752840537815
acting,6,60.097930904953586,10.016321817492264
communism,6,60.091099249156386,10.015183208192731
drama,7,60.04839911727794,8.578342731039706
nobody,6,60.03157694389711,10.005262823982852
psychological,6,60.02858229841101,10.004763716401834
husband,10,59.966293024029106,5.99662930240291
sympathetic,6,59.914358959520825,9.985726493253472
spoke,7,59.911799096553075,8.558828442364725
obvious,7,59.90782050022585,8.558260071460836
mention,8,59.907408341146414,7.488426042643302
summary,5,59.847438387299455,11.969487677459892
confidence,6,59.845341457373856,9.974223576228976
convinced,6,59.8355857817985,9.97259763029975
saturday,7,59.78324815818142,8.540464022597346
rear,7,59.7271064620818,8.5324437802974
competition,7,59.7066455383392,8.529520791191315
constant,6,59.6759487458902,9.945991457648367
portion,8,59.67589142587197,7.459486428233996
colony,6,59.670556931508784,9.94509282191813
receive,7,59.65233251278825,8.521761787541179
payment,7,59.63874435225798,8.51982062175114
homes,7,59.60207356039871,8.514581937199816
indicate,7,59.59221516943602,8.513173595633717
burning,7,59.59112941250573,8.513018487500819
weather,6,59.566101525648214,9.927683587608035
autumn,6,59.56554171818118,9.92759028636353
tomorrow,7,59.530855954983394,8.504407993569057
bay,7,59.53022378696077,8.504317683851538
glendora,5,59.52132483154797,11.904264966309594
assured,6,59.4989510832006,9.916491847200101
waited,8,59.39628382195155,7.424535477743944
regional,6,59.37589151760023,9.895981919600038
fears,7,59.37554136394095,8.482220194848706
wet,6,59.34090038176389,9.890150063627315
stop,7,59.292652707644365,8.470378958234908
milk,6,59.220792956641446,9.87013215944024
morgan,6,59.20485606295258,9.867476010492096
racial,5,59.19117797788931,11.838235595577862
flat,7,59.190271273483944,8.455753039069135
telephone,8,59.17429735113388,7.396787168891735
bishop,5,59.168211592994865,11.833642318598972
patches,5,59.10709878283451,11.821419756566902
september,8,59.084585032777284,7.3855731290971605
experienced,6,59.080157410207214,9.846692901701202
weapon,6,59.043486465853505,9.84058107764225
gradually,6,59.00584083495867,9.834306805826445
routine,6,58.985510411970736,9.830918401995122
star,6,58.97477247721699,9.829128746202832
throwing,5,58.88374216645345,11.77674843329069
lower,7,58.81193693668719,8.401705276669599
cry,8,58.78466432377647,7.3480830404720585
distance,8,58.76065631896195,7.345082039870244
tom,6,58.74733655997265,9.791222759995442
motion,7,58.73674079501034,8.390962970715764
conduct,6,58.71029203392427,9.78504867232071
breakfast,6,58.656885244152505,9.776147540692085
ones,8,58.58891508918062,7.323614386147577
henry,6,58.50441202147754,9.750735336912923
site,7,58.49005561479037,8.35572223068434
bank,7,58.45967432274398,8.351382046106282
unknown,6,58.43459546159724,9.73909924359954
tall,7,58.417719825467394,8.345388546495341
providing,6,58.39696028509744,9.732826714182908
jim,6,58.37938787441303,9.729897979068838
employment,7,58.37748650923355,8.339640929890507
acquire,6,58.31197523944325,9.718662539907209
suffer,6,58.309412802032895,9.718235467005483
prevent,9,58.29804722815707,6.477560803128563
maintenance,7,58.293925430044936,8.327703632863562
proof,6,58.289608278372626,9.714934713062105
honest,6,58.25395979991777,9.708993299986295
corps,17,58.15918616999265,3.421128598234862
decision,7,58.14915820128696,8.307022600183851
houses,6,58.142900699190236,9.69048344986504
faces,7,58.13423230297631,8.304890328996615
sounds,7,58.12983214081867,8.304261734402667
unlike,6,58.02155269063152,9.67025878177192
desegregation,5,58.00289237577882,11.600578475155764
married,7,57.91501797560923,8.273573996515605
krim,5,57.87489043104996,11.574978086209992
official,6,57.85272030764171,9.642120051273618
likes,6,57.79331434531718,9.632219057552863
initial,7,57.73455430124248,8.24779347160607
views,6,57.7024019559401,9.617066992656683
manchester,6,57.69060575824755,9.615100959707926
fiat,5,57.66505151968106,11.533010303936212
shorter,6,57.656891182404905,9.609481863734151
monday,6,57.65273660776274,9.608789434627123
recreation,7,57.61873076913423,8.231247252733462
session,8,57.60961374304452,7.201201717880565
systems,10,57.607612860916205,5.76076128609162
send,7,57.59899947294527,8.22842849613504
clean,7,57.5972509084739,8.228178701210558
falls,6,57.57302823820798,9.595504706367997
attempt,7,57.56181495449698,8.223116422070998
welcome,6,57.5518906981197,9.59198178301995
recognize,6,57.541132346842254,9.590188724473709
corresponding,6,57.48730747589507,9.581217912649178
tour,6,57.451657205610836,9.57527620093514
combination,6,57.42862345070036,9.571437241783393
leaders,8,57.40255226558945,7.175319033198681
importance,7,57.39276748905451,8.198966784150645
preparation,6,57.37965392109482,9.563275653515804
maintain,7,57.37795202499668,8.19685028928524
highest,6,57.3748670892297,9.562477848204951
excellent,9,57.37055979418269,6.374506643798076
knife,7,57.36064657708287,8.19437808244041
scale,7,57.35669043639581,8.193812919485115
levels,7,57.34565673334109,8.192236676191584
recognized,6,57.34193358985896,9.55698893164316
oedipus,5,57.33036044600685,11.46607208920137
actions,6,57.309069981235574,9.551511663539262
readings,5,57.30477926479707,11.460955852959414
builders,6,57.22910740560277,9.538184567600462
appearing,5,57.221402244888445,11.44428044897769
pulling,5,57.17771915453278,11.435543830906557
requires,6,57.17330367008689,9.528883945014481
temporarily,5,57.116657192259396,11.423331438451878
everyone,7,57.09369791197567,8.156242558853666
pretty,6,57.08764611326245,9.514607685543742
amid,5,57.06923600244495,11.413847200488991
stairs,9,57.05251989756814,6.339168877507571
hero,6,57.05154227924223,9.508590379873704
corn,6,57.0425551242647,9.507092520710783
security,8,57.032444102870684,7.1290555128588355
benefit,6,57.01347238466575,9.502245397444291
pull,6,56.99534361235296,9.49922393539216
round,6,56.98190637470029,9.49698439578338
assembled,5,56.957728671999575,11.391545734399916
protestant,6,56.89486553590647,9.482477589317744
busy,6,56.87594846011693,9.479324743352821
highway,7,56.855928394318084,8.122275484902584
characters,6,56.850781268200095,9.475130211366682
egypt,5,56.83411661804263,11.366823323608525
television,6,56.78695641075137,9.464492735125228
chairman,6,56.77533120699132,9.46255520116522
gathering,5,56.76911925599822,11.353823851199644
dear,7,56.76172076594881,8.108817252278401
chicago,7,56.72011326938339,8.102873324197628
heavily,6,56.70501208585681,9.450835347642801
quietly,6,56.681658722081806,9.446943120346967
dolores,5,56.671753600376974,11.334350720075395
elaine,5,56.67102457853771,11.334204915707542
fund,6,56.591807422705564,9.43196790378426
centuries,7,56.58612278682938,8.083731826689911
reasonable,6,56.570592816068164,9.428432136011361
panel,5,56.550149173451395,11.31002983469028
mounted,6,56.52200522266158,9.42033420377693
unless,7,56.51990064901529,8.0742715212879
extraordinary,6,56.48577710799522,9.41429618466587
european,6,56.48027998694661,9.413379997824435
principles,6,56.40550590168942,9.40091765028157
false,5,56.37957448291525,11.27591489658305
adjusted,6,56.33508959703828,9.38918159950638
hoag,5,56.287986596116816,11.257597319223363
visited,6,56.23088918637985,9.371814864396642
lot,9,56.22639540315352,6.2473772670170575
extended,6,56.210462496617474,9.368410416102913
sources,7,56.180069920262035,8.025724274323148
returning,5,56.16233013142804,11.232466026285609
till,6,56.161699922459256,9.360283320409875
card,5,56.119364251627864,11.223872850325574
burden,6,56.08920471761225,9.348200786268707
active,7,56.05479619684191,8.007828028120274
tensions,5,56.0102101910033,11.202042038200661
loans,6,55.9991891064687,9.333198184411449
net,5,55.964800456900726,11.192960091380145
gallery,5,55.91743641471239,11.183487282942478
supreme,7,55.909560074923796,7.9870800107034
disease,6,55.90753724406174,9.317922874010291
conclusion,7,55.89689256486157,7.985270366408796
pertinent,5,55.857407221724216,11.171481444344844
october,7,55.85186080313443,7.978837257590633
regular,6,55.83194752254364,9.305324587090608
panic,5,55.808417357375184,11.161683471475037
massachusetts,6,55.79960162743569,9.299933604572615
chain,6,55.794494309326815,9.299082384887802
estimated,6,55.78791117948007,9.297985196580012
virginia,7,55.77474216680537,7.967820309543624
factor,7,55.738237640853576,7.962605377264796
ease,6,55.72880141284978,9.288133568808297
boys,7,55.710618603370236,7.958659800481462
rooms,6,55.69667861833783,9.282779769722971
maximum,6,55.69435372814176,9.282392288023628
liberal,6,55.669079138536524,9.278179856422755
advances,5,55.66262256956092,11.132524513912184
cards,7,55.64617053228015,7.9494529331828785
pick,7,55.618270268190415,7.945467181170059
soft,6,55.54280888516859,9.257134814194766
winston,6,55.541584309074885,9.256930718179147
diffusion,8,55.476028619610425,6.934503577451303
weary,5,55.45952038864688,11.091904077729376
crossed,5,55.45401260660701,11.090802521321402
starts,6,55.444270682838365,9.240711780473061
ordinary,7,55.435056852543354,7.919293836077622
carbon,6,55.393435905655544,9.232239317609258
associated,6,55.35222418265239,9.225370697108731
smashed,5,55.305801460895196,11.06116029217904
parts,8,55.28742351282706,6.910927939103383
los,6,55.28515927180108,9.214193211966846
comfortable,6,55.27406730655241,9.212344551092068
rapid,6,55.270739149688325,9.211789858281387
symbols,7,55.22689414571574,7.88955630653082
americans,6,55.20219029027045,9.200365048378409
feeding,5,55.20033029861768,11.040066059723536
teachers,7,55.192127139180954,7.884589591311565
uniform,6,55.177772763057945,9.196295460509658
relationship,7,55.116762502437595,7.873823214633942
teams,5,55.10287829123945,11.020575658247889
nato,5,55.09772205441929,11.019544410883858
chapter,10,55.09179441599169,5.509179441599169
purposes,8,55.08295224214032,6.88536903026754
slight,7,55.07123984153691,7.867319977362415
disposed,5,55.018083881257596,11.00361677625152
presented,7,54.96909288149578,7.852727554499397
greek,6,54.950419187974816,9.158403197995803
vote,6,54.93219793763583,9.155366322939305
ice,5,54.91439171939238,10.982878343878475
dignity,6,54.874196956128046,9.145699492688008
roles,6,54.86944524185911,9.144907540309852
stared,6,54.844648251561786,9.14077470859363
bought,6,54.8108030408695,9.135133840144917
bus,6,54.76141512650375,9.126902521083958
brothers,6,54.7477507845805,9.124625130763416
impression,7,54.73817588539368,7.819739412199097
baseball,6,54.69486696765679,9.115811161276133
improvements,5,54.66732940229713,10.933465880459426
tight,5,54.661335496034766,10.932267099206953
happen,8,54.66028431943045,6.832535539928807
dallas,6,54.571941753509655,9.095323625584943
tradition,7,54.557566542754024,7.793938077536289
probable,5,54.53757157347751,10.9075143146955
urged,5,54.52877050367148,10.905754100734296
sick,6,54.524915732149715,9.087485955358286
source,7,54.52180990056553,7.788829985795076
displaying,4,54.50973785025025,13.627434462562562
circumstances,7,54.482291117859134,7.783184445408447
bond,7,54.47444684830098,7.782063835471568
frank,6,54.47149133319255,9.078581888865425
borden,5,54.46512911297246,10.893025822594492
hurried,5,54.391064873952416,10.878212974790483
desperate,5,54.373609044477135,10.874721808895426
dirty,5,54.35746023805696,10.871492047611392
mark,6,54.335028765550064,9.055838127591677
mechanical,5,54.28161929247825,10.85632385849565
refused,6,54.2237731974519,9.037295532908649
stars,5,54.21759703245642,10.843519406491284
eat,6,54.13821297192608,9.023035495321013
fellowship,6,54.129136467017936,9.02152274450299
names,6,54.10162645639195,9.016937742731992
backward,5,54.03931111526086,10.807862223052172
plants,6,54.03253337125213,9.005422228542022
permit,7,54.024478941661656,7.717782705951665
kid,6,53.9813779578617,8.996896326310283
solutions,5,53.97909083952437,10.795818167904873
jesus,7,53.959602336825846,7.708514619546549
articles,5,53.93603405629563,10.787206811259127
procedures,6,53.930401971473415,8.988400328578903
leather,6,53.883587471872815,8.980597911978803
legs,7,53.833060834125256,7.690437262017894
august,6,53.815210612891164,8.969201768815195
crystal,5,53.81463171679535,10.76292634335907
readily,7,53.81414083520345,7.687734405029064
loan,5,53.7994644311956,10.75989288623912
financial,6,53.78385333214753,8.963975555357921
plate,6,53.78304761185392,8.96384126864232
suitable,5,53.78063166807463,10.756126333614926
emperor,5,53.77894312724378,10.755788625448755
practices,7,53.761890481235234,7.68027006874789
cross,6,53.749291497875966,8.958215249645994
managers,5,53.745458902325474,10.749091780465095
skilled,5,53.73310770101166,10.746621540202332
increasing,6,53.70806963470734,8.95134493911789
demanded,6,53.69985373086311,8.949975621810518
decline,5,53.63859661478599,10.727719322957197
mexican,5,53.631780028891754,10.726356005778351
gear,5,53.59723765988181,10.719447531976362
smith,6,53.53127253975404,8.921878756625674
takes,6,53.52914689616151,8.921524482693584
locations,5,53.48014678453934,10.696029356907868
upward,5,53.47355824497657,10.694711648995314
describe,6,53.4643435448585,8.910723924143083
symbol,6,53.3997223985029,8.899953733083818
january,5,53.383655076200384,10.676731015240076
meals,5,53.362500528102935,10.672500105620587
provision,6,53.344868010144346,8.890811335024058
ago,26,53.325773511509844,2.0509912889042248
sharply,5,53.32209420600344,10.664418841200689
smoke,5,53.26394357423929,10.652788714847858
affected,5,53.230903756492594,10.64618075129852
instructions,5,53.22994509905847,10.645989019811694
complicity,4,53.22924614852657,13.307311537131643
extreme,6,53.2158718268768,8.869311971146134
emotional,7,53.191953303168006,7.598850471881144
prices,6,53.18990291865981,8.864983819776635
survive,5,53.09734359377031,10.619468718754062
wore,6,53.0551845171759,8.84253075286265
formula,6,53.0536778402132,8.842279640035533
evaluating,4,53.040859862394704,13.260214965598676
announced,6,53.02752887715459,8.837921479525765
parallel,5,52.98619216384107,10.597238432768213
inevitable,5,52.88959642004502,10.577919284009003
silent,5,52.88277490510818,10.576554981021635
pink,5,52.860064922082046,10.572012984416409
partly,6,52.83099590262682,8.805165983771136
neighborhood,6,52.82344588999693,8.803907648332823
argued,6,52.808818523983824,8.801469753997305
cleared,5,52.7684553052801,10.55369106105602
aluminum,5,52.71139282688061,10.542278565376122
odd,5,52.676936174463016,10.535387234892603
sba,5,52.65904486047736,10.531808972095472
rests,5,52.64914430904863,10.529828861809726
trophy,4,52.64091540680256,13.16022885170064
thermal,5,52.634357902947364,10.526871580589473
vehicles,6,52.630857545497555,8.77180959091626
hanging,5,52.61394087314991,10.522788174629982
t,7,52.601761726310926,7.51453738947299
identification,5,52.572593659856565,10.514518731971313
presentation,5,52.558829881910924,10.511765976382184
glasses,5,52.50178992497897,10.500357984995794
resources,6,52.42556758528286,8.737594597547144
exist,7,52.42324032516237,7.489034332166052
guided,5,52.40903700188523,10.481807400377047
shares,7,52.34233630840848,7.477476615486926
dinner,7,52.30198288805148,7.471711841150211
sponsored,5,52.26846114380454,10.453692228760907
volumes,6,52.22777335944464,8.704628893240773
running,6,52.1883510647028,8.6980585107838
sight,6,52.13581114206468,8.689301857010781
models,6,52.120580748152264,8.686763458025377
talent,5,52.1107492202307,10.42214984404614
journey,5,52.08798415300042,10.417596830600084
violent,5,52.080807270376,10.4161614540752
families,6,52.05672669210658,8.676121115351096
abstract,5,52.05372463346144,10.410744926692288
imagine,7,52.04719978780068,7.435314255400097
sleeping,5,52.00408142749313,10.400816285498625
error,5,51.98790666671312,10.397581333342625
automobile,6,51.95489145301865,8.659148575503108
pools,5,51.93545800413564,10.387091600827128
distribution,6,51.93370154690052,8.65561692448342
article,6,51.925374434314904,8.654229072385817
lighted,5,51.92417211359774,10.384834422719548
legislation,5,51.91457312278736,10.382914624557472
curt,5,51.902426845426355,10.380485369085271
colors,5,51.880691916301785,10.376138383260358
project,8,51.86013175260729,6.482516469075911
khrushchev,7,51.85441795580057,7.407773993685796
stake,5,51.84865980436472,10.369731960872944
languages,5,51.78760910362477,10.357521820724953
health,8,51.77108890693962,6.471386113367452
advantage,7,51.762983063910994,7.394711866272999
practically,5,51.726179779360805,10.34523595587216
utopia,5,51.69675365173537,10.339350730347075
prior,7,51.64475384315827,7.377821977594039
opera,6,51.598861908035545,8.599810318005924
edge,9,51.59728424054737,5.733031582283041
examined,5,51.585383812337625,10.317076762467526
length,6,51.57545695059735,8.595909491766225
identified,6,51.56930459577935,8.594884099296559
senior,5,51.561051697344396,10.31221033946888
literary,5,51.54119241554834,10.308238483109667
walking,5,51.526977338075085,10.305395467615018
spare,5,51.515892860754136,10.303178572150827
ernest,4,51.46660121458865,12.866650303647162
watched,6,51.383200661677094,8.563866776946183
tonight,5,51.381809772835936,10.276361954567188
containing,5,51.37095978056075,10.274191956112151
cuba,6,51.34061204617229,8.556768674362049
intellectual,6,51.32496263244675,8.554160438741125
establishing,5,51.321793082809265,10.264358616561854
village,6,51.31677036311428,8.552795060519047
shape,6,51.31422459024716,8.552370765041193
fields,6,51.309533857035724,8.55158897617262
consideration,6,51.29618484046944,8.54936414007824
discussions,5,51.29200196055316,10.258400392110632
ears,5,51.28892294818679,10.257784589637357
died,7,51.27951958016071,7.325645654308673
compound,4,51.263256422478754,12.815814105619689
salem,5,51.25103603160347,10.250207206320693
italy,5,51.18582661046037,10.237165322092073
relation,6,51.1796758234821,8.52994597058035
qualities,6,51.09797250224059,8.51632875037343
chicken,5,51.0441723161598,10.20883446323196
handling,7,51.03287392789102,7.290410561127288
wage,6,51.01906159691802,8.50317693281967
discovery,5,51.00155626044854,10.200311252089708
presents,5,50.99374135368819,10.198748270737639
types,10,50.97271613156836,5.0972716131568365
neck,7,50.91555603338593,7.273650861912276
wisdom,5,50.908384460528005,10.181676892105601
anticipated,5,50.860372283670756,10.172074456734151
steady,5,50.72823655835619,10.145647311671237
classes,8,50.66893557280517,6.333616946600646
luck,7,50.66684507209226,7.238120724584609
montgomery,4,50.65764351924379,12.664410879810948
broader,5,50.62462716727093,10.124925433454186
notice,5,50.60890398970578,10.121780797941156
covering,5,50.60789185718069,10.121578371436138
personality,5,50.603590856700166,10.120718171340034
reporters,5,50.531508464922766,10.106301692984553
alec,5,50.518396141354394,10.10367922827088
decade,6,50.499412173496616,8.41656869558277
republicans,5,50.49850905214932,10.099701810429865
principal,6,50.49718365526126,8.416197275876877
tasks,5,50.49630333091591,10.09926066618318
julie,4,50.475093418698336,12.618773354674584
machinery,7,50.460736010360584,7.208676572908655
contribution,5,50.43746580747832,10.087493161495663
slept,5,50.41733389529375,10.08346677905875
mississippi,6,50.39530376933219,8.399217294888699
perfectly,5,50.294358793592224,10.058871758718444
broke,5,50.256725436260126,10.051345087252026
opposed,5,50.247457379159684,10.049491475831937
version,6,50.20973923444041,8.368289872406736
tossed,5,50.189513584612186,10.037902716922437
suspicions,4,50.10646027452093,12.526615068630232
filtered,4,50.05379082174073,12.513447705435183
reach,6,50.047027449675205,8.341171241612534
genuine,5,50.039926307266256,10.007985261453252
calculated,6,50.035931937864675,8.339321989644112
daylight,4,50.0206795161543,12.505169879038576
watson,6,50.019288983084564,8.336548163847427
loss,7,49.98897022320506,7.141281460457866
richards,4,49.935014153629425,12.483753538407356
overwhelmingly,4,49.866256354703985,12.466564088675996
keys,5,49.86495570585987,9.972991141171974
urbanization,4,49.85904270535118,12.464760676337795
smile,6,49.84834695585599,8.308057825975999
sandburg,4,49.84732692169442,12.461831730423604
wednesday,5,49.839429045769954,9.96788580915399
credit,7,49.831974367125866,7.118853481017981
museum,6,49.816980454800294,8.302830075800049
trained,5,49.81398734797191,9.962797469594381
journal,7,49.79786656973903,7.113980938534147
respect,8,49.77478265428563,6.221847831785704
susan,5,49.74798875192794,9.949597750385589
weighing,4,49.7297417792982,12.43243544482455
remarks,5,49.66200265378703,9.932400530757405
tasted,4,49.61058324806159,12.402645812015397
network,5,49.56487108793205,9.91297421758641
experiment,5,49.508361380412275,9.901672276082454
woke,4,49.507656991131384,12.376914247782846
mass,6,49.499973333567986,8.249995555594664
camera,5,49.49939336626974,9.899878673253948
everywhere,5,49.49591697679658,9.899183395359316
accomplished,5,49.481762612262585,9.896352522452517
humanity,5,49.481293164978574,9.896258632995714
missing,5,49.462989110581546,9.89259782211631
civilization,6,49.429562496768646,8.238260416128108
crushed,4,49.422370867833635,12.355592716958409
smooth,5,49.41239849038796,9.882479698077592
mary,6,49.4088002862384,8.2348000477064
barn,5,49.407026698715384,9.881405339743077
spark,4,49.39084549178816,12.34771137294704
composed,5,49.37801052324687,9.875602104649374
threat,5,49.34396049531556,9.86879209906311
independence,7,49.33871699430336,7.048388142043337
pops,4,49.33535443359656,12.33383860839914
isolated,5,49.320175578555556,9.864035115711111
listed,5,49.30391797948868,9.860783595897736
sold,5,49.30175198114269,9.860350396228537
conscious,5,49.30110510499447,9.860221020998894
yellow,5,49.26973417940849,9.853946835881697
arc,5,49.214191198034015,9.842838239606802
mate,4,49.205950917528774,12.301487729382194
animals,5,49.166983105282846,9.833396621056568
bureau,5,49.14341813624701,9.8286836272494
newport,5,49.120168875931455,9.82403377518629
individuals,5,49.09505745709261,9.819011491418522
bone,5,49.084978729767826,9.816995745953566
pulley,4,49.080009893739714,12.270002473434928
marriage,6,49.06950387856114,8.178250646426857
yelled,5,49.05205074554276,9.810410149108552
loosely,4,49.02887312006076,12.25721828001519
lucky,5,49.004285892421834,9.800857178484367
issues,5,48.970776511797084,9.794155302359417
cow,5,48.922352476558316,9.784470495311663
contained,5,48.92167494276106,9.784334988552212
equally,6,48.91433160220148,8.152388600366914
eagerly,4,48.91365016542934,12.228412541357335
sink,5,48.9122886974597,9.78245773949194
clark,5,48.89564994375014,9.779129988750029
experts,5,48.87851778444786,9.775703556889571
unfair,4,48.86448453750183,12.216121134375458
holding,5,48.85328552152135,9.77065710430427
doors,5,48.83214173484674,9.766428346969349
virgin,6,48.82377530042234,8.137295883403723
atlantic,6,48.79826808057011,8.133044680095018
colonel,5,48.793068732715504,9.758613746543102
partner,5,48.74861864267311,9.749723728534622
consists,5,48.734819122394164,9.746963824478833
mess,5,48.73392810165228,9.746785620330456
fill,7,48.69320782899071,6.956172546998673
assigned,5,48.68169624211094,9.736339248422187
relative,5,48.657586409194835,9.731517281838967
anyway,5,48.64337291337176,9.728674582674353
gop,4,48.5850029824585,12.146250745614624
percentage,8,48.512201521483625,6.064025190185453
employed,6,48.48051376412358,8.08008562735393
societies,5,48.47682753796381,9.695365507592761
upstairs,5,48.42690702328997,9.685381404657994
terrible,5,48.40630943112768,9.681261886225537
proposition,5,48.398323783712776,9.679664756742556
foot,6,48.38727207844811,8.06454534640802
elaborate,5,48.382487238059355,9.67649744761187
charges,5,48.35416753251869,9.670833506503737
choose,5,48.33032259176084,9.666064518352169
resident,4,48.27742136934906,12.069355342337264
formal,5,48.271652841404276,9.654330568280855
becoming,5,48.26588150730788,9.653176301461576
happens,6,48.25339048273981,8.042231747123301
papers,5,48.226696450883004,9.6453392901766
situations,5,48.209387494013,9.6418774988026
begins,5,48.19575244619363,9.639150489238727
practical,5,48.17233543223297,9.634467086446595
engine,6,48.16743088543065,8.027905147571774
novelties,4,48.160126465906174,12.040031616476544
display,5,48.154891912194955,9.630978382438991
ability,5,48.14235747674279,9.628471495348558
steak,4,48.13859566218575,12.034648915546438
bless,4,48.13105411804799,12.032763529511998
royal,5,48.11182252285176,9.622364504570353
corporate,4,48.100037984687354,12.025009496171839
kill,7,48.096366312660635,6.8709094732372336
challenge,5,48.08462448529044,9.616924897058087
artistic,5,48.077910782609095,9.61558215652182
safety,5,48.039480752198145,9.607896150439629
muscles,6,48.025535166872714,8.004255861145452
vital,5,47.973966437147155,9.59479328742943
combined,5,47.96569773388198,9.593139546776396
household,6,47.95101387172041,7.991835645286735
fifteen,6,47.9468820208356,7.991147003472601
reduction,5,47.94195044630552,9.588390089261104
concerns,6,47.93224285898652,7.98870714316442
ignored,5,47.92133683354211,9.58426736670842
forgotten,6,47.88275612044502,7.980459353407504
wonder,6,47.8652179005786,7.9775363167631
destroyed,5,47.80788666753216,9.561577333506431
ourselves,5,47.805029318513675,9.561005863702736
aide,4,47.798342267884465,11.949585566971116
sweep,4,47.79776259394028,11.94944064848507
mankind,5,47.78634928020066,9.557269856040133
knee,5,47.75788629094362,9.551577258188724
contrary,5,47.70982970689019,9.541965941378038
candidates,5,47.69179730208714,9.538359460417428
extremely,6,47.689387964345364,7.948231327390894
palm,5,47.68158424392825,9.53631684878565
birth,6,47.65198372745494,7.941997287909157
frame,5,47.61342403478726,9.522684806957452
games,6,47.60908356910863,7.9348472615181045
agencies,7,47.57599089189242,6.796570127413203
sheriff,5,47.57543480821967,9.515086961643934
extra,5,47.57275465868442,9.514550931736883
bar,6,47.544447816289306,7.924074636048218
glad,6,47.532746765481846,7.922124460913641
educational,5,47.52805872223976,9.505611744447952
criticism,5,47.51308710321533,9.502617420643066
throat,7,47.49880320967274,6.7855433156675335
contributed,5,47.493029891743134,9.498605978348627
stories,6,47.47370161837493,7.912283603062488
detergent,5,47.46117297074809,9.492234594149618
hung,5,47.457621658392156,9.49152433167843
sergeant,5,47.43744467490976,9.487488934981952
clubs,5,47.42664060756784,9.485328121513568
toll,4,47.41661707462869,11.854154268657172
violence,6,47.40402348803481,7.900670581339135
appealing,4,47.36549946758923,11.841374866897308
centers,6,47.35709045444312,7.892848409073853
joyce,4,47.349380649078256,11.837345162269564
beat,5,47.3468042207215,9.469360844144301
bullet,5,47.32796558270191,9.465593116540381
democrats,5,47.32647998219866,9.465295996439732
drop,5,47.31554813667164,9.463109627334328
interpretation,5,47.26479206776831,9.452958413553663
judging,4,47.26432557178884,11.81608139294721
circles,5,47.252085785793746,9.45041715715875
novel,5,47.24350551330919,9.448701102661838
mills,5,47.23384855296604,9.446769710593207
pages,5,47.23266512023993,9.446533024047985
stretching,4,47.19294729481392,11.79823682370348
damp,4,47.18691774643302,11.796729436608254
disapproval,4,47.15234693432703,11.788086733581757
claimed,5,47.1368934611957,9.42737869223914
describing,4,47.117609200857615,11.779402300214404
leg,6,47.112568214296004,7.852094702382668
reverse,4,47.107473298309536,11.776868324577384
curves,5,47.10321917647749,9.420643835295497
observe,5,47.09478837817788,9.418957675635577
soil,5,47.08461376366072,9.416922752732145
citizen,6,47.08083969443679,7.846806615739465
theater,5,47.07635489607938,9.415270979215876
annual,7,47.04497891039728,6.720711272913897
pure,5,46.986021598113574,9.397204319622714
specimens,4,46.974778739197205,11.743694684799301
bitterly,4,46.969746519516015,11.742436629879004
diet,4,46.94800502579983,11.737001256449958
monstrous,4,46.94643985615224,11.73660996403806
drawn,6,46.86742693493099,7.811237822488498
introduction,5,46.83576470363667,9.367152940727333
reports,5,46.835082925389436,9.367016585077888
cast,5,46.79974697238908,9.359949394477816
deserves,4,46.795380819470495,11.698845204867624
remembered,5,46.78474030431173,9.356948060862347
surprisingly,4,46.70926243022692,11.67731560755673
hans,6,46.69048186078337,7.781746976797229
forest,6,46.656206743340356,7.776034457223393
reward,4,46.64180266722041,11.660450666805103
belief,6,46.62215153754899,7.770358589591498
homeric,4,46.60177070105302,11.650442675263255
myra,4,46.594875666672735,11.648718916668184
maria,4,46.577660683532805,11.644415170883201
machines,5,46.57723667011019,9.315447334022037
signal,5,46.55246230208631,9.310492460417262
stepped,5,46.52773128194799,9.305546256389599
flew,5,46.50621369261901,9.301242738523802
plenty,6,46.47534655000327,7.745891091667212
characteristic,5,46.464096401965044,9.292819280393008
piano,5,46.43506806815853,9.287013613631705
sounded,5,46.42180736896405,9.28436147379281
hastily,4,46.41311877848864,11.60327969462216
blues,5,46.398218746207235,9.279643749241448
conviction,5,46.3893832288179,9.27787664576358
spirits,5,46.37808104967804,9.275616209935608
dirt,5,46.36556098109534,9.273112196219069
theme,5,46.36059656451158,9.272119312902316
expanding,5,46.35504498101512,9.271008996203024
win,6,46.335275480758796,7.7225459134598
authority,5,46.327576189761864,9.265515237952373
italian,5,46.32714916720772,9.265429833441544
blocks,7,46.30162448754821,6.614517783935459
materials,5,46.29962639562992,9.259925279125984
disappeared,5,46.20900606080873,9.241801212161747
shelter,5,46.166645341154094,9.23332906823082
join,6,46.16274524379231,7.693790873965384
accept,6,46.1411482493683,7.690191374894717
losing,4,46.13626889196192,11.53406722299048
cardinal,4,46.133927780266355,11.533481945066589
popularity,4,46.119007060781875,11.529751765195469
immediate,5,46.11668697940918,9.223337395881837
bag,5,46.09361500500596,9.218723001001191
specialists,4,46.0724555765118,11.51811389412795
ran,6,46.059930080942436,7.676655013490406
race,7,46.0124415386446,6.573205934092086
buy,6,45.983167656853176,7.663861276142196
satisfying,4,45.97077710847174,11.492694277117934
suspect,5,45.962746181795595,9.192549236359119
grass,6,45.95853464901708,7.659755774836181
headed,5,45.95205654139579,9.190411308279158
nice,5,45.95196640071099,9.190393280142198
pieces,5,45.91678648314392,9.183357296628785
watching,5,45.916212958669675,9.183242591733935
sinister,4,45.901098381733206,11.475274595433302
murders,4,45.893577159020396,11.473394289755099
supporting,4,45.86781060195144,11.46695265048786
curriculum,4,45.860116400369996,11.465029100092499
science,5,45.84983483252536,9.169966966505072
joseph,5,45.83689914320463,9.167379828640927
endless,4,45.814851156152386,11.453712789038097
laos,7,45.80564449328325,6.5436634990404645
styles,5,45.78639667395453,9.157279334790905
harris,4,45.77153618587993,11.442884046469983
magnificent,5,45.738584339104094,9.147716867820819
improvement,5,45.709885137899775,9.141977027579955
residence,5,45.692809513404534,9.138561902680907
struck,5,45.691244950969995,9.138248990193999
boat,5,45.6041232010292,9.120824640205841
quickly,6,45.58140178354476,7.59690029725746
traveling,4,45.580607122119645,11.395151780529911
vocational,5,45.576198290929376,9.115239658185875
product,6,45.56520505346998,7.594200842244997
partisan,4,45.56290207818461,11.390725519546152
imports,4,45.562503005651365,11.390625751412841
gonna,4,45.54771885056191,11.386929712640477
guests,5,45.52153043674065,9.10430608734813
patch,4,45.50734983044293,11.376837457610732
supposed,5,45.50205321167976,9.100410642335952
election,5,45.47493205313012,9.094986410626024
liquid,5,45.449092234635934,9.089818446927186
supports,4,45.44243007629059,11.360607519072648
isolation,4,45.431009744543175,11.357752436135794
expensive,5,45.4254660047084,9.08509320094168
lieutenant,4,45.414924376021645,11.353731094005411
cosmic,4,45.3993195404887,11.349829885122174
stephen,4,45.39216584082118,11.348041460205295
armed,5,45.32679661316259,9.065359322632519
island,16,45.32329717995062,2.832706073746914
dimensions,4,45.30569748725021,11.326424371812552
moves,5,45.28956208687257,9.057912417374514
nevertheless,5,45.264686216558864,9.052937243311773
flow,6,45.2560153384907,7.542669223081783
missile,7,45.23305316893387,6.461864738419124
sisters,4,45.23270309124238,11.308175772810594
planned,6,45.221804966163056,7.53696749436051
largest,6,45.201734836834916,7.53362247280582
killed,5,45.1789842018496,9.03579684036992
named,5,45.16004399449041,9.032008798898081
urge,4,45.1327458423615,11.283186460590375
kingdom,5,45.13262852421079,9.026525704842157
personally,4,45.11755893916667,11.279389734791668
firing,4,45.11133908719823,11.277834771799558
shoulders,7,45.046101537514616,6.435157362502088
ticket,4,45.03178820775247,11.257947051938118
occurred,5,44.990949464167976,8.998189892833595
passions,4,44.93710259646977,11.234275649117443
enormous,5,44.92020901698195,8.98404180339639
mythological,4,44.88245938205161,11.220614845512902
qualified,4,44.87897710730574,11.219744276826434
cape,4,44.87720321235777,11.219300803089443
damn,4,44.835441731154425,11.208860432788606
bonds,5,44.83023559534779,8.966047119069557
jury,5,44.79470849445342,8.958941698890683
demanding,4,44.7682473698748,11.1920618424687
thoughts,5,44.7362269213521,8.94724538427042
james,6,44.73609992128334,7.456016653547223
nerves,4,44.734913682231436,11.183728420557859
symbolic,5,44.72543500771732,8.945087001543465
matched,4,44.71706840412829,11.179267101032073
identical,5,44.69393243750956,8.938786487501911
assurance,4,44.6825747664749,11.170643691618725
enjoyment,4,44.64653505116087,11.161633762790217
lowest,5,44.6464758784644,8.92929517569288
brush,4,44.62296419450908,11.15574104862727
riding,5,44.62191965442313,8.924383930884627
surroundings,4,44.61779105961101,11.154447764902752
selection,5,44.567580158530006,8.913516031706001
originally,4,44.5560219315645,11.139005482891125
arthur,6,44.54747194659069,7.424578657765115
planes,4,44.54614191472839,11.136535478682097
ought,6,44.532457317002994,7.422076219500499
features,6,44.50517349307968,7.41752891551328
applicable,4,44.49299338969003,11.123248347422507
governments,5,44.487912896667645,8.897582579333529
hesperus,4,44.487379155074805,11.121844788768701
pierre,4,44.478987134553805,11.119746783638451
favored,4,44.47748894814467,11.119372237036167
dartmouth,4,44.47299984768202,11.118249961920505
cuban,4,44.45074102627761,11.112685256569403
liberty,4,44.441780634231634,11.110445158557908
bare,4,44.41608088985613,11.104020222464033
precious,4,44.401164821098924,11.100291205274731
protection,7,44.395760453446826,6.342251493349546
passing,5,44.37826811229264,8.875653622458527
familiar,5,44.365587697899954,8.87311753957999
helps,4,44.33559063225562,11.083897658063904
stronger,4,44.328502901010864,11.082125725252716
equal,6,44.297167823392755,7.3828613038987925
prospect,5,44.270018536137705,8.854003707227541
latest,5,44.254630695650164,8.850926139130033
via,5,44.238642167933975,8.847728433586795
cavalry,4,44.23653924286065,11.059134810715163
concrete,5,44.23073295664128,8.846146591328257
lose,6,44.229936945948495,7.371656157658083
sets,6,44.22572134124147,7.370953556873578
prints,4,44.224188554360964,11.056047138590241
hank,4,44.2231041598857,11.055776039971425
destination,4,44.17333921263481,11.043334803158702
moderate,4,44.172060746708155,11.043015186677039
hurt,4,44.17144236173628,11.04286059043407
officials,5,44.16828937150585,8.83365787430117
legal,5,44.16185705035456,8.832371410070913
mood,4,44.158803487316064,11.039700871829016
reserve,6,44.0977002996889,7.349616716614817
rest,6,44.079177306759384,7.346529551126564
tough,4,44.07498925301913,11.018747313254783
briefly,4,44.07217171560432,11.01804292890108
leading,5,44.038118494137045,8.80762369882741
allows,4,44.03179427723515,11.007948569308788
includes,5,44.03025387819136,8.806050775638273
intention,4,43.99922969073273,10.999807422683183
gorton,4,43.98500713149231,10.996251782873077
institution,5,43.96910521373908,8.793821042747815
deal,12,43.94065991273068,3.6617216593942232
alongside,4,43.91846987928759,10.979617469821898
evident,5,43.90428791745536,8.780857583491073
snow,5,43.89180142832648,8.778360285665297
surrounding,4,43.89017701707285,10.972544254268213
blow,4,43.88155936980538,10.970389842451345
dealer,4,43.87621214596639,10.969053036491598
bedroom,6,43.855177271726475,7.309196211954412
submitted,4,43.83717667028711,10.959294167571777
flower,4,43.822809405379886,10.955702351344971
fit,5,43.80201083535541,8.760402167071081
chiefly,4,43.7986924755168,10.9496731188792
focus,5,43.79069412823168,8.758138825646336
compulsivity,5,43.78065137184083,8.756130274368166
guy,5,43.772793946611415,8.754558789322283
host,5,43.751439629527944,8.750287925905589
shouting,5,43.74319374148777,8.748638748297555
threw,5,43.72890514195289,8.745781028390578
afford,4,43.722899792497444,10.930724948124361
wally,4,43.71990838821346,10.929977097053365
entry,4,43.69469673912536,10.92367418478134
dates,4,43.675417128852956,10.918854282213239
reads,4,43.65392777847558,10.913481944618894
ride,4,43.625252558836145,10.906313139709036
draft,4,43.608408836020786,10.902102209005196
baltimore,4,43.57798683932056,10.89449670983014
downtown,4,43.576551616822684,10.894137904205671
suppose,7,43.57417163223143,6.2248816617473475
techniques,5,43.566252703970854,8.71325054079417
mystery,4,43.535244967496254,10.883811241874064
author,5,43.53490855329167,8.706981710658335
evil,5,43.53328991215679,8.706657982431357
publicity,4,43.52891304297386,10.882228260743465
aspect,5,43.52587845299492,8.705175690598983
wrong,7,43.518027120249954,6.216861017178565
wooden,5,43.493500271334504,8.6987000542669
traditional,5,43.48791787321276,8.697583574642552
magnetic,4,43.466535120159136,10.866633780039784
seated,4,43.43559525631915,10.858898814079787
n,4,43.379926251751726,10.844981562937932
shorts,4,43.37157197336522,10.842892993341305
startled,4,43.3512952519185,10.837823812979625
muscle,4,43.3509419699552,10.8377354924888
sensitive,4,43.33583906454882,10.833959766137205
taylor,4,43.26866263508745,10.817165658771863
worry,5,43.26368222273115,8.65273644454623
counted,4,43.26260029588215,10.815650073970538
pass,6,43.25533628051901,7.209222713419835
cheek,4,43.23151127154095,10.807877817885238
basically,4,43.22348900291503,10.805872250728758
clung,4,43.223066201711354,10.805766550427839
minimum,6,43.194020169412454,7.199003361568742
drinking,4,43.19226872397423,10.798067180993558
directed,5,43.14583615893419,8.629167231786838
mad,4,43.128839788592934,10.782209947148234
scholarship,4,43.026323062891485,10.756580765722871
extend,4,43.00998800044112,10.75249700011028
varying,4,43.006810835378225,10.751702708844556
thereafter,4,42.99572151836485,10.748930379591213
compatible,4,42.9898392280323,10.747459807008076
pip,4,42.97246429492326,10.743116073730816
trail,5,42.97157151106712,8.594314302213423
previously,5,42.96882525128119,8.593765050256238
occasionally,4,42.963397826626085,10.740849456656521
numerous,4,42.94176671864398,10.735441679660996
beard,5,42.93774552007061,8.587549104014121
ultimately,4,42.937202770767946,10.734300692691987
merit,4,42.84795507547127,10.711988768867817
resentment,4,42.831711393856104,10.707927848464026
text,5,42.823274851335384,8.564654970267076
remainder,5,42.82210166385916,8.564420332771832
scrambled,4,42.80360734559399,10.700901836398497
tuesday,4,42.79795904628903,10.699489761572258
films,4,42.78915816991777,10.697289542479442
begged,4,42.77816190419114,10.694540476047784
wings,4,42.747906153156535,10.686976538289134
woodruff,4,42.674373928019186,10.668593482004797
seventh,6,42.66807713218161,7.111346188696935
addresses,4,42.66321308610728,10.66580327152682
warning,5,42.65625267829095,8.53125053565819
thorough,4,42.64463302709827,10.661158256774568
self,5,42.64047314993293,8.528094629986587
receiving,4,42.63923702874193,10.659809257185483
reaches,4,42.62976694812374,10.657441737030934
electric,7,42.62661753726934,6.089516791038477
tool,5,42.6102760795737,8.52205521591474
target,4,42.58124680340395,10.645311700850987
differences,5,42.57975697869487,8.515951395738973
momentous,3,42.57518323704157,14.191727745680524
blame,4,42.56477029186708,10.64119257296677
biblical,4,42.54424570506656,10.63606142626664
instructed,4,42.541277586028244,10.635319396507061
suited,5,42.53810318972553,8.507620637945106
minor,6,42.53172610844584,7.088621018074306
combustion,4,42.482791842156296,10.620697960539074
swung,5,42.48064591245411,8.496129182490822
swept,4,42.47493413178169,10.618733532945422
polyphosphates,3,42.47210629086055,14.157368763620184
grandfather,4,42.43931487098156,10.60982871774539
hate,5,42.43769584681016,8.487539169362032
saved,5,42.43543971257722,8.487087942515444
scheduled,4,42.43171588131933,10.607928970329832
wildlife,4,42.3747417369661,10.593685434241525
bitter,5,42.35628347833259,8.471256695666519
radical,4,42.3509586481903,10.587739662047575
atlanta,4,42.33106650394261,10.582766625985652
chlorine,5,42.32925708654755,8.46585141730951
somehow,4,42.32829378716765,10.582073446791913
output,5,42.30784060510115,8.46156812102023
command,5,42.29419788213349,8.458839576426698
sessions,4,42.291117365035376,10.572779341258844
obtain,5,42.26644201330727,8.453288402661453
worried,4,42.26493855000349,10.566234637500873
critics,4,42.26328139473938,10.565820348684845
hence,5,42.24780815088671,8.449561630177342
horn,5,42.23895181346053,8.447790362692107
suvorov,3,42.23132623341697,14.077108744472325
occasion,5,42.22991197190811,8.445982394381621
gang,4,42.22965216427107,10.557413041067768
invited,4,42.22764605469753,10.556911513674383
understood,5,42.19952296217686,8.439904592435372
vermont,4,42.179076859618846,10.544769214904711
sharing,4,42.171457636695735,10.542864409173934
meanwhile,4,42.13644015567624,10.53411003891906
productive,4,42.10242151154054,10.525605377885135
palmer,6,42.097134684875776,7.016189114145963
williams,4,42.07839832452801,10.519599581132002
anonymous,4,42.07361948155061,10.518404870387652
overcome,5,42.01822839385073,8.403645678770145
patterns,4,42.00407358138172,10.50101839534543
sacred,4,41.99473016532096,10.49868254133024
worse,4,41.994366425834016,10.498591606458504
interview,5,41.95648628010694,8.391297256021387
wire,4,41.93919026141113,10.484797565352782
stomach,6,41.93008736926883,6.988347894878139
challenging,4,41.91497043409729,10.478742608524323
patience,4,41.89295475123424,10.47323868780856
considering,4,41.892230556359834,10.473057639089959
lists,4,41.859444330073345,10.464861082518336
expense,6,41.84982290126024,6.974970483543373
electricity,4,41.816785679360116,10.454196419840029
disaster,4,41.76271536152576,10.44067884038144
utterly,4,41.749061250807266,10.437265312701816
admirably,3,41.70383467135818,13.90127822378606
listening,4,41.70268567135736,10.42567141783934
presumably,4,41.69048523258015,10.422621308145038
sorry,5,41.67745556989951,8.335491113979902
creating,4,41.67278713706704,10.41819678426676
consist,4,41.664447006435864,10.416111751608966
authentic,4,41.645900608608144,10.411475152152036
terror,4,41.639316281629014,10.409829070407254
train,5,41.61908117203109,8.323816234406218
teacher,5,41.61708282841688,8.323416565683377
angle,5,41.61263918774367,8.322527837548733
eventually,5,41.61220587727721,8.322441175455442
rice,4,41.59856648970509,10.399641622426273
suggest,5,41.5937342774637,8.31874685549274
angie,4,41.58265670701596,10.39566417675399
smiling,4,41.57348747112216,10.39337186778054
april,5,41.545463737620565,8.309092747524113
visitors,4,41.52965372212591,10.382413430531477
stuff,4,41.51365913424155,10.378414783560387
detail,6,41.499975926382184,6.91666265439703
rule,5,41.492978999437184,8.298595799887437
baker,5,41.4881825356297,8.29763650712594
december,5,41.47673185832229,8.295346371664458
suspended,4,41.47286789226521,10.368216973066302
widely,4,41.47088548855448,10.36772137213862
delightful,4,41.455837324196324,10.363959331049081
illustrated,4,41.43532606740768,10.35883151685192
splendid,4,41.42285315163094,10.355713287907735
weekend,4,41.412716912132424,10.353179228033106
controversy,4,41.39422479500957,10.348556198752393
tanks,4,41.38707517611645,10.346768794029112
desired,4,41.37312713731234,10.343281784328084
moscow,4,41.372304558099884,10.343076139524971
gate,4,41.31903955521146,10.329759888802865
acceptance,4,41.313107715894475,10.328276928973619
title,5,41.308286053814754,8.261657210762952
insurance,5,41.286961191311995,8.2573922382624
commenting,3,41.28261742284209,13.760872474280696
seriously,4,41.25609929650158,10.314024824125395
owners,4,41.24422460952461,10.311056152381152
systematic,4,41.21237000336347,10.303092500840867
pleasure,4,41.1850762079776,10.2962690519944
thick,4,41.16733005266842,10.291832513167105
fist,5,41.162419061746924,8.232483812349384
maryland,4,41.15425821206753,10.288564553016883
introduced,4,41.137864432385015,10.284466108096254
waste,4,41.12187695973521,10.280469239933803
treated,4,41.10801615636938,10.277004039092345
intentions,4,41.1039340024371,10.275983500609275
plunged,4,41.06702937137728,10.26675734284432
compromise,4,41.053738606271494,10.263434651567874
hated,5,41.04754726874785,8.20950945374957
jews,4,41.04211345169843,10.260528362924607
medieval,4,41.0325733443642,10.25814333609105
sudden,4,41.02153789772471,10.255384474431178
creature,4,41.01242458712247,10.253106146780617
sweet,4,40.96049755878553,10.240124389696382
switzerland,3,40.956309244976126,13.652103081658709
acres,6,40.93259374424756,6.822098957374593
colored,4,40.91971273677043,10.229928184192607
proud,5,40.875646703498674,8.175129340699735
graduate,4,40.8674002896895,10.216850072422375
hudson,5,40.85339003293308,8.170678006586616
static,4,40.84506475783667,10.211266189459167
eggs,4,40.837073726696175,10.209268431674044
operate,5,40.82876945460555,8.16575389092111
wound,4,40.82709084117552,10.20677271029388
unfortunately,4,40.81933090179532,10.20483272544883
swim,4,40.808162795428714,10.202040698857179
filling,4,40.778174456921455,10.194543614230364
papa,4,40.770022751081065,10.192505687770266
fool,4,40.76899269421885,10.192248173554713
appointed,4,40.75202954733589,10.188007386833972
lewis,4,40.746964620853674,10.186741155213419
reverend,4,40.723805704945704,10.180951426236426
alternate,3,40.69702124537528,13.565673748458428
teaching,5,40.69688147929938,8.139376295859876
allies,5,40.691718594966545,8.138343718993308
powers,4,40.68557271889051,10.171393179722628
awarded,4,40.63080750947225,10.157701877368062
parents,4,40.629030306318484,10.157257576579621
returns,4,40.628298838509885,10.157074709627471
stolen,4,40.622434120630864,10.155608530157716
hearst,4,40.6061862754937,10.151546568873425
softly,4,40.60313100147389,10.150782750368473
crown,4,40.60041183608973,10.150102959022432
hungry,4,40.58819103774496,10.14704775943624
trucks,4,40.57743024963114,10.144357562407786
storm,4,40.57290102139662,10.143225255349154
finds,5,40.55261631435935,8.110523262871869
megatons,4,40.54245609673213,10.135614024183033
contrast,5,40.53096182144981,8.106192364289962
indian,5,40.52962131362845,8.10592426272569
wondered,5,40.52105578309898,8.104211156619796
pupils,4,40.51370524314966,10.128426310787415
peculiar,4,40.509748613781234,10.127437153445308
bringing,4,40.50564243491539,10.126410608728847
periods,5,40.50152253543415,8.100304507086829
easier,5,40.47585660597865,8.09517132119573
medium,4,40.4751765981329,10.118794149533224
offers,4,40.43687671434167,10.109219178585418
reactions,5,40.43404030425252,8.086808060850505
reflected,4,40.37866079615647,10.094665199039117
distinction,4,40.37775438717135,10.094438596792838
doctrine,5,40.36052348415886,8.072104696831772
gently,4,40.354145253168355,10.088536313292089
variations,4,40.33965217555344,10.08491304388836
forehead,5,40.33473535346244,8.066947070692489
primarily,4,40.33191864233619,10.082979660584048
assume,5,40.310855267798,8.062171053559599
peered,4,40.30848860978007,10.077122152445018
emerged,4,40.28334633610615,10.070836584026537
skin,4,40.278978914143586,10.069744728535897
roof,4,40.27419603783119,10.068549009457797
stone,4,40.26317009318907,10.065792523297267
producing,4,40.260705279570956,10.065176319892739
meat,4,40.2596831520566,10.06492078801415
presidential,4,40.252116809732996,10.063029202433249
promised,4,40.2459319126353,10.061482978158825
resistance,4,40.245890991338335,10.061472747834584
alex,4,40.2400190876464,10.0600047719116
welfare,4,40.2377603254662,10.05944008136655
automatic,4,40.2280189792644,10.0570047448161
inspector,4,40.221520937897616,10.055380234474404
considerations,4,40.20455704395265,10.051139260988162
salaries,3,40.200341489210786,13.400113829736929
trip,5,40.186550147385184,8.037310029477037
relationships,4,40.184893929364456,10.046223482341114
coach,4,40.17973663125004,10.04493415781251
pictures,4,40.12988902423487,10.032472256058718
intelligence,4,40.12832515483819,10.032081288709547
facing,4,40.10721374506079,10.026803436265197
throw,4,40.102851591313794,10.025712897828448
represent,5,40.10053788426895,8.02010757685379
laboratory,4,40.08864700927721,10.022161752319303
whereas,4,40.08132530422575,10.020331326056438
climate,4,40.066058056564856,10.016514514141214
survival,4,40.063364293080575,10.015841073270144
cereal,4,40.044950240756116,10.011237560189029
confronted,4,40.02325705233601,10.005814263084002
associations,4,40.00355386347407,10.000888465868517
angular,4,39.992789047077835,9.998197261769459
richness,3,39.96805773519945,13.322685911733151
represented,4,39.95345625256799,9.988364063141997
removal,4,39.940179133276025,9.985044783319006
fluid,4,39.939969965209265,9.984992491302316
dependent,4,39.92644174448997,9.981610436122493
blanche,4,39.906170125101156,9.976542531275289
comfort,4,39.87640456827017,9.969101142067542
strike,4,39.864252733397834,9.966063183349458
resulted,4,39.83755096470048,9.95938774117512
coherent,3,39.79459156675181,13.264863855583938
gift,4,39.754599973809945,9.938649993452486
lincoln,4,39.7357236906441,9.933930922661025
stored,5,39.73110032340173,7.946220064680347
maid,4,39.72863158954347,9.932157897385867
publications,5,39.72768586046115,7.94553717209223
aids,5,39.71880471893111,7.943760943786222
chair,5,39.684779464559874,7.936955892911975
zero,4,39.670938234726705,9.917734558681676
collect,4,39.66068310269902,9.915170775674754
waters,4,39.64284642988481,9.910711607471203
farmers,4,39.60547141885911,9.901367854714778
seat,6,39.580158825505066,6.596693137584178
griffith,4,39.569119869007686,9.892279967251921
encouraged,4,39.55001960482587,9.887504901206468
reasonably,4,39.53165094451593,9.882912736128983
pale,4,39.53113948894381,9.882784872235952
miniature,3,39.50970771966789,13.169902573222629
representative,4,39.47492766334781,9.868731915836953
untouched,3,39.45683394078891,13.152277980262971
admitted,4,39.43957947582606,9.859894868956514
rich,4,39.438730540874175,9.859682635218544
mixture,4,39.42764389183868,9.85691097295967
safe,4,39.422732559454325,9.855683139863581
distributed,4,39.402706322673296,9.850676580668324
affair,5,39.39795305317844,7.879590610635688
testimony,4,39.393231517908035,9.848307879477009
popularly,3,39.39169742889866,13.130565809632886
driven,5,39.369604050586574,7.873920810117315
grain,4,39.35585739046914,9.838964347617285
ultimate,4,39.33048744829982,9.832621862074955
cowboy,4,39.32565670727351,9.831414176818377
slavery,4,39.32352383708965,9.830880959272413
dave,4,39.31862700011255,9.829656750028137
sporadic,3,39.31153160288991,13.103843867629969
unification,3,39.28565781251673,13.09521927083891
garage,4,39.277577340975654,9.819394335243913
taught,5,39.24141282524408,7.848282565048817
arm,6,39.22819213002282,6.53803202167047
contemporary,4,39.21746974473091,9.804367436182728
route,4,39.209060751792535,9.802265187948134
jane,5,39.20893708497149,7.841787416994298
morphophonemic,3,39.20332781268263,13.067775937560876
likelihood,4,39.16796691235531,9.791991728088828
inventory,4,39.14598474764453,9.786496186911133
assignment,5,39.13692036139251,7.827384072278503
inner,4,39.11657337122844,9.77914334280711
wood,4,39.09805542551416,9.77451385637854
overcomes,3,39.060266576509804,13.020088858836601
glorious,3,39.03963879235293,13.013212930784311
lips,6,39.027770764388535,6.504628460731422
proposal,4,39.02212343381225,9.755530858453062
evaluation,4,39.017912604132285,9.754478151033071
conceivably,3,38.946612725230445,12.982204241743482
occur,4,38.91798924694233,9.729497311735582
institute,7,38.91672095505734,5.559531565008192
utilizing,3,38.91189739013368,12.970632463377894
spans,3,38.909209254106415,12.969736418035472
conference,6,38.89591861118031,6.482653101863385
amounts,4,38.887807866213095,9.721951966553274
owned,4,38.86878539122208,9.71719634780552
privilege,4,38.859453133489296,9.714863283372324
punishment,4,38.81413321805174,9.703533304512934
eromonga,3,38.79939026019525,12.933130086731751
request,4,38.75890772586276,9.68972693146569
anxiety,4,38.75630721304179,9.689076803260447
adopted,4,38.746782850721175,9.686695712680294
collapse,3,38.73528719274604,12.911762397582015
rain,4,38.72438556189929,9.681096390474822
brandishing,3,38.69925624206559,12.899752080688529
sell,5,38.69259529527129,7.738519059054258
advance,5,38.684414153175446,7.736882830635089
mayer,3,38.669054801172905,12.889684933724302
radiosterilization,3,38.666139242368246,12.888713080789415
chronological,3,38.660655687832254,12.886885229277418
runs,7,38.65872993383583,5.52267570483369
benefits,4,38.62988893982217,9.657472234955543
realm,4,38.62940223152214,9.657350557880536
belt,4,38.62596098430368,9.65649024607592
stations,4,38.574568394966064,9.643642098741516
invariably,4,38.555155373173115,9.638788843293279
finish,4,38.537572486126194,9.634393121531549
suspected,4,38.52241999877063,9.630604999692657
sympathy,4,38.489009380469454,9.622252345117364
objective,6,38.47349177461661,6.412248629102769
scream,3,38.47242661549759,12.824142205165863
shook,4,38.47180405935871,9.617951014839678
address,6,38.46472375120263,6.410787291867105
popping,3,38.46040282225705,12.820134274085683
murder,4,38.454138230951294,9.613534557737824
sides,8,38.42522326803682,4.803152908504602
performances,4,38.42088988240513,9.605222470601282
surprising,4,38.39597923868314,9.598994809670785
besides,4,38.38898017461662,9.597245043654155
difficulties,4,38.37788390533693,9.594470976334232
possibility,5,38.368741943876174,7.673748388775235
spend,5,38.3502080635096,7.67004161270192
critically,3,38.34693589769442,12.78231196589814
printing,4,38.3392289768436,9.5848072442109
cell,7,38.337030539563145,5.476718648509021
awareness,4,38.31715024594316,9.57928756148579
nearby,4,38.31217943237489,9.578044858093723
sports,5,38.31023421775126,7.662046843550252
ages,5,38.304653463429226,7.660930692685845
embassy,4,38.30314665589338,9.575786663973345
kerosene,3,38.299144363346535,12.766381454448846
california,4,38.27759750574917,9.569399376437293
iron,5,38.241836352144404,7.6483672704288805
guess,5,38.24067769861051,7.6481355397221025
poems,4,38.22083419403464,9.55520854850866
concentration,4,38.21937542642715,9.554843856606787
oral,4,38.20959736445597,9.552399341113993
touched,4,38.2005526706065,9.550138167651625
softened,3,38.195800951568756,12.731933650522919
strangled,3,38.17844668278259,12.726148894260865
lawrence,4,38.16899798923488,9.54224949730872
survey,4,38.16714737051478,9.541786842628696
knelt,3,38.16159641545953,12.72053213848651
desire,5,38.157945447378125,7.631589089475625
restaurant,4,38.157566369891136,9.539391592472784
organizations,5,38.15702871337854,7.631405742675708
advantages,4,38.1536606652125,9.538415166303125
football,5,38.14998262492787,7.629996524985574
careful,5,38.12745640498105,7.62549128099621
agency,4,38.12646905423627,9.531617263559067
raid,3,38.110157175235386,12.703385725078462
conversation,4,38.105774856441194,9.526443714110298
canons,3,38.0987607839556,12.6995869279852
recovered,3,38.09362965950471,12.697876553168236
digital,3,38.08905013745512,12.696350045818372
gained,4,38.07518330827101,9.518795827067752
rifle,4,38.07274722560557,9.518186806401392
cries,3,38.06022640232376,12.686742134107918
raising,4,38.05344531202593,9.513361328006482
dupont,3,38.02475874610021,12.674919582033404
rings,3,38.00695116856425,12.66898372285475
begin,5,37.96998120303683,7.593996240607366
catatonia,3,37.956073849414764,12.652024616471587
enzyme,3,37.95003486274918,12.650011620916393
hurry,4,37.923696154627606,9.480924038656902
strictly,4,37.913455981420775,9.478363995355194
tv,4,37.87215858521304,9.46803964630326
weapons,5,37.86775652317051,7.573551304634103
phase,6,37.85982752191985,6.309971253653308
foremost,3,37.82702513284761,12.60900837761587
reorganization,4,37.8165462304345,9.454136557608624
depends,4,37.78514561078897,9.446286402697243
failed,5,37.77441317567524,7.554882635135049
proportion,5,37.77356525702031,7.554713051404062
puzzle,3,37.74806563515267,12.58268854505089
seeing,5,37.74204637725276,7.5484092754505525
gibby,3,37.73836152085508,12.579453840285026
troops,4,37.72416567779215,9.431041419448038
motels,3,37.71573172384309,12.571910574614364
tracks,3,37.7081530779713,12.569384359323768
watch,5,37.685105198200475,7.537021039640095
indians,4,37.67432677031661,9.418581692579153
manufacturing,4,37.65897025233512,9.41474256308378
potatoes,4,37.652271289349066,9.413067822337267
movements,5,37.65214952684938,7.530429905369876
sixth,4,37.63989601275005,9.409974003187513
supper,4,37.636494670517365,9.409123667629341
bread,5,37.600689375857115,7.520137875171423
patient,5,37.59757140500896,7.5195142810017925
lies,4,37.589217740869856,9.397304435217464
native,4,37.55331355836676,9.38832838959169
rights,6,37.549310061330026,6.258218343555004
nickname,3,37.50365626426632,12.50121875475544
nerve,3,37.47231683888329,12.490772279627762
compared,5,37.46114496916641,7.492228993833282
viewed,4,37.449313501769716,9.362328375442429
interfere,3,37.37709968087072,12.459033226956906
unlikely,4,37.371360098313865,9.342840024578466
tiny,4,37.36351583569583,9.340878958923957
unconsciously,3,37.35604559623988,12.452015198746627
exclusively,4,37.33385479440111,9.333463698600278
asleep,4,37.31293750717316,9.32823437679329
media,3,37.28820691259716,12.429402304199053
horizontal,3,37.28056090188994,12.426853633963313
cooper,3,37.27743105157041,12.42581035052347
carl,4,37.27207534596824,9.31801883649206
supplied,4,37.26622915551147,9.316557288877867
absurd,3,37.26601107593102,12.422003691977006
gripping,3,37.25890966669212,12.41963655556404
rarely,4,37.25829068623689,9.314572671559223
sex,4,37.24146691749408,9.31036672937352
spot,4,37.202898665176484,9.300724666294121
morality,4,37.18131042239369,9.295327605598423
achieve,5,37.170255030511285,7.434051006102257
persian,3,37.161868924591886,12.387289641530629
inspiration,3,37.161293124801695,12.387097708267232
tumbled,3,37.16000875791428,12.386669585971426
architecture,3,37.153335458751826,12.384445152917275
fought,4,37.14720802266464,9.28680200566616
opium,3,37.136377096808715,12.378792365602905
detailed,5,37.13450445110013,7.4269008902200255
carriage,3,37.12823000999305,12.376076669997682
existential,3,37.11486189567125,12.371620631890416
faced,4,37.08942540137034,9.272356350342585
foundation,4,37.07757180250236,9.26939295062559
opinions,5,37.06220846317382,7.412441692634763
invaluable,3,37.044245547915665,12.348081849305222
precision,4,37.04279016719936,9.26069754179984
toronto,3,37.03805959295957,12.346019864319857
pollution,3,37.03511259425052,12.34503753141684
mama,4,37.032263857906116,9.258065964476529
wave,4,37.02510076992858,9.256275192482144
satisfy,4,37.023092313032805,9.255773078258201
sheets,4,37.00703595355019,9.251758988387547
demands,4,36.99029152867739,9.247572882169347
shaw,3,36.99025624406496,12.33008541468832
grim,3,36.986717936859286,12.328905978953095
copy,4,36.978970273511464,9.244742568377866
fail,4,36.97090718184404,9.24272679546101
practiced,3,36.968896108292284,12.322965369430761
misunderstanding,3,36.93021661147471,12.310072203824904
relieved,3,36.928919595840576,12.309639865280191
arranged,4,36.9114361017012,9.2278590254253
grudge,3,36.885481623013355,12.295160541004451
corner,6,36.88443102028,6.1474051700466665
belong,4,36.858042775806275,9.214510693951569
greatly,4,36.85410978472352,9.21352744618088
intelligible,3,36.84400940045623,12.281336466818743
ramey,4,36.83692873436112,9.20923218359028
advertising,4,36.80356311964051,9.200890779910127
augmented,3,36.79542075431802,12.265140251439341
angry,4,36.770283447428014,9.192570861857003
phony,3,36.768217198265845,12.256072399421948
palatability,3,36.76575107764148,12.255250359213827
surge,3,36.762603118760936,12.25420103958698
catholics,4,36.749622471594,9.1874056178985
operates,3,36.74235295127488,12.247450983758293
parliament,3,36.73228496008872,12.24409498669624
alliance,4,36.731115264460534,9.182778816115134
fixing,3,36.70802456932162,12.236008189773875
spreading,3,36.700442736988656,12.233480912329552
atomic,4,36.69216718672525,9.173041796681312
subscribers,3,36.69204375078223,12.230681250260744
fed,4,36.67960872554552,9.16990218138638
alfred,4,36.64706768318342,9.161766920795856
trailed,3,36.63998753643185,12.213329178810618
indifferent,3,36.63609685998414,12.212032286661382
featured,3,36.63016175662665,12.21005391887555
premium,3,36.62729213356211,12.209097377854036
witnessed,3,36.61073074870722,12.20357691623574
pope,4,36.6038147203649,9.150953680091225
informed,4,36.59552687162064,9.14888171790516
row,4,36.58251939095281,9.145629847738203
theirs,3,36.56669875795487,12.188899585984956
species,4,36.566476413601144,9.141619103400286
loud,3,36.56133763735649,12.187112545785496
indicating,3,36.55228315414023,12.18409438471341
bound,4,36.53275600907105,9.133189002267763
outstanding,4,36.5257506339898,9.13143765849745
geometry,3,36.521625729435996,12.173875243145332
doll,3,36.51531863319999,12.17177287773333
daughter,6,36.50793554382626,6.0846559239710425
message,5,36.48318388633953,7.296636777267906
recruit,3,36.46560334115546,12.155201113718485
emphasis,4,36.46085319659076,9.11521329914769
writes,4,36.451610363351634,9.112902590837908
internal,5,36.45083061257433,7.290166122514866
transfers,3,36.4318301445974,12.143943381532466
emotions,4,36.428229033645216,9.107057258411304
prolonged,4,36.4265180268161,9.106629506704024
crawled,3,36.42272423438056,12.140908078126854
arranging,3,36.42089620663013,12.140298735543377
seasonal,3,36.39054513665833,12.130181712219445
potential,4,36.38467382318953,9.096168455797383
louder,3,36.38460538977352,12.128201796591172
tibet,3,36.37475723025605,12.124919076752017
pumping,3,36.3655498634833,12.121849954494435
demonstrated,4,36.36438435751993,9.091096089379983
memory,4,36.34822544998009,9.087056362495023
burial,3,36.34475039651902,12.114916798839673
flexibility,3,36.34447718045749,12.114825726819163
kowalski,3,36.34406512823522,12.114688376078407
dwelling,3,36.34364869508223,12.11454956502741
agreeable,3,36.317882600070554,12.105960866690184
brain,4,36.31267187298913,9.078167968247282
yards,6,36.29903319658293,6.049838866097155
pleading,3,36.28357871700598,12.094526239001993
faulkner,3,36.27774708108318,12.092582360361058
sincerity,3,36.27681415183108,12.092271383943695
preserve,4,36.25551966727755,9.063879916819387
traveler,3,36.254858458010474,12.084952819336825
vector,3,36.25113864693512,12.083712882311707
demonstration,4,36.2350948614238,9.05877371535595
collection,5,36.21461000336019,7.2429220006720385
travelers,3,36.20916031725585,12.06972010575195
tenure,3,36.20506531878238,12.068355106260794
secular,3,36.19941849846578,12.066472832821928
youth,4,36.19188360720224,9.04797090180056
princess,3,36.180171091294895,12.060057030431631
recordings,3,36.17056313191631,12.056854377305436
enjoy,4,36.15967176590168,9.03991794147542
accent,3,36.15819462896644,12.052731542988814
limiting,3,36.15339245404895,12.051130818016317
attraction,4,36.15095405527664,9.03773851381916
estimate,4,36.14358728645571,9.035896821613928
steeple,3,36.137055795865784,12.045685265288595
disappointment,3,36.11931097278179,12.039770324260596
motif,3,36.115759793276766,12.038586597758922
representatives,4,36.049597082862434,9.012399270715608
museums,3,36.0312963559674,12.0104321186558
nassau,3,36.02499959372704,12.008333197909012
inability,3,36.02469489158214,12.008231630527382
examine,3,36.02281637285503,12.007605457618345
sitting,4,36.02104783877033,9.005261959692582
desires,3,36.019262160342684,12.006420720114228
occasions,4,36.00986074927527,9.002465187318817
actors,3,36.006691743339175,12.002230581113059
stress,8,35.95331885402364,4.494164856752955
discuss,4,35.94911326853715,8.987278317134287
missionary,3,35.914207207295895,11.971402402431965
clouds,4,35.90494308679165,8.976235771697912
indicates,4,35.90054101672935,8.975135254182337
currently,4,35.89872331645352,8.97468082911338
unitarian,3,35.88787525080135,11.96262508360045
engaged,4,35.88331597735361,8.970828994338403
cooked,3,35.86984045546978,11.956613485156593
deputy,3,35.855285702142766,11.951761900714255
explain,4,35.84674612048766,8.961686530121915
growing,4,35.84346402529877,8.960866006324693
pennsylvania,4,35.827388602426296,8.956847150606574
curious,4,35.79088466778876,8.94772116694719
encourage,5,35.76333831094986,7.152667662189972
frequent,4,35.7584917352585,8.939622933814626
ignorant,3,35.75492040480003,11.91830680160001
quaint,3,35.75390232325449,11.917967441084832
willingness,3,35.73773150384201,11.912577167947335
yarn,4,35.72439810860577,8.931099527151442
loved,4,35.722684155271025,8.930671038817756
meaningful,3,35.72163931288033,11.907213104293442
concepts,4,35.71191837922649,8.927979594806622
deny,5,35.70519825112872,7.1410396502257445
telling,4,35.69174550344209,8.922936375860523
confront,3,35.68597308242795,11.895324360809317
vivian,3,35.67274097161569,11.89091365720523
background,4,35.65501937103477,8.913754842758692
douglas,3,35.648991834403226,11.88299727813441
sturdy,3,35.63185076563721,11.877283588545737
zen,3,35.63003202784846,11.876677342616153
horrible,3,35.62933442357594,11.876444807858647
diagnosis,3,35.6032306554032,11.867743551801068
responses,4,35.58064498492356,8.89516124623089
prevot,3,35.54886510841679,11.849621702805598
snatched,3,35.539369788971285,11.846456596323762
completing,3,35.53313041709312,11.844376805697706
nationally,3,35.52372622705153,11.841242075683844
jar,3,35.520190894371304,11.8400636314571
interaction,3,35.50572465713373,11.83524155237791
representations,3,35.45485579476872,11.818285264922906
edition,4,35.427660012498386,8.856915003124596
berry,3,35.42414868570365,11.808049561901216
constructed,4,35.39069105693381,8.847672764233453
draw,4,35.388992860837476,8.847248215209369
declare,3,35.38578562396755,11.79526187465585
holiday,3,35.37628638272333,11.792095460907776
knows,4,35.364575311853606,8.841143827963402
useful,4,35.3592734602663,8.839818365066575
snake,4,35.35633400533075,8.839083501332688
fiber,4,35.342956970212136,8.835739242553034
concert,4,35.341757583613415,8.835439395903354
unable,4,35.340462845726975,8.835115711431744
barbecue,3,35.31389547521785,11.771298491739282
intensive,3,35.302524472424786,11.767508157474929
achievements,3,35.28420469130969,11.761401563769896
treasury,6,35.27273168098057,5.878788613496762
beating,3,35.272375514199304,11.757458504733101
streets,5,35.26992885722344,7.0539857714446885
restrained,3,35.255739054953324,11.751913018317774
serving,4,35.247139264080005,8.811784816020001
constitution,4,35.24602976345537,8.811507440863842
rag,3,35.23337189679626,11.744457298932085
thoughtful,3,35.23151073595616,11.743836911985385
badly,4,35.200660743038696,8.800165185759674
texture,3,35.18740175778099,11.72913391926033
degrees,3,35.17095592767982,11.723651975893274
statements,5,35.16558097184506,7.033116194369012
vanity,3,35.15943949327351,11.719813164424503
anderson,3,35.158570446953846,11.719523482317948
fractions,3,35.14242426256535,11.714141420855116
noble,3,35.13973443973225,11.713244813244083
floating,3,35.12812603781836,11.709375345939455
feeds,3,35.112747892148256,11.704249297382752
retail,3,35.1002927338671,11.7000975779557
frustrated,3,35.09648205309197,11.698827351030657
verse,4,35.08153567830509,8.770383919576272
grade,4,35.08121191010802,8.770302977527004
deciding,3,35.075885789565405,11.691961929855134
humorous,3,35.07208866490553,11.690696221635177
casually,3,35.06793249515561,11.689310831718537
stores,4,35.04574085321963,8.761435213304907
density,4,35.04561786861675,8.761404467154188
campus,3,35.04131454395565,11.68043818131855
learn,5,35.04057262037293,7.0081145240745855
boards,4,35.0278026300662,8.75695065751655
begun,5,35.01636465846611,7.003272931693222
murmured,3,35.00948723365503,11.66982907788501
distorted,3,35.00238866783032,11.667462889276772
determining,4,34.99046749528658,8.747616873821645
fish,4,34.97971638660024,8.74492909665006
stirring,3,34.97251014029155,11.657503380097182
passes,4,34.96954153998987,8.742385384997467
invention,3,34.96906589112072,11.65635529704024
exhibit,3,34.961136132658226,11.653712044219409
intense,4,34.958824820160245,8.739706205040061
connecticut,3,34.92606556713568,11.642021855711894
illustrations,4,34.921227509896305,8.730306877474076
crash,3,34.920441074015095,11.640147024671698
discussing,3,34.90507960594017,11.635026535313392
trades,3,34.894129211654246,11.63137640388475
accompanying,3,34.88759313571178,11.629197711903927
ruled,4,34.8795881491433,8.719897037285826
usefulness,3,34.86630376603646,11.622101255345486
cultures,3,34.86547632231435,11.62182544077145
reluctant,3,34.86327584481655,11.621091948272182
fury,3,34.85878737392885,11.619595791309616
grandma,3,34.8505534724425,11.616851157480832
manners,3,34.84902411205968,11.61634137068656
versions,3,34.84605259071643,11.615350863572145
guilty,4,34.827544599145035,8.706886149786259
castro,4,34.805464749612426,8.701366187403107
draws,3,34.80310763433508,11.601035878111693
breakdown,3,34.79460150853426,11.598200502844753
mobile,4,34.78523450545133,8.696308626362832
deals,3,34.78342546775305,11.594475155917683
blankets,3,34.7790553001927,11.593018433397567
blessing,3,34.77630393570608,11.592101311902027
planners,3,34.74643537319269,11.582145124397563
print,3,34.73665098689426,11.578883662298088
stem,3,34.7364050057832,11.5788016685944
civic,3,34.71143849149023,11.57047949716341
investigations,4,34.668386176249996,8.667096544062499
strengthen,3,34.664556497959516,11.554852165986505
worst,4,34.662442443509484,8.665610610877371
muscular,3,34.65146153840139,11.550487179467131
heroic,3,34.6453929276988,11.548464309232934
bridget,3,34.63786105934842,11.545953686449472
roared,3,34.63448990045613,11.54482996681871
marine,4,34.6303686218168,8.6575921554542
hunter,3,34.62555569211438,11.54185189737146
juanita,3,34.61376845517168,11.53792281839056
sample,4,34.60566293311567,8.651415733278917
abstraction,3,34.598049582618664,11.532683194206221
religions,3,34.58985215008268,11.529950716694225
cultivated,3,34.58832832824802,11.529442776082673
carved,3,34.585371754669985,11.528457251556661
functional,3,34.57861987575059,11.526206625250197
vulnerable,3,34.57562997990708,11.52520999330236
electronics,3,34.57462262281592,11.524874207605308
wishes,3,34.57059040150391,11.523530133834635
cleveland,3,34.52533643405741,11.508445478019135
entities,3,34.522385065918854,11.507461688639617
pursuit,3,34.52215622333282,11.507385407777607
sovereign,4,34.522112501567676,8.630528125391919
stranger,3,34.50384722977529,11.501282409925096
matson,3,34.49988073194716,11.499960243982386
empty,4,34.49710033793845,8.624275084484612
permitted,4,34.49609229819624,8.62402307454906
reader,4,34.487753048688816,8.621938262172204
eastern,4,34.48720667439349,8.621801668598373
l,4,34.483681063824946,8.620920265956237
joke,3,34.469278230521304,11.489759410173768
talks,3,34.46383975769025,11.48794658589675
closet,3,34.45368605150296,11.484562017167654
loaded,3,34.44534248216722,11.481780827389073
renewed,3,34.43802996517055,11.479343321723517
prepare,4,34.41356432752604,8.60339108188151
dot,3,34.39547171299229,11.465157237664096
collected,3,34.384691037142005,11.461563679047336
strips,3,34.37502065209528,11.458340217365093
lean,3,34.37020611601358,11.456735372004525
coalition,3,34.34789870029608,11.44929956676536
bases,3,34.33500903250977,11.445003010836588
bell,3,34.33388733549171,11.44462911183057
wisconsin,3,34.32857890568181,11.44285963522727
sections,4,34.312605971649006,8.578151492912252
historians,3,34.285969026203134,11.428656342067711
putting,4,34.278388351541665,8.569597087885416
phillips,3,34.25379150293564,11.417930500978548
blast,3,34.24354453329421,11.414514844431404
therapist,4,34.231488368422475,8.557872092105619
brassnose,3,34.23095696493866,11.410318988312888
grounds,4,34.230193139325536,8.557548284831384
industries,4,34.229708764105155,8.557427191026289
ministry,3,34.22049919164697,11.406833063882324
ball,4,34.207890711034935,8.551972677758734
aggressive,3,34.20491810087583,11.40163936695861
furiously,3,34.202432475487484,11.400810825162495
objected,3,34.196534825394956,11.398844941798318
clay,4,34.195357366824,8.548839341706
grand,4,34.194440169737106,8.548610042434277
thoughtfully,3,34.18203098860613,11.394010329535377
signed,3,34.123531343485844,11.374510447828614
polish,3,34.112084044420584,11.370694681473529
eleven,3,34.11049765488469,11.370165884961564
lawn,3,34.10550681547192,11.368502271823973
objection,3,34.087504729837654,11.362501576612551
toast,3,34.08382665809441,11.361275552698137
revealed,4,34.071205411937015,8.517801352984254
desperately,3,34.06320535334454,11.35440178444818
thousands,4,34.05973121297557,8.514932803243893
testified,3,34.05333225203722,11.351110750679075
opponents,3,34.047681610690276,11.349227203563425
studio,4,34.03104766554144,8.50776191638536
brave,3,34.02304330981468,11.341014436604894
tie,3,34.021436070491006,11.34047869016367
businessmen,3,34.00623634404133,11.335412114680445
contains,3,33.999062212452756,11.333020737484253
attractive,4,33.987636626550156,8.496909156637539
paul,3,33.98524394293019,11.328414647643397
channels,3,33.974976777696654,11.324992259232218
fan,3,33.96764139111866,11.322547130372888
repair,3,33.96342998210065,11.321143327366883
pork,3,33.963225732638826,11.321075244212942
residents,3,33.962851917777435,11.320950639259145
recovery,3,33.9487628791432,11.316254293047734
champion,3,33.942754853972716,11.314251617990905
outlook,4,33.933988494229474,8.483497123557369
vitality,3,33.93130214207722,11.310434047359074
senate,5,33.930819765827394,6.786163953165479
engineer,5,33.90226842901004,6.780453685802009
convention,3,33.89603069318778,11.29867689772926
meaningless,3,33.89338836664556,11.297796122215187
whoever,3,33.89338271620696,11.297794238735653
sensation,3,33.89333357988292,11.297777859960974
ammunition,3,33.88096094618147,11.293653648727156
approaches,3,33.86237058082772,11.287456860275908
alexander,4,33.84055288257288,8.46013822064322
younger,4,33.838552295621554,8.459638073905388
apartment,4,33.83419140304134,8.458547850760334
partners,3,33.83290392019958,11.277634640066525
portions,3,33.83050574298497,11.276835247661657
stadium,4,33.79126131008604,8.44781532752151
steele,3,33.77732146378924,11.259107154596414
commercials,3,33.77054435295356,11.256848117651186
ponies,3,33.77019882330856,11.256732941102854
confused,4,33.7670844353296,8.4417711088324
differed,3,33.72579635724521,11.241932119081737
necessity,4,33.71830668516241,8.429576671290603
reporting,3,33.707200244503554,11.235733414834518
arguments,3,33.69862572938341,11.232875243127802
emerge,3,33.69257420878898,11.230858069596328
ad,3,33.692495259959244,11.230831753319748
preserving,3,33.677616316478655,11.225872105492885
committed,3,33.67375026733547,11.224583422445157
doubt,8,33.67000778762359,4.208750973452949
promises,3,33.66172676696573,11.220575588988575
burns,3,33.65531874971447,11.218439583238156
michigan,3,33.63912061987253,11.213040206624177
emotion,3,33.62911715745064,11.209705719150213
armies,3,33.59307195303624,11.19769065101208
candy,3,33.58686245046245,11.195620816820815
relevance,3,33.58203083146336,11.194010277154455
milton,3,33.577037517765724,11.19234583925524
probability,4,33.57537267552686,8.393843168881714
bleeding,3,33.555798508949636,11.185266169649879
drastic,3,33.549498741074146,11.183166247024715
maintained,4,33.54309419542117,8.385773548855292
moreover,5,33.54148552020969,6.708297104041938
referring,3,33.53276865104343,11.177589550347811
tide,3,33.52782541992685,11.175941806642284
launch,3,33.52605096440246,11.175350321467485
ruined,3,33.50084815400725,11.166949384669083
bird,3,33.4968508796188,11.165616959872933
doubts,3,33.49562512133811,11.16520837377937
rolls,3,33.48780244995037,11.162600816650125
laura,3,33.48165954196743,11.16055318065581
pro,3,33.48147645352009,11.160492151173363
reflecting,3,33.47813106271499,11.159377020904998
washed,3,33.4574501070348,11.1524833690116
protected,3,33.4523314557988,11.150777151932934
avoided,3,33.451523938486574,11.150507979495524
rod,3,33.43942097916576,11.14647365972192
adam,3,33.425874099747894,11.141958033249297
flame,3,33.40930890390794,11.136436301302647
steinberg,3,33.38940544579594,11.129801815265312
interrupted,3,33.387276143587854,11.129092047862619
intricate,3,33.38616010478635,11.128720034928783
rid,4,33.381776761522104,8.345444190380526
payroll,3,33.37771623313931,11.125905411046437
management,5,33.369122332866226,6.673824466573246
laws,4,33.360745848924374,8.340186462231094
gentlemen,3,33.35105955648223,11.117019852160743
cleaning,3,33.3410112500719,11.113670416690633
chin,4,33.31667431509901,8.329168578774752
breasts,3,33.30083363603739,11.10027787867913
childhood,4,33.299257578316066,8.324814394579017
reforms,3,33.29462646466554,11.09820882155518
proceeds,3,33.29438051376095,11.098126837920317
shipments,3,33.291160396946346,11.097053465648782
outdoor,3,33.28543296547318,11.095144321824392
resulting,4,33.27776923536587,8.319442308841467
durable,3,33.27212522212999,11.090708407376665
affection,3,33.262636672931414,11.087545557643805
requirement,3,33.25813116950293,11.086043723167643
instance,7,33.257283290531454,4.751040470075922
premier,3,33.25298048747013,11.08432682915671
aboard,3,33.25072039220707,11.083573464069024
subsequent,3,33.24388641916691,11.081295473055638
evaluated,3,33.22835713501267,11.076119045004225
dictatorship,3,33.21894232046408,11.072980773488027
adventures,3,33.21844427555757,11.072814758519192
hay,3,33.21589281502783,11.071964271675943
respondent,3,33.19280997222266,11.064269990740888
escape,4,33.18940362577002,8.297350906442505
earn,3,33.17292292845096,11.057640976150319
hostile,3,33.16388498785793,11.054628329285975
grip,3,33.15694569140717,11.052315230469056
voluntary,3,33.156239403954714,11.052079801318238
rational,3,33.14903627419221,11.04967875806407
speeds,3,33.140806763201226,11.046935587733742
cromwell,3,33.13557789882949,11.045192632943163
pin,3,33.12025745448041,11.040085818160136
meredith,3,33.10961256817214,11.036537522724046
walton,3,33.10860828712856,11.036202762376186
disappointed,3,33.105733072898055,11.035244357632685
palace,4,33.104803457115,8.27620086427875
transformation,3,33.099693686583116,11.03323122886104
coast,5,33.065388380082055,6.613077676016411
tooth,3,33.06211262902127,11.020704209673758
anatomical,3,33.058580367478015,11.019526789159338
spinning,3,33.05601653048197,11.018672176827323
pistol,3,33.04080978716924,11.013603262389745
comprehensive,3,33.039627538350985,11.013209179450328
pursued,3,33.035406761119646,11.011802253706549
driver,4,33.02349289877276,8.25587322469319
hughes,3,33.0183641283271,11.006121376109034
brilliant,4,33.00666060239748,8.25166515059937
rousseau,3,32.98230837913688,10.994102793045627
pickup,3,32.9732859690751,10.991095323025034
o,4,32.96924032042719,8.242310080106797
wounded,3,32.96655872113885,10.988852907046285
poets,3,32.95869958553703,10.986233195179011
sensible,3,32.95677166953249,10.98559055651083
explored,3,32.94047818812709,10.980159396042362
axis,4,32.93461550513314,8.233653876283284
substance,3,32.90078898285075,10.96692966095025
coat,4,32.890470798668254,8.222617699667063
prospects,3,32.88075330729104,10.960251102430346
expenses,4,32.86020524083942,8.215051310209855
astronomy,3,32.85964750644528,10.953215835481759
consumption,3,32.85173024628291,10.950576748760971
silly,3,32.84778918655927,10.949263062186423
magazines,4,32.82894683469731,8.207236708674328
phonemic,3,32.82880426606154,10.942934755353846
vienna,3,32.823213613387665,10.941071204462554
rancher,3,32.81774783140337,10.939249277134458
complexity,3,32.806238899202214,10.935412966400738
tells,3,32.8060433480116,10.935347782670533
namely,3,32.79997047180851,10.933323490602836
worries,3,32.79829153173485,10.932763843911616
eliminated,3,32.79802331156322,10.93267443718774
masses,3,32.790959340447856,10.930319780149285
cylinder,3,32.787835154685126,10.929278384895042
phrases,3,32.78413186414892,10.928043954716307
barco,3,32.76881982482036,10.922939941606787
interviewed,3,32.768044656572954,10.922681552190985
influential,3,32.76706708862305,10.922355696207683
seldom,3,32.75511085306263,10.91837028435421
waist,3,32.75120631546593,10.917068771821976
pushed,4,32.74922662209787,8.187306655524468
examiner,3,32.74367281073595,10.91455760357865
progressive,3,32.729933093800135,10.909977697933378
adults,3,32.71488737012523,10.904962456708411
bathroom,3,32.70699250160622,10.90233083386874
impressions,4,32.70078158419926,8.175195396049816
release,4,32.69373562767074,8.173433906917685
commander,3,32.69173014081184,10.897243380270615
grabbed,4,32.68810877748727,8.172027194371818
davis,3,32.6854038644818,10.895134621493932
thyroid,3,32.6794586408223,10.8931528802741
contours,3,32.67627034347401,10.892090114491337
sector,3,32.66318289679014,10.88772763226338
alabama,3,32.65328321745002,10.884427739150006
furniture,4,32.64201189900906,8.160502974752266
resting,3,32.633824817006754,10.877941605668918
russ,3,32.63317293578379,10.87772431192793
stuck,3,32.6158931296224,10.8719643765408
contributing,3,32.611604144212286,10.87053471473743
event,4,32.60970247134506,8.152425617836265
lively,3,32.60235128582614,10.867450428608713
marble,4,32.588059645294315,8.147014911323579
announce,3,32.5819366755672,10.8606455585224
mere,4,32.57967682355677,8.144919205889192
communications,3,32.57724429367376,10.859081431224586
pillow,3,32.56509791569701,10.85503263856567
pastors,3,32.5608275626994,10.853609187566468
published,4,32.55979723753501,8.139949309383752
complicated,3,32.5585634027761,10.852854467592033
dinners,3,32.553262754943944,10.851087584981315
broadway,3,32.552493536764516,10.850831178921505
stevens,3,32.53758696737796,10.84586232245932
journalism,3,32.53676905874738,10.845589686249127
fundamental,3,32.533605962682586,10.844535320894195
counter,4,32.50895293698053,8.127238234245132
obligation,3,32.50715593112782,10.835718643709273
comparable,3,32.49882329649296,10.832941098830986
divine,3,32.47948193737781,10.826493979125937
connected,3,32.469203429147555,10.823067809715852
achieved,4,32.46850613342359,8.117126533355897
el,3,32.46775757563002,10.82258585854334
loop,3,32.465165361210516,10.821721787070173
opportunities,3,32.44586323733155,10.815287745777184
threatened,3,32.44089915922056,10.813633053073518
flash,3,32.43940845387443,10.813136151291475
file,5,32.42202625889198,6.484405251778396
hebrew,3,32.421641234716645,10.807213744905548
sung,3,32.40834918818818,10.802783062729395
wagner,3,32.40721876607668,10.802406255358894
camps,3,32.40181048303083,10.80060349434361
renaissance,3,32.394817028629326,10.798272342876443
controlling,3,32.39392859200146,10.797976197333819
stuart,3,32.39265571233798,10.797551904112659
helpless,3,32.3915053989008,10.797168466300265
rigid,3,32.36473499619314,10.788244998731047
physiological,3,32.35702934913574,10.785676449711914
blackman,3,32.332863544608486,10.777621181536162
spat,3,32.329737139066,10.776579046355332
glance,3,32.32919001584706,10.776396671949021
morse,3,32.32590760304116,10.775302534347054
overwhelming,3,32.31779840996412,10.77259946998804
instruments,3,32.31607963150535,10.772026543835118
animal,4,32.313985647835906,8.078496411958977
istiqlal,3,32.29736212209756,10.76578737403252
strategy,3,32.291341415730734,10.763780471910245
sheer,3,32.26941274995454,10.756470916651514
nick,3,32.26563452092522,10.755211506975073
folded,3,32.25896420413734,10.75298806804578
balls,4,32.25626214598552,8.06406553649638
cooperation,3,32.25466739410725,10.751555798035751
instances,3,32.251098187529756,10.750366062509919
cemetery,3,32.22366220985641,10.741220736618802
rested,3,32.21869644485174,10.739565481617246
branch,3,32.2179771143535,10.7393257047845
elected,3,32.21715072378344,10.739050241261147
apparatus,3,32.1988562991337,10.732952099711234
transportation,3,32.18994677925566,10.729982259751887
indication,3,32.18880278825228,10.729600929417428
diplomatic,3,32.182291390704734,10.727430463568245
fans,3,32.18227047095995,10.727423490319984
innocence,3,32.18126317628129,10.727087725427097
appointment,3,32.17998623964047,10.726662079880157
matching,4,32.1659653132025,8.041491328300625
concentrated,3,32.16459434235758,10.721531447452527
civilian,3,32.15622173827695,10.71874057942565
paying,3,32.152810863270595,10.717603621090198
create,4,32.150007915872635,8.037501978968159
supplies,3,32.139653342243584,10.713217780747861
directors,3,32.13564605272785,10.71188201757595
gyro,3,32.12828973278377,10.709429910927923
dances,3,32.12646305242618,10.708821017475394
ruling,3,32.11196420740435,10.703988069134782
fibers,3,32.08719826431238,10.695732754770793
absorbed,3,32.045289743296664,10.681763247765554
jacket,3,32.0324882554711,10.677496085157033
legislative,3,32.0263250635027,10.675441687834235
alike,3,32.026270322504296,10.675423440834765
unwed,3,32.020336608475716,10.673445536158573
fishing,3,32.01776177200941,10.672587257336469
phenomenon,3,32.017214375073785,10.672404791691262
notes,4,32.00547865117595,8.001369662793987
tables,4,31.998577032911392,7.999644258227848
career,5,31.99562078197288,6.399124156394576
suggestions,3,31.991592327468382,10.663864109156128
doorway,4,31.974438328705883,7.993609582176471
partnership,3,31.970432042318464,10.656810680772821
slip,3,31.966342362129463,10.655447454043154
volunteers,3,31.95571018027593,10.65190339342531
contacts,4,31.950550249486472,7.987637562371618
henrietta,3,31.941829859424544,10.647276619808181
ernie,3,31.9412595281762,10.647086509392066
strained,3,31.93825898809149,10.64608632936383
economy,4,31.920724103676964,7.980181025919241
entering,3,31.918840147980312,10.639613382660103
counties,3,31.915423941135966,10.638474647045323
rare,3,31.910088851840513,10.636696283946838
factories,3,31.906986555588425,10.635662185196141
dealers,3,31.90289752765434,10.63429917588478
touch,5,31.902828979916173,6.380565795983235
warfare,5,31.89628815454962,6.379257630909924
saxon,3,31.890494091086687,10.630164697028896
blonde,3,31.860356007161286,10.620118669053761
bowl,3,31.851473103204384,10.617157701068129
assumptions,3,31.849905495569317,10.616635165189772
dash,3,31.84464058322303,10.614880194407677
emerging,3,31.843322252440874,10.614440750813625
cook,3,31.819430706573826,10.606476902191275
philosopher,3,31.78159048543216,10.593863495144054
resistors,3,31.7806364687457,10.593545489581901
orioles,3,31.778935583940026,10.592978527980009
schedule,3,31.76505267555825,10.58835089185275
block,5,31.761120079191933,6.352224015838386
oxygen,4,31.760388274605788,7.940097068651447
sail,3,31.75833370086371,10.586111233621237
successfully,3,31.752717169544585,10.584239056514862
tennessee,3,31.741088828266946,10.580362942755649
replacement,3,31.730943415676737,10.576981138558912
legend,3,31.72825952815602,10.57608650938534
memphis,3,31.696387695429756,10.565462565143251
accurate,3,31.687570352412955,10.562523450804319
swing,3,31.681181043449563,10.560393681149854
transformed,3,31.680122085284026,10.560040695094676
robinson,3,31.67361431700506,10.557871439001687
constantly,3,31.67308497682187,10.557694992273957
slipped,4,31.653113207952543,7.913278301988136
drinks,3,31.65109876787877,10.55036625595959
corporations,3,31.6450234501674,10.5483411500558
soap,3,31.643154963497842,10.547718321165947
stained,3,31.640620854315536,10.54687361810518
ben,3,31.64046056981642,10.546820189938806
coverage,3,31.631483360106714,10.543827786702238
publicly,3,31.63055018772791,10.543516729242636
blanket,3,31.625893891813156,10.541964630604385
optimal,4,31.602794062656713,7.900698515664178
string,3,31.593848791265003,10.531282930421668
jungle,3,31.589245393303102,10.529748464434368
curiosity,3,31.580607914056195,10.526869304685398
petitioner,3,31.577780707023784,10.525926902341261
modest,3,31.57715825709488,10.525719419031626
composer,3,31.5484521760917,10.5161507253639
entertainment,3,31.53126747037534,10.510422490125114
extending,3,31.51127307878047,10.503757692926824
narrative,3,31.50872794288501,10.502909314295003
lawyers,3,31.505142287224686,10.501714095741562
feelings,3,31.496478421964984,10.498826140654995
disturbed,3,31.474998509042152,10.491666169680718
clarity,3,31.47498147375344,10.491660491251148
inherent,3,31.46740510228039,10.489135034093463
agricultural,3,31.466056446735923,10.488685482245307
fence,3,31.46215767310883,10.487385891036277
ireland,3,31.45772180901882,10.485907269672941
edward,3,31.450446618376475,10.483482206125492
proceeded,3,31.442239200996106,10.480746400332036
stupid,3,31.435428268262243,10.478476089420747
operators,3,31.43033630762602,10.476778769208673
unions,3,31.42594702381318,10.475315674604394
arrival,3,31.411836251714586,10.470612083904863
habits,3,31.409601198649547,10.469867066216516
alumni,3,31.39024943711324,10.463416479037747
walter,3,31.37979831757079,10.459932772523596
mountain,3,31.373651977314246,10.457883992438083
retain,3,31.3683528335495,10.456117611183167
drums,3,31.361199028315625,10.453733009438542
barton,3,31.33694918693109,10.44564972897703
apparent,3,31.332776284421016,10.444258761473671
exploration,4,31.32731772949981,7.831829432374953
shots,3,31.311003990649937,10.437001330216646
estimates,3,31.29766451070966,10.43255483690322
helion,3,31.296742728961675,10.432247576320558
nineteenth,5,31.292568690202863,6.258513738040572
loudly,3,31.29221541158371,10.430738470527904
maggie,3,31.283043115013644,10.427681038337882
marriages,3,31.272441800032844,10.424147266677615
symphony,3,31.25857895313196,10.419526317710654
municipal,3,31.25808866851588,10.419362889505294
ministers,3,31.225492905458502,10.408497635152834
drawing,3,31.22300600727826,10.407668669092754
grams,4,31.20765255535044,7.80191313883761
prestige,3,31.20268746416997,10.40089582138999
debate,3,31.190735604279887,10.396911868093296
poetic,3,31.18583228377439,10.395277427924796
hole,4,31.185081524536386,7.7962703811340965
eddie,3,31.18299624649086,10.39433208216362
warren,4,31.176912975139405,7.794228243784851
hardy,3,31.169177501765,10.389725833921666
transport,3,31.163931670541814,10.387977223513937
warmth,3,31.16379739269668,10.387932464232227
helva,3,31.162672949188973,10.387557649729658
planetary,3,31.15929301598819,10.386431005329397
trails,5,31.15505482966026,6.231010965932052
altered,4,31.125733975110812,7.781433493777703
creates,3,31.11944300743604,10.373147669145347
winning,3,31.11099034602197,10.370330115340657
explanation,3,31.10128588020988,10.367095293403294
dreams,3,31.096344576067313,10.365448192022438
warned,3,31.09494898750962,10.36498299583654
vivid,3,31.093763058478828,10.36458768615961
prokofieff,3,31.088817083409417,10.362939027803138
bunk,3,31.088588091011303,10.362862697003768
pitcher,3,31.083162579059767,10.361054193019923
brannon,3,31.075480446737892,10.358493482245963
phenomena,3,31.069051288309574,10.356350429436525
perspective,3,31.058380240772223,10.35279341359074
comedy,3,31.04468412799065,10.34822804266355
crop,3,31.043843026634384,10.347947675544795
worship,3,31.03686502014947,10.345621673383157
establish,4,31.02121231613564,7.75530307903391
complained,3,31.01403612667493,10.338012042224976
suffering,3,30.99119871543447,10.33039957181149
circuit,3,30.98779243196397,10.32926414398799
passages,3,30.966014121866376,10.322004707288793
naval,3,30.962917179679323,10.320972393226441
folk,3,30.95398317589475,10.317994391964916
structures,3,30.952687887579053,10.317562629193018
delicate,3,30.935387303002067,10.311795767667356
realization,3,30.913915942491876,10.304638647497292
feature,3,30.905318217308697,10.3017727391029
supported,3,30.900140693636896,10.300046897878966
friendship,3,30.894421673668237,10.298140557889413
monthly,4,30.882730840377086,7.720682710094271
turns,3,30.882132306215595,10.294044102071865
stern,3,30.86644837875665,10.288816126252216
trevelyan,3,30.86611720572383,10.288705735241278
meetings,3,30.839811831341528,10.279937277113843
alert,3,30.814843332638524,10.271614444212842
admit,3,30.806623546909865,10.268874515636622
lamp,3,30.806016685200433,10.268672228400144
guilt,4,30.803583912660713,7.700895978165178
conrad,3,30.797171403639037,10.265723801213012
respond,3,30.76763554287844,10.255878514292814
networks,3,30.761794366051326,10.253931455350441
effectiveness,3,30.757028633873475,10.252342877957824
laughter,4,30.755637902776506,7.6889094756941265
shoulder,5,30.751694366346275,6.150338873269255
drift,3,30.74219905139388,10.24739968379796
decisive,3,30.73986148374827,10.246620494582757
du,4,30.732075348722667,7.683018837180667
limb,3,30.72562746961429,10.241875823204763
prospective,3,30.706714284993353,10.235571428331118
ear,3,30.696697141318467,10.23223238043949
incidents,3,30.683948536655038,10.22798284555168
measures,3,30.677238242565956,10.225746080855318
subjective,3,30.675107578518073,10.225035859506024
diplomacy,3,30.655979388338682,10.218659796112894
players,3,30.6200155620069,10.2066718540023
generation,3,30.601358684221037,10.200452894740346
quiet,3,30.596157629995208,10.198719209998403
forty,3,30.594320251156823,10.198106750385607
appreciation,3,30.578920791766322,10.19297359725544
fellow,4,30.557502022301563,7.639375505575391
tools,3,30.557218479586957,10.185739493195653
protestants,3,30.553241308793126,10.18441376959771
nude,3,30.540082506630995,10.180027502210331
pencil,4,30.525882218070944,7.631470554517736
strip,3,30.52542649188962,10.175142163963207
attempts,3,30.524846560348756,10.174948853449585
mars,3,30.498819347289334,10.166273115763111
harmony,3,30.47153721665341,10.157179072217803
cent,22,30.46072686757681,1.3845784939807642
agents,3,30.437302027821502,10.145767342607167
bridges,3,30.4347637273657,10.144921242455233
match,3,30.425039254540295,10.141679751513431
finger,4,30.409379623756745,7.602344905939186
deeply,3,30.405757686385464,10.135252562128487
creative,3,30.397257931238414,10.132419310412805
harvard,4,30.38881226434819,7.597203066087047
salvation,3,30.361670596467253,10.120556865489084
evidently,3,30.36149658495131,10.120498861650438
correct,3,30.35279833478924,10.117599444929747
paintings,3,30.33586236162231,10.111954120540771
reactionary,3,30.335784501447925,10.111928167149308
mail,4,30.333547771694363,7.583386942923591
shadows,3,30.329753030103,10.109917676701
candle,3,30.295008077549618,10.098336025849873
enthusiasm,3,30.286377056281903,10.095459018760634
jeep,3,30.26842853885792,10.089476179619306
exposed,3,30.26670111077329,10.088900370257763
inadequate,3,30.259891851817116,10.086630617272371
released,3,30.25654523885223,10.08551507961741
double,3,30.249435013205964,10.083145004401988
guitar,3,30.236716556048208,10.078905518682737
elsewhere,3,30.233408452352315,10.077802817450772
beauty,4,30.232203975972315,7.558050993993079
p,4,30.215382016370754,7.553845504092688
arrow,3,30.202866078456793,10.067622026152264
immense,3,30.200184248452576,10.066728082817525
nowhere,3,30.198670547818466,10.06622351593949
districts,4,30.197105753488025,7.549276438372006
meal,3,30.189348852159902,10.0631162840533
continuity,3,30.172378587376578,10.057459529125525
waves,4,30.15781408387495,7.539453520968737
france,5,30.153818957045704,6.030763791409141
capable,3,30.15040698348718,10.050135661162393
wines,3,30.127769029407094,10.042589676469031
flung,3,30.126591739334987,10.042197246444996
parlor,3,30.125463893291606,10.04182129776387
paint,3,30.122329229303205,10.040776409767735
departure,3,30.11785658606687,10.039285528688957
dozen,5,30.11186901925184,6.0223738038503685
antenna,3,30.09951110717094,10.03317036905698
smell,3,30.089971848517933,10.029990616172645
alien,3,30.086161085377235,10.028720361792411
outer,3,30.07289956514189,10.024299855047296
columns,3,30.06568380598472,10.021894601994907
sorts,3,30.059261603653923,10.01975386788464
reflection,3,30.05573691506629,10.018578971688763
sentiment,3,30.04027831436563,10.013426104788543
concludes,2,30.03947200280917,15.019736001404585
errors,3,30.038605446295982,10.01286848209866
opposing,3,30.0258595589764,10.008619852992133
completion,4,30.007474186573017,7.501868546643254
pace,3,30.004689948096953,10.001563316032318
forever,4,30.000677603686427,7.500169400921607
ethnic,3,29.9862193212352,9.995406440411733
automatically,3,29.985159751174415,9.995053250391472
shell,3,29.965796779760634,9.988598926586878
upper,4,29.953665403861685,7.488416350965421
possessed,3,29.948218529905837,9.982739509968612
leaves,3,29.942040338403423,9.98068011280114
negative,4,29.940703317510373,7.485175829377593
roar,3,29.93300556736157,9.977668522453856
solved,4,29.92828686304221,7.4820717157605525
sooner,3,29.91873971740432,9.972913239134774
imagination,5,29.910679530832244,5.982135906166449
electronic,6,29.8931644257031,4.982194070950517
model,4,29.877149351103775,7.469287337775944
regarding,3,29.874688807311628,9.958229602437209
heading,4,29.8692013491339,7.467300337283475
congo,4,29.86913012977989,7.4672825324449725
dress,3,29.863335122440677,9.954445040813559
arrangements,3,29.85096120560484,9.95032040186828
observation,3,29.84549423851282,9.948498079504274
andrei,3,29.84289341848512,9.947631139495039
seeking,3,29.806325420771298,9.935441806923766
virtue,3,29.794549488484257,9.93151649616142
salt,3,29.78262990961788,9.92754330320596
convictions,3,29.77814074369939,9.926046914566463
poured,3,29.77716105452606,9.925720351508687
parade,3,29.77681778116682,9.925605927055607
shared,3,29.772114224050902,9.924038074683635
assert,3,29.762385079604453,9.920795026534817
missiles,3,29.74214664190236,9.91404888063412
connally,3,29.721493221761783,9.907164407253928
handed,3,29.71487839771834,9.904959465906114
urban,3,29.699961129289704,9.899987043096568
northern,3,29.694868376624022,9.898289458874673
beer,3,29.6847189139595,9.894906304653167
developments,3,29.682731424720714,9.894243808240239
conceived,3,29.68251420020099,9.894171400066996
pleased,3,29.676204254089747,9.892068084696582
killpath,3,29.67164743470743,9.890549144902478
furthermore,4,29.66759982248807,7.416899955622018
pitch,3,29.662793841577923,9.88759794719264
contain,3,29.65703881132253,9.885679603774177
sums,3,29.62794113414568,9.87598037804856
atoms,5,29.623338987883322,5.924667797576665
vary,3,29.618110118721454,9.872703372907152
velocity,3,29.61793405459435,9.872644684864783
split,3,29.587716158227707,9.86257205274257
ideological,3,29.582782516635817,9.860927505545272
wash,3,29.581750298382758,9.860583432794252
engineering,3,29.57227685946835,9.857425619822783
smart,3,29.571294156350323,9.857098052116774
lock,3,29.56874697207559,9.856248990691864
rode,3,29.562617672855946,9.854205890951983
continent,4,29.561043648001334,7.3902609120003335
peter,3,29.55746323306673,9.852487744355576
barely,3,29.557273528746034,9.852424509582011
posts,3,29.547239250945537,9.849079750315179
hen,3,29.543158407146407,9.847719469048803
clerk,3,29.540999931012905,9.846999977004302
counterparts,3,29.52110098236761,9.840366994122537
completed,3,29.49784808268913,9.832616027563043
crew,3,29.496076377290546,9.83202545909685
occupation,3,29.493249117157774,9.831083039052592
scientists,3,29.489382817359363,9.829794272453121
lambs,3,29.48027980692285,9.82675993564095
guide,3,29.461189923169975,9.820396641056659
gray,3,29.4354806429055,9.8118268809685
cited,3,29.432225545417054,9.810741848472352
lunch,3,29.430362103069925,9.810120701023308
functions,3,29.410474752158038,9.80349158405268
intend,3,29.40657155341841,9.802190517806137
varied,3,29.405583609535483,9.801861203178495
calling,3,29.404134353372797,9.801378117790932
temper,3,29.36568120680133,9.78856040226711
sad,3,29.335342492651606,9.778447497550536
kansas,3,29.32018428124665,9.77339476041555
domestic,3,29.318148477440097,9.772716159146698
trap,3,29.309483834906946,9.769827944968982
torn,3,29.299085706302773,9.766361902100924
cabin,3,29.29507505307114,9.76502501769038
bastard,3,29.29229727049212,9.76409909016404
jumped,3,29.292149940481686,9.764049980160562
reporter,3,29.286702753690946,9.762234251230316
panels,3,29.277007644762158,9.759002548254053
flying,3,29.27242335524094,9.75747445174698
illustrate,3,29.250479342502913,9.750159780834304
smiled,4,29.224371064834163,7.306092766208541
objects,3,29.2156560588285,9.7385520196095
depend,3,29.189550952861513,9.729850317620505
subtle,3,29.189345144892282,9.729781714964094
toilet,3,29.169102891086276,9.723034297028759
literally,3,29.125233602005892,9.70841120066863
conventional,3,29.123275027413882,9.707758342471294
sheet,3,29.12259162588358,9.707530541961193
distances,3,29.12214068949791,9.707380229832637
raw,3,29.10795866290653,9.70265288763551
peak,3,29.100956499725598,9.700318833241866
kinds,4,29.08734450660378,7.271836126650945
defends,2,29.076890520394784,14.538445260197392
somewhere,3,29.07069439858661,9.690231466195536
dancing,3,29.06613601533509,9.688712005111697
recorded,3,29.06396760396958,9.687989201323193
impressive,3,29.04189365377937,9.680631217926456
textile,3,29.038544057997903,9.679514685999301
price,4,29.03572409324805,7.258931023312012
ethical,3,29.013051716235665,9.671017238745222
steel,3,29.005538975111726,9.668512991703908
compare,3,29.002181936500982,9.66739397883366
moore,4,28.999659860215935,7.249914965053984
external,3,28.998203429820663,9.666067809940222
trends,3,28.98910887441881,9.663036291472936
resist,3,28.98750378097062,9.66250126032354
intact,3,28.97402379162018,9.65800793054006
skills,3,28.973188909833002,9.657729636611
treat,3,28.962445867293162,9.654148622431054
bum,3,28.952249933913613,9.650749977971204
nucleus,3,28.950081160625878,9.65002705354196
occurs,3,28.94894522306643,9.64964840768881
billion,4,28.921087755377748,7.230271938844437
promise,3,28.896735836377758,9.632245278792587
spectacle,3,28.887720420358907,9.629240140119636
discipline,3,28.885344894375542,9.62844829812518
operand,4,28.84367459920751,7.210918649801878
organic,3,28.840019361133812,9.613339787044604
wearing,3,28.826246694894973,9.608748898298325
savage,3,28.782579241804576,9.594193080601526
grew,3,28.780740961265764,9.593580320421921
cash,3,28.75575973886194,9.585253246287314
overthrow,2,28.740374896018615,14.370187448009307
purchase,4,28.728336029459612,7.182084007364903
floated,2,28.724616115171152,14.362308057585576
soldier,3,28.71715035431066,9.572383451436886
forth,5,28.715772099492618,5.743154419898524
rejecting,2,28.713314145890713,14.356657072945357
checked,3,28.697096996152332,9.565698998717444
negroes,4,28.690837124814056,7.172709281203514
eager,3,28.689851583127552,9.563283861042517
sufficiently,3,28.677130396305127,9.559043465435042
residential,3,28.6759798610644,9.558659953688133
manager,4,28.666229234830183,7.166557308707546
load,3,28.65878736703543,9.552929122345143
evangelism,3,28.647272550721755,9.549090850240585
mistake,3,28.646703430449264,9.548901143483087
encountered,3,28.641934793310817,9.547311597770273
fascinating,3,28.638210321339177,9.546070107113058
missed,3,28.63459944530561,9.544866481768537
southwest,3,28.625581083671513,9.541860361223838
uses,3,28.57352579628659,9.524508598762196
driving,3,28.56146811359106,9.520489371197021
ocean,3,28.550002014015966,9.516667338005321
intelligent,3,28.54676368440063,9.51558789480021
lint,2,28.53542204546745,14.267711022733724
hodges,3,28.526960884574873,9.508986961524958
gesture,3,28.50528524801278,9.501761749337593
meets,3,28.49367939045095,9.497893130150317
linear,3,28.492460889462404,9.497486963154135
delivered,3,28.488459428616775,9.496153142872258
fewer,3,28.48313299465302,9.49437766488434
investigation,3,28.47292234855262,9.490974116184207
invitations,3,28.444002205932403,9.481334068644134
hat,3,28.43427452115626,9.478091507052087
rapped,2,28.42159860604247,14.210799303021235
questioning,3,28.41669828619196,9.472232762063987
tip,3,28.40643505570143,9.46881168523381
fortune,4,28.40362012191687,7.100905030479217
greg,3,28.384908261505245,9.461636087168415
lucy,3,28.381221936012423,9.460407312004142
involving,3,28.35879982167316,9.452933273891054
somebody,3,28.35555990890917,9.451853302969724
socialist,3,28.33911851154923,9.446372837183077
cruelly,2,28.3319558097456,14.1659779048728
chemical,3,28.331049110213407,9.443683036737802
workshop,3,28.330352142869238,9.443450714289746
ramsey,3,28.32352352253504,9.44117450751168
permanent,3,28.31056899188387,9.436856330627956
exaggerated,3,28.29529630585122,9.43176543528374
testament,6,28.26975656557441,4.711626094262402
sonar,2,28.26596030751179,14.132980153755895
asia,4,28.255596321613027,7.063899080403257
bath,3,28.255440200321083,9.418480066773695
passage,3,28.251648058896258,9.417216019632086
tests,5,28.24231207711101,5.648462415422202
mission,4,28.241969748339752,7.060492437084938
page,5,28.23491059954319,5.646982119908638
minute,4,28.22278943492684,7.05569735873171
machine,4,28.221996658406344,7.055499164601586
traders,3,28.214376596402133,9.404792198800711
maintains,3,28.21165690706315,9.403885635687717
clutched,2,28.20689054506086,14.10344527253043
hearts,3,28.203089711830362,9.401029903943455
academic,3,28.196384809658706,9.398794936552902
master,3,28.194908706010985,9.398302902003662
bride,3,28.19271894087153,9.39757298029051
bomb,3,28.18030510886058,9.39343503628686
nonsense,3,28.13344720275537,9.37781573425179
device,3,28.114249899338418,9.371416633112807
statutory,3,28.10221817691097,9.367406058970323
concept,3,28.09465709395689,9.36488569798563
placing,3,28.092635612518897,9.364211870839632
compensation,3,28.079528489826686,9.35984282994223
luminous,3,28.05520627700239,9.351735425667464
bills,3,28.052673828876344,9.350891276292115
consulted,3,28.04196444161967,9.34732148053989
strongly,3,28.04145449136684,9.34715149712228
jump,3,28.04080343503072,9.346934478343574
existed,3,28.030493697496212,9.343497899165405
humiliating,2,28.023919659191765,14.011959829595883
marshall,4,28.01610330427315,7.004025826068288
virtuous,2,28.012350845902088,14.006175422951044
devices,3,27.99573443280095,9.331911477600316
converted,3,27.989524327478946,9.329841442492983
sum,3,27.979249643849506,9.326416547949835
lobby,3,27.976511865414174,9.325503955138059
parks,3,27.968952839607283,9.322984279869095
fallen,3,27.96846131290735,9.322820437635784
loose,3,27.953189835617664,9.317729945205889
baggage,2,27.940046904463664,13.970023452231832
stead,2,27.933105295038317,13.966552647519158
reassured,2,27.923870404187632,13.961935202093816
enact,3,27.90478794059293,9.301595980197643
propaganda,3,27.877618777657887,9.292539592552629
quantity,3,27.874931664191777,9.291643888063925
illusion,3,27.872220507678694,9.29074016922623
acquisition,3,27.85840111597026,9.28613370532342
apologies,2,27.852685522295516,13.926342761147758
slim,3,27.851115080345377,9.283705026781792
shrugged,3,27.82664256882078,9.27554752294026
heels,3,27.80704255494088,9.269014184980295
comparison,3,27.80567133980104,9.268557113267013
thickness,4,27.800606552437344,6.950151638109336
outreach,2,27.78204330943577,13.891021654717886
eyeing,2,27.7787542416548,13.8893771208274
chromatography,2,27.77196917951128,13.88598458975564
itching,2,27.77167666892123,13.885838334460615
republic,4,27.768535386545736,6.942133846636434
kilometer,2,27.755579299913073,13.877789649956537
dunes,3,27.711811599697057,9.237270533232353
earned,3,27.71149619508017,9.237165398360057
hers,3,27.690526008039,9.230175336013
arts,5,27.62089181197957,5.524178362395913
categories,4,27.59964063712212,6.89991015928053
britain,4,27.59715207790025,6.899288019475063
investigated,3,27.573515210965347,9.19117173698845
pretentious,2,27.57225233891338,13.78612616945669
favorite,4,27.568056494555066,6.892014123638766
brother,3,27.566296833961278,9.188765611320425
tend,3,27.55227601533194,9.184092005110648
remarkably,3,27.534185690266494,9.178061896755498
nantucket,2,27.503318721331915,13.751659360665958
pocket,4,27.483529589298136,6.870882397324534
grow,3,27.47233503100061,9.157445010333538
drawer,2,27.461598696841037,13.730799348420518
burlington,2,27.451688046447003,13.725844023223502
worthy,3,27.444934422391984,9.148311474130661
goddamn,2,27.443170526742243,13.721585263371121
warm,3,27.439886618083698,9.146628872694565
alto,2,27.432110938780653,13.716055469390326
replaced,3,27.42607236997514,9.142024123325047
persuading,2,27.419545107529153,13.709772553764576
swimming,3,27.41091012620444,9.136970042068146
painted,3,27.407399843793687,9.135799947931229
signature,2,27.399680876551578,13.699840438275789
anger,3,27.375199596220952,9.125066532073651
courses,3,27.37389938492111,9.124633128307037
phone,5,27.361711394403756,5.472342278880751
garrison,2,27.35919810929144,13.67959905464572
sank,3,27.35296992684505,9.117656642281682
designate,2,27.347295228972527,13.673647614486264
dancer,3,27.324668597300544,9.108222865766848
superimpose,2,27.323872922022332,13.661936461011166
adult,3,27.319055116316747,9.106351705438916
philip,3,27.29800558676002,9.099335195586674
fragmentary,2,27.2938474326969,13.64692371634845
sanity,2,27.28493714796327,13.642468573981635
prevented,3,27.25443565706822,9.084811885689406
corresponded,2,27.24754852036392,13.62377426018196
sweaty,2,27.24187071960305,13.620935359801525
motor,3,27.212539286646283,9.070846428882094
misunderstood,2,27.203018831811423,13.601509415905712
blinked,2,27.195585992107567,13.597792996053784
historian,3,27.190907662599617,9.063635887533206
aloud,3,27.187213137914398,9.0624043793048
buffer,3,27.18699098926679,9.062330329755596
accountability,2,27.184933562978035,13.592466781489017
barns,2,27.155991984665192,13.577995992332596
prophesied,2,27.155895444852618,13.577947722426309
crisis,4,27.151340889925528,6.787835222481382
mortar,2,27.122665232505334,13.561332616252667
listen,3,27.121394417638133,9.040464805879378
westerly,2,27.12071687518487,13.560358437592434
stalled,2,27.120102388194063,13.560051194097031
wild,3,27.083995223421105,9.027998407807035
laden,2,27.07054132866263,13.535270664331316
defend,3,27.055970803406623,9.018656934468874
flags,2,27.049283749188344,13.524641874594172
cadillac,2,27.04302823877809,13.521514119389044
lap,3,27.042858860252228,9.014286286750743
albumin,2,27.03653809398903,13.518269046994515
recall,3,27.01820623437316,9.006068744791053
bear,3,27.011351665432954,9.00378388847765
foods,4,27.01040751213356,6.75260187803339
cannery,3,27.00993445286509,9.003311484288362
approve,3,27.008166460888717,9.002722153629572
foul,2,27.00457402932284,13.50228701466142
satisfactory,3,26.99610702040095,8.998702340133649
prevents,2,26.993355420421665,13.496677710210832
gulf,3,26.98455397158954,8.99485132386318
huntley,2,26.960746456038233,13.480373228019117
push,3,26.946778986596335,8.982259662198778
realism,3,26.9336454588776,8.977881819625866
criticisms,2,26.927696477443487,13.463848238721743
competent,3,26.92194039708207,8.97398013236069
mccarthy,2,26.91642333927925,13.458211669639624
mating,2,26.91334918486293,13.456674592431465
conducted,3,26.909271571741066,8.969757190580355
fabian,2,26.906143402703872,13.453071701351936
odor,3,26.891290468134855,8.963763489378286
marry,3,26.880987116909665,8.960329038969888
facets,3,26.879833152799748,8.959944384266583
vacancy,2,26.876101671819512,13.438050835909756
procedural,2,26.866926683634,13.433463341817
unite,2,26.817349840972817,13.408674920486408
ransom,2,26.81051015679051,13.405255078395255
shooting,3,26.809648282073688,8.936549427357896
lifeboat,2,26.799041408320004,13.399520704160002
thinner,3,26.798254243737308,8.932751414579103
percent,3,26.79228106901599,8.930760356338663
horace,2,26.77922771281591,13.389613856407955
motive,3,26.73346834269369,8.91115611423123
thankful,2,26.712312610730145,13.356156305365072
anemia,2,26.701908136647262,13.350954068323631
bull,2,26.694089565064857,13.347044782532429
propose,3,26.674350385304994,8.891450128434998
intermediates,2,26.666133650498523,13.333066825249261
shapeless,2,26.658717229402587,13.329358614701293
fled,3,26.657109461281557,8.885703153760518
plumb,2,26.640454813545446,13.320227406772723
dover,2,26.63881164698687,13.319405823493435
bears,4,26.6226763115709,6.655669077892725
drizzle,2,26.621408102741842,13.310704051370921
fucken,2,26.61598341646942,13.30799170823471
attain,2,26.610027737219365,13.305013868609683
kappa,2,26.596583022951506,13.298291511475753
freer,2,26.59504423218093,13.297522116090464
blockade,3,26.577503898879637,8.859167966293212
soldiers,3,26.574170599789504,8.8580568665965
mostly,3,26.57405898836473,8.858019662788243
sadie,2,26.5718233331055,13.28591166655275
diversity,2,26.571364590546906,13.285682295273453
ss,2,26.567058618439248,13.283529309219624
issuing,2,26.5564333680451,13.27821668402255
columbia,3,26.55584134193095,8.851947113976983
residue,2,26.546077315370287,13.273038657685143
installing,2,26.543511557379418,13.271755778689709
repository,2,26.529040714634718,13.264520357317359
v,3,26.52775474759236,8.842584915864121
processes,4,26.5025611534069,6.625640288351725
frankfurter,3,26.493079075623996,8.831026358541331
economical,3,26.476396186455005,8.825465395485002
miscellaneous,3,26.472663557416393,8.824221185805465
liberation,2,26.45890661408377,13.229453307041885
neutralized,2,26.450026193923883,13.225013096961941
truths,2,26.44293560135005,13.221467800675025
receding,2,26.438430107247804,13.219215053623902
vaudeville,2,26.43262153523243,13.216310767616214
gilborn,3,26.41862664595876,8.806208881986253
slick,2,26.416093908091668,13.208046954045834
unconditional,2,26.41099102605353,13.205495513026765
license,3,26.392989579116595,8.797663193038865
virtually,3,26.383824406219976,8.794608135406659
cm,3,26.37705951113902,8.792353170379673
salami,2,26.36039425692253,13.180197128461264
winchester,2,26.359287376921827,13.179643688460914
braces,2,26.35365808357862,13.17682904178931
energetic,2,26.35270939490379,13.176354697451895
alma,2,26.347758893060444,13.173879446530222
encouraging,3,26.345109108584623,8.781703036194875
railroad,4,26.344541726950727,6.586135431737682
seato,2,26.323188897286034,13.161594448643017
whenever,3,26.32206019755247,8.774020065850824
shop,3,26.31238568917871,8.770795229726238
denunciation,2,26.30813873849128,13.15406936924564
nonetheless,2,26.305674820218222,13.152837410109111
taliesin,2,26.295659797416903,13.147829898708451
simplest,3,26.287093171326763,8.762364390442254
geneva,2,26.28451173373344,13.14225586686672
graceful,2,26.27931758998414,13.13965879499207
charm,3,26.275765993339007,8.758588664446336
prince,3,26.255425276248594,8.751808425416199
cardboard,2,26.255325448930815,13.127662724465408
risk,3,26.25506679934396,8.751688933114654
enthusiastically,2,26.252832108721996,13.126416054360998
ninety,2,26.24630861593929,13.123154307969646
banging,2,26.242005698817124,13.121002849408562
migration,2,26.23868376848103,13.119341884240516
formulation,3,26.234271485156597,8.744757161718866
allegations,2,26.232123324781583,13.116061662390791
columbus,3,26.222987624380607,8.740995874793535
rust,2,26.216273817410197,13.108136908705099
performed,3,26.215198167503857,8.738399389167952
ignores,2,26.17157461290892,13.08578730645446
monotonous,2,26.163266198533485,13.081633099266742
assessments,2,26.161519376937378,13.080759688468689
heaved,2,26.160504966252784,13.080252483126392
pedestrian,2,26.150561363180927,13.075280681590463
ended,4,26.14537417028867,6.536343542572167
proposals,3,26.14507764215128,8.715025880717093
compete,3,26.139829631782696,8.713276543927565
platonism,2,26.13708323084132,13.06854161542066
sustain,3,26.123885398058903,8.707961799352967
chili,2,26.115563506555656,13.057781753277828
distinguished,3,26.113878529168787,8.704626176389596
ceiling,3,26.095575461131148,8.698525153710383
pile,4,26.087681939283755,6.521920484820939
deceived,2,26.0873821882459,13.04369109412295
hawaii,5,26.08260882227362,5.216521764454724
immigration,2,26.082298385013722,13.041149192506861
technician,2,26.07375029588932,13.03687514794466
forgiveness,2,26.072796140005703,13.036398070002852
consolidation,3,26.070560338773415,8.690186779591139
ruins,2,26.062934347042003,13.031467173521001
thumb,2,26.058553282851598,13.029276641425799
customarily,2,26.057370380181503,13.028685190090751
geraghty,2,26.05330979602944,13.02665489801472
bandaged,2,26.049723121260808,13.024861560630404
decaying,2,26.048873832555778,13.024436916277889
heed,2,26.044395017919914,13.022197508959957
nebraska,2,26.04131931039784,13.02065965519892
hypothetical,2,26.02447746898001,13.012238734490005
dressing,3,26.019152964051287,8.673050988017096
postulated,2,26.01827335438607,13.009136677193036
rebuff,2,26.01039753828133,13.005198769140666
embarrassing,2,26.004352907228082,13.002176453614041
shotgun,2,25.994521794737736,12.997260897368868
possibly,3,25.986064590121043,8.662021530040347
desolation,2,25.98199503084649,12.990997515423246
frankfurters,2,25.98117870226962,12.99058935113481
hail,2,25.980193962965533,12.990096981482766
shann,2,25.975517436243273,12.987758718121636
turmoil,2,25.968031527200885,12.984015763600443
toss,2,25.967472861624614,12.983736430812307
totalitarian,2,25.96266626725695,12.981333133628475
undertake,2,25.961005292857195,12.980502646428597
context,3,25.95663183529708,8.652210611765694
schweitzer,2,25.945664471426923,12.972832235713462
admitting,2,25.940247110014763,12.970123555007381
chattering,2,25.934589995488004,12.967294997744002
disfigured,2,25.92903891467845,12.964519457339225
stubblefields,2,25.916704860389537,12.958352430194768
directs,2,25.911408467590423,12.955704233795212
epitaph,2,25.905256876567933,12.952628438283966
justifiably,2,25.89545199989943,12.947725999949714
fun,3,25.8945035760259,8.631501192008633
cradle,2,25.89005668735182,12.94502834367591
incoherent,2,25.889340349242964,12.944670174621482
fisherman,2,25.887267595240665,12.943633797620333
hang,3,25.882536826421887,8.627512275473963
engineers,4,25.88166847349747,6.4704171183743675
expedient,2,25.87937200850623,12.939686004253115
thelma,2,25.873144509804845,12.936572254902423
convertible,3,25.870617189453167,8.623539063151055
restricting,2,25.862675256294423,12.931337628147212
delightfully,2,25.849473155336177,12.924736577668089
explains,3,25.84793292081565,8.615977640271884
beaming,2,25.844376593396454,12.922188296698227
sufferer,2,25.83545555123016,12.91772777561508
hillsboro,3,25.830132966477787,8.610044322159263
espionage,2,25.830054545834972,12.915027272917486
pad,2,25.826645923301285,12.913322961650643
notre,2,25.823157724783954,12.911578862391977
pits,2,25.822121484622905,12.911060742311452
premieres,2,25.821220522199642,12.910610261099821
rabbi,2,25.81294246217854,12.90647123108927
flour,2,25.806428631396777,12.903214315698389
salisbury,2,25.79773516884229,12.898867584421145
maturity,3,25.79223557445861,8.597411858152869
terrified,2,25.78477330450954,12.89238665225477
serial,2,25.778097082383308,12.889048541191654
orbits,3,25.774995323380693,8.591665107793565
lift,2,25.769630245775495,12.884815122887748
dispersed,2,25.745001842968907,12.872500921484454
contract,4,25.744729970971257,6.436182492742814
granny,2,25.73884734663477,12.869423673317385
matthew,2,25.728730775504637,12.864365387752319
racing,3,25.728561060508568,8.576187020169522
rocked,2,25.722258892702296,12.861129446351148
cincinnati,2,25.718799953864238,12.859399976932119
upstream,2,25.706438852187325,12.853219426093663
stratford,2,25.700567141620894,12.850283570810447
canadian,2,25.698469509989557,12.849234754994779
staffs,2,25.69837320357787,12.849186601788935
secant,3,25.69792786198725,8.56597595399575
crowd,3,25.674904366473353,8.558301455491117
oath,2,25.672839444604286,12.836419722302143
insolence,2,25.65929850127266,12.82964925063633
frontier,3,25.656032015973217,8.552010671991072
straining,2,25.650622000076044,12.825311000038022
locked,3,25.650545706171354,8.550181902057117
satellite,2,25.635466860295068,12.817733430147534
shield,2,25.63366254352033,12.816831271760165
metal,3,25.630652475606553,8.543550825202184
unrelieved,2,25.62514516257567,12.812572581287835
thicker,2,25.6208839383719,12.81044196918595
colleagues,3,25.620656653517514,8.540218884505839
surgery,2,25.618366620633825,12.809183310316913
liston,2,25.617977064361448,12.808988532180724
cliches,2,25.616121733938925,12.808060866969463
someday,2,25.612721275245967,12.806360637622983
acclaim,2,25.609759812856854,12.804879906428427
managerial,2,25.603471750532023,12.801735875266012
accelerator,2,25.601248081843238,12.800624040921619
counting,2,25.59967630579598,12.79983815289799
al,3,25.593623952504466,8.531207984168155
roast,2,25.58216747795157,12.791083738975786
argument,3,25.58081787173639,8.526939290578797
unwillingness,2,25.573489398115687,12.786744699057843
dignified,2,25.55929725197774,12.77964862598887
stamford,2,25.557100331029886,12.778550165514943
canned,2,25.555475255423215,12.777737627711607
crippling,2,25.554930379584818,12.777465189792409
actuality,2,25.554773359368983,12.777386679684492
confined,3,25.552778745068046,8.517592915022682
discontinued,2,25.549330692382416,12.774665346191208
purified,2,25.5492133608682,12.7746066804341
enacting,2,25.530933797112528,12.765466898556264
classics,2,25.529223281120835,12.764611640560418
gazed,2,25.52168000745381,12.760840003726905
symphonic,2,25.51660547814995,12.758302739074974
pursuing,2,25.51605582819649,12.758027914098244
threefold,2,25.515330202681962,12.757665101340981
resignation,2,25.51500242832927,12.757501214164636
newborn,2,25.50417127808376,12.75208563904188
shudder,2,25.497960523350876,12.748980261675438
peripheral,2,25.485653217499845,12.742826608749922
roses,2,25.477475512799174,12.738737756399587
tending,2,25.471770060632597,12.735885030316298
doctors,3,25.468161185987995,8.489387061995998
razor,2,25.46663581644872,12.73331790822436
ethos,2,25.464517210930907,12.732258605465454
k,2,25.46280956030966,12.73140478015483
stuffed,2,25.452907683056104,12.726453841528052
elastic,2,25.44950011331325,12.724750056656625
fission,2,25.439160353305645,12.719580176652823
agnese,2,25.425591292879844,12.712795646439922
calmed,2,25.417278612335842,12.708639306167921
gentile,3,25.399636541787757,8.466545513929253
mcclellan,2,25.39650479608232,12.69825239804116
wholesale,2,25.38040484859691,12.690202424298455
bouncing,2,25.380264126260485,12.690132063130243
tattered,2,25.374611013890664,12.687305506945332
cheerful,2,25.365042422301556,12.682521211150778
downfall,2,25.350686242486404,12.675343121243202
seventeen,3,25.350136171713515,8.450045390571171
confirmation,2,25.3476452034751,12.67382260173755
reign,2,25.3470114391416,12.6735057195708
rosy,2,25.33700662776996,12.66850331388498
sleepy,2,25.33129088472561,12.665645442362806
chatter,2,25.32895236979831,12.664476184899154
grease,2,25.32723791036229,12.663618955181144
inventories,2,25.323341604278376,12.661670802139188
wallpaper,2,25.321323968965842,12.660661984482921
cleaners,2,25.32124943879633,12.660624719398164
soils,3,25.31862061952166,8.43954020650722
strenuous,2,25.317055813671217,12.658527906835609
ruthless,2,25.31565967975017,12.657829839875085
mores,2,25.315657299339616,12.657828649669808
colleges,3,25.307860334018983,8.435953444672995
illustrative,2,25.307362984336145,12.653681492168072
fidel,2,25.306079729806623,12.653039864903311
hanoverian,2,25.299901335362694,12.649950667681347
strengths,2,25.299403203472117,12.649701601736059
trusts,2,25.29841659910673,12.649208299553365
limit,3,25.29659096210234,8.432196987367446
gravel,2,25.29231901096641,12.646159505483205
ancestors,2,25.28227374036008,12.64113687018004
teach,4,25.27839509819539,6.319598774548847
infiltration,2,25.277672995809333,12.638836497904666
coins,2,25.273732844045625,12.636866422022813
minneapolis,2,25.273414168942466,12.636707084471233
enemies,3,25.26909842683323,8.423032808944411
toughness,2,25.26878124452427,12.634390622262135
runners,2,25.268237191228117,12.634118595614058
charley,2,25.26381129848574,12.63190564924287
predict,2,25.261943516772135,12.630971758386067
scaffold,2,25.25559788295343,12.627798941476716
makeshift,2,25.25505945697899,12.627529728489495
channing,2,25.254021494239744,12.627010747119872
natures,2,25.25375843129075,12.626879215645374
festival,3,25.24714284958087,8.415714283193624
estates,2,25.241953209116645,12.620976604558322
hough,2,25.24042993183677,12.620214965918384
philadelphia,3,25.2300339734444,8.410011324481466
die,3,25.214802903594755,8.404934301198251
crutches,2,25.213797293838727,12.606898646919364
swallowed,2,25.208397619927737,12.604198809963869
la,4,25.20363599556587,6.300908998891468
percentages,2,25.19896241847512,12.59948120923756
individuality,2,25.198649861372182,12.599324930686091
understands,2,25.18898831041302,12.59449415520651
slump,2,25.18742733379581,12.593713666897905
atmospheres,2,25.182003019169603,12.591001509584801
rely,2,25.169207409374316,12.584603704687158
hays,2,25.169139509925458,12.584569754962729
departing,2,25.167174558392592,12.583587279196296
imported,2,25.166820552659672,12.583410276329836
feathertop,2,25.166261169919032,12.583130584959516
surveying,2,25.16469262171669,12.582346310858345
superstition,2,25.159335569761907,12.579667784880954
check,3,25.157392595180525,8.385797531726842
cohn,2,25.151171392885672,12.575585696442836
fox,2,25.150282660563626,12.575141330281813
semantic,2,25.1498813008803,12.57494065044015
parliamentary,2,25.149148123556316,12.574574061778158
hatching,2,25.148698366581748,12.574349183290874
epidemic,2,25.144732496083815,12.572366248041908
sporting,2,25.14120546058274,12.57060273029137
fraction,3,25.139137585614826,8.379712528538276
volatile,2,25.138225713103715,12.569112856551858
spit,2,25.132803163884553,12.566401581942277
honorable,2,25.13168874012834,12.56584437006417
pantheon,2,25.12974502532687,12.564872512663435
designated,2,25.127805579169873,12.563902789584937
breathe,2,25.12362169749165,12.561810848745825
ordered,3,25.11343229914736,8.371144099715787
solo,2,25.108498390496287,12.554249195248143
foreigners,2,25.104448469839276,12.552224234919638
chromatic,2,25.085301103161875,12.542650551580937
ascribed,2,25.080635977253007,12.540317988626503
katanga,2,25.0747984741933,12.53739923709665
totaled,2,25.074648669171204,12.537324334585602
pineapple,2,25.069710711710094,12.534855355855047
expresses,2,25.068238791178835,12.534119395589418
uniquely,2,25.066117550978753,12.533058775489376
unwilling,2,25.06557952559571,12.532789762797854
pohl,2,25.06467697387545,12.532338486937725
fragrance,2,25.06411243765632,12.53205621882816
tower,2,25.061366131595655,12.530683065797827
neglect,2,25.060748636977305,12.530374318488652
sliding,2,25.059437041610146,12.529718520805073
revealing,2,25.054894182352843,12.527447091176422
challenged,2,25.054336309371813,12.527168154685906
froze,2,25.043261966852384,12.521630983426192
sox,4,25.03792278709614,6.259480696774035
decades,3,25.03663832775269,8.345546109250897
cartridges,2,25.033104983749485,12.516552491874743
diocesan,2,25.025557781447436,12.512778890723718
con,2,25.011662989795287,12.505831494897643
deterrent,2,25.007628980266915,12.503814490133458
washes,2,24.996892127034897,12.498446063517449
gladdy,2,24.995391366084462,12.497695683042231
renewal,2,24.97870143617989,12.489350718089945
collectors,2,24.978009582183883,12.489004791091942
prophecy,2,24.97723604786961,12.488618023934805
wells,2,24.96801319159539,12.484006595797695
lb,2,24.96710570636627,12.483552853183134
persuasion,2,24.955319269077762,12.477659634538881
configuration,2,24.955252968419366,12.477626484209683
mine,4,24.952931945411443,6.238232986352861
minced,2,24.95156782964207,12.475783914821035
shore,5,24.951532084316987,4.9903064168633975
trim,2,24.951016836478658,12.475508418239329
participates,2,24.94910397766796,12.47455198883398
amen,3,24.946921525012023,8.31564050833734
sensory,2,24.942881215354504,12.471440607677252
aspects,3,24.94270664107287,8.31423554702429
courtier,2,24.941905979324353,12.470952989662177
speculate,2,24.940545822001404,12.470272911000702
disturbance,2,24.933950342677285,12.466975171338643
containers,2,24.933899171953236,12.466949585976618
quit,2,24.93352529462512,12.46676264731256
wholly,3,24.93009024451736,8.310030081505786
hide,3,24.928387811561237,8.309462603853746
patched,2,24.927958808368984,12.463979404184492
shed,2,24.92469644987014,12.46234822493507
hunted,2,24.92204266707155,12.461021333535776
perform,3,24.913548861612526,8.304516287204175
presentations,2,24.911590390219274,12.455795195109637
efficient,3,24.904810371603233,8.301603457201077
sax,2,24.900300525275156,12.450150262637578
alvin,2,24.899444673852653,12.449722336926326
forgetting,2,24.89553123995814,12.44776561997907
charts,2,24.893250342371,12.4466251711855
stepping,2,24.891643865495155,12.445821932747577
mock,2,24.891623751815743,12.445811875907872
afloat,2,24.887913209264262,12.443956604632131
kinetic,2,24.88498399642628,12.44249199821314
depth,3,24.862335759595556,8.287445253198518
comprehension,2,24.857369326465616,12.428684663232808
pat,3,24.854442300161573,8.284814100053858
conforms,2,24.85178884084516,12.42589442042258
bars,4,24.84962068773381,6.212405171933453
ballads,2,24.848477842966886,12.424238921483443
backing,2,24.847562930486475,12.423781465243238
dissolved,2,24.84394750213976,12.42197375106988
forgiven,2,24.841421160875925,12.420710580437962
mandate,2,24.837487808409286,12.418743904204643
spending,3,24.83714135768737,8.279047119229123
traced,3,24.836437842569083,8.278812614189695
hound,2,24.83308709719333,12.416543548596666
humane,2,24.826914671956793,12.413457335978396
terrain,2,24.82543753397547,12.412718766987735
yearning,2,24.823167881031246,12.411583940515623
midst,4,24.818661867022378,6.2046654667555945
enchanted,2,24.81840552352689,12.409202761763446
consuming,2,24.818195240695708,12.409097620347854
leveling,3,24.817922005754845,8.272640668584948
pills,2,24.806230189238562,12.403115094619281
arbitrary,3,24.794202039690916,8.264734013230305
recruits,2,24.791928270737717,12.395964135368859
bitterness,2,24.780006499387703,12.390003249693851
bari,2,24.77660387479719,12.388301937398595
equals,2,24.772585071077987,12.386292535538994
environment,3,24.75502649887973,8.251675499626577
cable,2,24.752156488008097,12.376078244004049
tessie,2,24.74887056979831,12.374435284899155
comb,2,24.74685075690579,12.373425378452895
puerto,3,24.73073234505683,8.243577448352276
communities,3,24.728605326806147,8.242868442268716
select,3,24.726767988169733,8.242255996056578
spoilage,2,24.724556041851258,12.362278020925629
strangers,2,24.71496722960159,12.357483614800795
delay,2,24.707556607996125,12.353778303998062
polyether,2,24.703118442950615,12.351559221475307
pas,2,24.700573188878813,12.350286594439407
panama,2,24.693209258676752,12.346604629338376
trigger,2,24.69061564370086,12.34530782185043
exasperation,2,24.68908554482622,12.34454277241311
raise,3,24.67760410670747,8.225868035569157
communicative,2,24.67573890926142,12.33786945463071
steering,2,24.674452710904053,12.337226355452026
hickory,2,24.672340667063928,12.336170333531964
submarine,2,24.672166867693413,12.336083433846706
broadcasting,2,24.670961854025983,12.335480927012991
chef,2,24.667714761068744,12.333857380534372
intellect,2,24.665080372933893,12.332540186466947
sticky,2,24.65249039934642,12.32624519967321
looming,2,24.64828188332494,12.32414094166247
sabella,2,24.647851979026964,12.323925989513482
interpret,2,24.645148973271564,12.322574486635782
approximately,3,24.634021255123393,8.211340418374464
havana,2,24.62919826878894,12.31459913439447
recession,2,24.62699481680173,12.313497408400865
ordinarily,2,24.620635024610394,12.310317512305197
inventor,2,24.609235469829805,12.304617734914903
thermometer,2,24.607346787363674,12.303673393681837
potency,2,24.606839694077884,12.303419847038942
gratt,2,24.605953074512186,12.302976537256093
participating,2,24.604859756265895,12.302429878132948
coincided,2,24.59970198369154,12.29985099184577
skeletal,2,24.591702439954368,12.295851219977184
anarchy,2,24.581127180314972,12.290563590157486
hemphill,2,24.57609325912479,12.288046629562395
universe,3,24.572357973882198,8.190785991294065
goat,2,24.57065294426771,12.285326472133855
symbolically,2,24.564670345063405,12.282335172531702
philosophers,2,24.56270423425263,12.281352117126316
baptized,2,24.552495600309733,12.276247800154866
concerts,3,24.549305965713273,8.18310198857109
anchored,2,24.54757594165372,12.27378797082686
locate,3,24.540634163942812,8.180211387980938
persians,2,24.531018576396484,12.265509288198242
assaulted,2,24.52738132211191,12.263690661055955
honors,2,24.527155884768263,12.263577942384131
thermometers,2,24.526516938855604,12.263258469427802
variables,4,24.519426409925888,6.129856602481472
voiced,2,24.516814320552434,12.258407160276217
minimal,2,24.514699414647808,12.257349707323904
kings,2,24.514227986149088,12.257113993074544
schedules,2,24.511863822059247,12.255931911029624
pond,2,24.510059133091083,12.255029566545542
tonal,2,24.506913665854967,12.253456832927483
scoring,2,24.50163377564936,12.25081688782468
u,2,24.497397347063725,12.248698673531862
wanting,2,24.495915930325346,12.247957965162673
lighter,2,24.495755048064154,12.247877524032077
glanced,3,24.489701865786376,8.163233955262125
spelled,2,24.48680324546973,12.243401622734865
bronchial,3,24.48564382653931,8.161881275513103
replacing,2,24.48469388478226,12.24234694239113
kissed,2,24.483034800105372,12.241517400052686
advisory,3,24.48054231392861,8.160180771309536
cellar,3,24.47890686134651,8.159635620448837
whig,2,24.477019867807734,12.238509933903867
interpreter,2,24.47396153074901,12.236980765374504
stoicism,2,24.469905125323333,12.234952562661666
ballistic,2,24.468845107020663,12.234422553510331
complied,2,24.46309703804645,12.231548519023224
customer,2,24.458355897918008,12.229177948959004
mused,2,24.45703978024579,12.228519890122895
astonished,2,24.445644106048974,12.222822053024487
kahler,2,24.44462769867466,12.22231384933733
indicators,2,24.444442658008008,12.222221329004004
gansevoort,2,24.436288981178365,12.218144490589182
edythe,2,24.42683157305463,12.213415786527316
sweden,2,24.425715860431225,12.212857930215613
treating,2,24.424636765948435,12.212318382974217
athlete,2,24.420118915659536,12.210059457829768
dictator,2,24.414862637151252,12.207431318575626
fabric,2,24.408247947143835,12.204123973571917
futility,2,24.408228797710592,12.204114398855296
toad,2,24.396734578164548,12.198367289082274
meadows,2,24.389310988209854,12.194655494104927
kentucky,2,24.38634425297156,12.19317212648578
alan,2,24.379683647231598,12.189841823615799
liaison,2,24.37959425298006,12.18979712649003
meters,2,24.374598762435944,12.187299381217972
inexpensive,2,24.371888010170203,12.185944005085101
affiliated,2,24.371117686169786,12.185558843084893
remedy,2,24.36847149961119,12.184235749805595
seconds,3,24.365503865300415,8.121834621766805
laymen,2,24.36536473420713,12.182682367103565
beam,3,24.365021779246863,8.121673926415621
capitol,3,24.363788183048165,8.121262727682721
shelley,2,24.358699417344884,12.179349708672442
sciences,3,24.35827831524086,8.119426105080287
pony,2,24.35752585441925,12.178762927209625
fate,2,24.353786715440037,12.176893357720019
forte,2,24.35026450754992,12.17513225377496
infantry,2,24.349886302006617,12.174943151003308
conditioned,2,24.342548020107685,12.171274010053843
bluntly,2,24.333641577868995,12.166820788934498
compact,2,24.323386047286867,12.161693023643434
agony,2,24.32320161572612,12.16160080786306
colleague,2,24.322240952816845,12.161120476408422
radiant,2,24.303978383332158,12.151989191666079
nilpotent,2,24.297768192406938,12.148884096203469
spokesman,2,24.297220644939493,12.148610322469747
troubled,2,24.296245637787116,12.148122818893558
mentioning,2,24.29367077257156,12.14683538628578
liking,2,24.289843404613347,12.144921702306673
thru,2,24.28962898466048,12.14481449233024
haunches,2,24.289123407832527,12.144561703916263
reply,3,24.286381482752425,8.095460494250808
feat,2,24.284088868976333,12.142044434488167
analyst,2,24.279698563008147,12.139849281504073
fog,3,24.277194720635364,8.092398240211788
boom,2,24.276066557975124,12.138033278987562
wasted,2,24.270915357515094,12.135457678757547
draped,2,24.270398199120812,12.135199099560406
willed,2,24.269837877213774,12.134918938606887
nod,2,24.265450721906465,12.132725360953232
ratio,3,24.260475585852106,8.086825195284035
exaggerate,2,24.25637798628548,12.12818899314274
julia,3,24.253319768707183,8.084439922902394
advocate,2,24.24791883782065,12.123959418910324
unanimously,2,24.243243808770096,12.121621904385048
quaker,2,24.241862743807808,12.120931371903904
gram,2,24.24103449765789,12.120517248828945
brutal,2,24.24026256894605,12.120131284473025
patriotic,2,24.22459525993601,12.112297629968005
cautious,2,24.22428630016256,12.11214315008128
locating,2,24.222553283669278,12.111276641834639
eased,2,24.21864003626453,12.109320018132266
syndicate,2,24.21670973143543,12.108354865717715
forthright,2,24.212161196645795,12.106080598322897
rehearsed,2,24.21096181172964,12.10548090586482
flurry,2,24.20976748420305,12.104883742101524
separated,3,24.205142446211962,8.068380815403987
pounds,3,24.201180425838565,8.067060141946188
whiskey,2,24.190404471345136,12.095202235672568
trading,2,24.19037856249537,12.095189281247684
hierarchy,2,24.186942808284826,12.093471404142413
kirby,2,24.18645669159774,12.09322834579887
predispositions,2,24.183299908984722,12.091649954492361
policeman,2,24.18322238363264,12.09161119181632
cta,2,24.182105717715125,12.091052858857562
cocked,2,24.178502859152424,12.089251429576212
bankruptcy,2,24.175848676318886,12.087924338159443
cream,2,24.17341475894506,12.08670737947253
depicted,2,24.173359697177464,12.086679848588732
eagle,2,24.167982640009377,12.083991320004689
reconcile,2,24.163906733891732,12.081953366945866
removing,2,24.157057716076295,12.078528858038148
elegance,2,24.152848312448047,12.076424156224023
despair,2,24.14979424614577,12.074897123072885
eyebrows,2,24.143999355941407,12.071999677970704
canceled,2,24.143085785087568,12.071542892543784
abuses,2,24.140539459377187,12.070269729688594
conclude,2,24.140311888696665,12.070155944348333
infancy,2,24.13648273621802,12.06824136810901
biography,2,24.13461437591518,12.06730718795759
acquiring,2,24.133285717138993,12.066642858569496
notify,2,24.132194834653774,12.066097417326887
regime,3,24.128949251923117,8.042983083974372
monument,2,24.125734127732173,12.062867063866086
displacement,3,24.12480328099722,8.04160109366574
cautiously,2,24.111629519209497,12.055814759604749
comprise,2,24.10609723175668,12.05304861587834
prairie,2,24.10607510466643,12.053037552333215
winding,2,24.104465555428234,12.052232777714117
tribunal,2,24.102233169000133,12.051116584500067
situated,2,24.099837783428598,12.049918891714299
heritage,2,24.092325051214758,12.046162525607379
eccentric,2,24.080572469938772,12.040286234969386
enables,2,24.079269886964173,12.039634943482087
poorly,2,24.075510238770093,12.037755119385046
holmes,3,24.074732885690402,8.0249109618968
wires,2,24.070610215711074,12.035305107855537
permitting,2,24.06472919847571,12.032364599237855
proportionately,2,24.06252452395858,12.03126226197929
r,3,24.062190553616286,8.020730184538762
bernard,2,24.060016279331222,12.030008139665611
disarmament,2,24.053847590925706,12.026923795462853
coroner,2,24.045090776242915,12.022545388121458
westward,2,24.04194014585991,12.020970072929956
labeled,2,24.04024143671936,12.02012071835968
comparisons,2,24.03457615697169,12.017288078485844
pamela,2,24.029851991278655,12.014925995639327
repeal,2,24.02836155263817,12.014180776319085
spontaneously,2,24.02137295241498,12.01068647620749
flowing,2,24.02051920737018,12.01025960368509
stereotype,2,24.018841685373815,12.009420842686907
supposedly,2,24.017789139689082,12.008894569844541
burma,3,24.01284457828705,8.004281526095683
sighted,2,24.007952808647232,12.003976404323616
authorize,2,24.000451209571857,12.000225604785928
reservations,2,23.998364973422436,11.999182486711218
trivial,2,23.990876251795445,11.995438125897723
countless,2,23.989080633878004,11.994540316939002
undergraduate,2,23.987393367806376,11.993696683903188
wholesome,2,23.987060327684055,11.993530163842028
ridge,3,23.981265237155963,7.993755079051987
commonwealth,2,23.980008910955892,11.990004455477946
hammarskjold,3,23.976690990197824,7.992230330065941
penetrated,2,23.973959801038422,11.986979900519211
auxiliary,2,23.973382631736776,11.986691315868388
minimized,2,23.97276305249146,11.98638152624573
resemble,2,23.971757649784095,11.985878824892048
canvas,2,23.969057584192914,11.984528792096457
laying,2,23.966583288228566,11.983291644114283
scientist,2,23.965371931973884,11.982685965986942
forced,3,23.961870615508964,7.987290205169654
indirectly,2,23.959160928184133,11.979580464092066
exceptionally,2,23.954106435524004,11.977053217762002
repeating,2,23.94216271340224,11.97108135670112
granted,3,23.941361781023346,7.980453927007782
loving,2,23.939450695779072,11.969725347889536
rally,2,23.934512659578775,11.967256329789388
spelman,2,23.934275421124575,11.967137710562287
fred,2,23.932694378691213,11.966347189345607
emerges,2,23.929282828942515,11.964641414471258
stages,5,23.904782086312093,4.780956417262418
mile,5,23.90457374086537,4.780914748173074
fulfilled,2,23.89327196602585,11.946635983012925
hitting,2,23.891110581152798,11.945555290576399
temporary,2,23.880197276774798,11.940098638387399
heretofore,2,23.87836514980595,11.939182574902976
sentences,2,23.876236204845927,11.938118102422964
proclaim,2,23.873333200737488,11.936666600368744
sausages,2,23.86937564095785,11.934687820478924
statues,2,23.86936257932858,11.93468128966429
sticking,2,23.86693642905032,11.93346821452516
themes,2,23.866166019431056,11.933083009715528
greece,2,23.864515040882637,11.932257520441318
hawaiian,2,23.86372686725271,11.931863433626354
politeness,2,23.854691089274926,11.927345544637463
deserve,2,23.8534871618239,11.92674358091195
booth,2,23.848512184989602,11.924256092494801
cutters,2,23.844538717810906,11.922269358905453
scratched,2,23.8332875549643,11.91664377748215
dystopias,2,23.831366084599892,11.915683042299946
commonly,3,23.827917047372612,7.942639015790871
feathers,3,23.82547211835609,7.94182403945203
failing,2,23.82331173997261,11.911655869986305
minister,6,23.817045035884057,3.969507505980676
movable,2,23.811934344749325,11.905967172374663
metallic,2,23.810181062804254,11.905090531402127
johnston,2,23.80617312007348,11.90308656003674
shea,2,23.80491503657163,11.902457518285814
distress,2,23.803857069354677,11.901928534677339
abrupt,2,23.786744951667533,11.893372475833766
benjamin,2,23.786140163981166,11.893070081990583
ignorance,2,23.77944724614114,11.88972362307057
feminine,2,23.779102733617435,11.889551366808718
projections,2,23.77086230271717,11.885431151358585
beckoned,2,23.763066618214765,11.881533309107382
graphic,2,23.76202755705563,11.881013778527816
wardrobe,2,23.759959288029997,11.879979644014998
maurice,2,23.757046457650596,11.878523228825298
perier,2,23.75692558188069,11.878462790940345
rookie,2,23.75692558188069,11.878462790940345
ellen,2,23.753966565238997,11.876983282619499
academy,4,23.75375390213346,5.938438475533365
heightened,2,23.75053177496273,11.875265887481365
suggestive,2,23.75042064225466,11.87521032112733
appealed,2,23.74810972194784,11.87405486097392
recourse,2,23.746267444332307,11.873133722166154
disadvantages,2,23.745643926865576,11.872821963432788
uneasy,3,23.73912873809789,7.9130429126992965
coatings,2,23.732562968443325,11.866281484221663
respected,2,23.73249922780842,11.86624961390421
quiney,2,23.731487524454526,11.865743762227263
computation,2,23.729041727355185,11.864520863677592
roughly,2,23.72503115957032,11.86251557978516
cruel,2,23.723056930002315,11.861528465001157
token,2,23.721507950030787,11.860753975015394
imagery,2,23.699314849748767,11.849657424874383
ankles,2,23.694572469595904,11.847286234797952
flannagan,2,23.694031659224198,11.847015829612099
dough,2,23.686658890895632,11.843329445447816
serene,2,23.684214608135306,11.842107304067653
grove,2,23.68133785687823,11.840668928439115
yield,4,23.6791650020999,5.919791250524975
obstacle,2,23.66935862442621,11.834679312213105
box,3,23.665073028245843,7.888357676081948
merry,2,23.664522485125573,11.832261242562787
bee,2,23.66330369646061,11.831651848230305
johnny,2,23.662019067723367,11.831009533861684
africa,4,23.65781401330668,5.91445350332667
waking,2,23.654765658138942,11.827382829069471
wrapped,2,23.65422777515014,11.82711388757507
manuscript,2,23.650099698190978,11.825049849095489
marital,2,23.649464059634834,11.824732029817417
efficiency,3,23.64546243480583,7.881820811601943
illumination,2,23.644034340318733,11.822017170159366
grin,2,23.6306568612121,11.81532843060605
fabrication,2,23.620642635301852,11.810321317650926
dislike,2,23.619066053531,11.8095330267655
deliberately,2,23.617446507236536,11.808723253618268
lest,2,23.614339019679324,11.807169509839662
exerted,2,23.614213962628394,11.807106981314197
combine,2,23.611165560623604,11.805582780311802
pilots,2,23.608210163424474,11.804105081712237
revenge,2,23.602895777823335,11.801447888911667
cargo,2,23.601781403876576,11.800890701938288
edwin,2,23.59965569724554,11.79982784862277
battered,2,23.58750914173624,11.79375457086812
writings,2,23.58408174489877,11.792040872449386
applicants,2,23.580475297953676,11.790237648976838
followers,2,23.578326675921225,11.789163337960613
gracefully,2,23.577854794865566,11.788927397432783
yours,3,23.57721959284335,7.85907319761445
log,2,23.57583100629559,11.787915503147795
doings,2,23.573990356295432,11.786995178147716
prayers,2,23.572644809091646,11.786322404545823
festivities,2,23.569042387757776,11.784521193878888
summers,2,23.566993910617278,11.783496955308639
settlements,2,23.56456419609401,11.782282098047006
socially,2,23.564075781174054,11.782037890587027
myth,3,23.559634497350395,7.8532114991167985
designing,2,23.549937922163952,11.774968961081976
peaks,2,23.54664503218893,11.773322516094465
q,5,23.545200768538805,4.709040153707761
welch,2,23.540817669045584,11.770408834522792
distaste,2,23.537030666286412,11.768515333143206
instinct,2,23.53426921061995,11.767134605309975
crushing,2,23.530212672242776,11.765106336121388
alterations,2,23.529470391519517,11.764735195759759
militia,2,23.52851320414394,11.76425660207197
dug,2,23.527342076390266,11.763671038195133
newspapers,2,23.52593124709778,11.76296562354889
tobacco,2,23.524260360620218,11.762130180310109
worldly,2,23.519309498835987,11.759654749417994
recommendation,2,23.51805884234316,11.75902942117158
queen,3,23.51383254635843,7.837944182119476
barrier,2,23.5133609793132,11.7566804896566
publisher,2,23.511970180345056,11.755985090172528
augusta,2,23.51088637119939,11.755443185599695
preparations,3,23.50836489347388,7.836121631157959
amy,2,23.50623488369662,11.75311744184831
charming,2,23.504494279902275,11.752247139951137
oval,2,23.501016337765005,11.750508168882503
buckley,2,23.500903819660056,11.750451909830028
ski,2,23.495163076353787,11.747581538176894
advertised,2,23.49465633227866,11.74732816613933
corners,2,23.4920004006743,11.74600020033715
fusion,2,23.48836216372865,11.744181081864324
careless,2,23.48482691827765,11.742413459138826
sister,3,23.475401732886098,7.825133910962033
committees,2,23.47519018837845,11.737595094189224
shortstop,2,23.47371430215763,11.736857151078816
substituted,2,23.47350094326353,11.736750471631765
rendezvous,2,23.471283645281343,11.735641822640671
railroads,2,23.47113758443262,11.73556879221631
crucial,3,23.46578471612937,7.82192823870979
seasons,2,23.463123749076512,11.731561874538256
towel,2,23.459175592710572,11.729587796355286
destruction,2,23.454302916116667,11.727151458058334
lecture,2,23.448100447226384,11.724050223613192
utter,2,23.44394345815519,11.721971729077595
lifted,3,23.443584053560038,7.814528017853346
clause,2,23.44145482911447,11.720727414557235
strides,2,23.438241748870958,11.719120874435479
confession,2,23.425452608429655,11.712726304214828
swinging,2,23.423910687520625,11.711955343760312
mahzeer,2,23.423560470430967,11.711780235215484
rhythmic,2,23.421167505959797,11.710583752979899
compass,2,23.42100344630132,11.71050172315066
decorative,2,23.419939658449533,11.709969829224766
handley,2,23.416391024457877,11.708195512228938
filing,2,23.416365119889043,11.708182559944522
tested,3,23.414157233870945,7.804719077956982
commented,2,23.413533669780136,11.706766834890068
remembers,2,23.411031903998605,11.705515951999303
antagonism,2,23.408698522457584,11.704349261228792
halted,2,23.405877332962547,11.702938666481273
sober,2,23.405692175541795,11.702846087770897
loses,2,23.40395757391015,11.701978786955076
reacted,2,23.402596386304737,11.701298193152368
cracked,2,23.400960250765984,11.700480125382992
eliminating,2,23.399574978519563,11.699787489259782
proponents,2,23.391042515327705,11.695521257663852
uncle,3,23.389152808854536,7.796384269618179
expressions,2,23.38381561889998,11.69190780944999
declarative,2,23.383320469233794,11.691660234616897
appreciably,2,23.383127705962146,11.691563852981073
utilization,2,23.3811348147482,11.6905674073741
inauguration,2,23.37971615697112,11.68985807848556
descending,2,23.379709572328256,11.689854786164128
ham,2,23.36534198601283,11.682670993006415
sermon,2,23.361433654172323,11.680716827086162
monuments,2,23.35620400534662,11.67810200267331
angel,2,23.35437585986937,11.677187929934686
determines,2,23.346041554283126,11.673020777141563
psychiatric,2,23.34365084395696,11.67182542197848
jessica,2,23.34015084696128,11.67007542348064
contempt,2,23.338675525188872,11.669337762594436
differs,2,23.33264414952268,11.66632207476134
rourke,2,23.330124790499127,11.665062395249564
subsistence,2,23.327871295501318,11.663935647750659
waving,2,23.32217970383139,11.661089851915696
jed,2,23.32026677488961,11.660133387444805
crystals,2,23.319712326757546,11.659856163378773
shame,2,23.317255037659443,11.658627518829721
neighbor,2,23.316267670524187,11.658133835262094
relaxed,2,23.315660949419414,11.657830474709707
maintaining,2,23.307658012760655,11.653829006380327
launched,2,23.305305984327415,11.652652992163707
grasped,2,23.302029608124293,11.651014804062147
tremendously,2,23.293410717687564,11.646705358843782
assault,2,23.29092683172649,11.645463415863246
picket,2,23.2897416952503,11.64487084762515
admired,2,23.288654151385714,11.644327075692857
scholars,3,23.284313772615413,7.761437924205137
conservatism,2,23.277128381120754,11.638564190560377
investment,3,23.275773283469977,7.758591094489993
towering,2,23.27383284338619,11.636916421693096
nadine,2,23.270564970353057,11.635282485176528
intimate,2,23.268391155188564,11.634195577594282
chancellor,2,23.26562751958287,11.632813759791436
expectation,2,23.263066664701913,11.631533332350957
rankin,2,23.260784458040547,11.630392229020273
purple,2,23.259439206518177,11.629719603259089
unimportant,2,23.258181753381646,11.629090876690823
flies,2,23.25757955272796,11.62878977636398
majestic,2,23.255212409389863,11.627606204694931
abuse,2,23.25244340085146,11.62622170042573
thinker,2,23.251156069071335,11.625578034535668
blank,2,23.248854573749725,11.624427286874862
max,2,23.230878605925568,11.615439302962784
surveys,2,23.230058709754417,11.615029354877208
evoked,2,23.226332159737428,11.613166079868714
transition,2,23.2234310670109,11.61171553350545
enterprises,2,23.22131941010366,11.61065970505183
copies,2,23.216060483818296,11.608030241909148
attend,3,23.215678860835126,7.738559620278376
spectators,2,23.202287089892437,11.601143544946218
devotion,2,23.202047081181522,11.601023540590761
crying,2,23.199214449149295,11.599607224574648
packaging,2,23.192199810333555,11.596099905166778
guarantees,2,23.180732813532877,11.590366406766439
arlene,2,23.17833222681096,11.58916611340548
believing,2,23.175128931184354,11.587564465592177
diamond,2,23.173708484450486,11.586854242225243
dawn,3,23.17050122658538,7.723500408861793
founded,2,23.169623885204533,11.584811942602267
measuring,2,23.16395384306866,11.58197692153433
informal,2,23.15559728698071,11.577798643490356
busily,2,23.154526540005904,11.577263270002952
warriors,2,23.149256418817043,11.574628209408521
underdeveloped,2,23.147529730445,11.5737648652225
guideposts,2,23.145441230357697,11.572720615178849
compositions,2,23.142544466044036,11.571272233022018
stretch,2,23.14208723827032,11.57104361913516
continuum,2,23.141089783684173,11.570544891842086
palms,2,23.139825660438653,11.569912830219327
fountain,2,23.130143867180763,11.565071933590382
currents,2,23.120217645867406,11.560108822933703
clearing,2,23.120071196643032,11.560035598321516
limitations,3,23.11879767746765,7.706265892489217
flavor,2,23.11489017295185,11.557445086475925
applause,2,23.113211822413753,11.556605911206876
vaults,2,23.109102582853275,11.554551291426638
glimpse,2,23.10813040473692,11.55406520236846
rug,3,23.1037921423283,7.701264047442766
reliable,2,23.09634918449287,11.548174592246434
worn,2,23.0902963557762,11.5451481778881
absence,3,23.085932226257867,7.6953107420859554
inquiry,2,23.08353146110882,11.54176573055441
anaconda,2,23.080123388510337,11.540061694255169
whisper,2,23.077492030383404,11.538746015191702
achievement,3,23.075270068248237,7.691756689416079
unfortunate,2,23.07355748539776,11.53677874269888
observing,2,23.071010883076596,11.535505441538298
sewer,2,23.068087805270416,11.534043902635208
synthetic,2,23.061492456600238,11.530746228300119
dutch,2,23.060520110605182,11.530260055302591
richardson,2,23.060154085920317,11.530077042960158
constructive,2,23.059087225511384,11.529543612755692
mount,3,23.05626398484473,7.685421328281577
monks,2,23.056127866836242,11.528063933418121
glow,2,23.05521682157601,11.527608410788005
processing,4,23.05337967101179,5.763344917752947
noisy,2,23.05006168536105,11.525030842680525
preservation,2,23.049203056536676,11.524601528268338
minnesota,2,23.04475884550329,11.522379422751644
appeals,2,23.040981255572152,11.520490627786076
campers,2,23.040301061178376,11.520150530589188
variable,3,23.03871943215632,7.679573144052107
encourages,2,23.03571341868072,11.51785670934036
swiftly,2,23.035198179917998,11.517599089958999
perfume,2,23.033893888200893,11.516946944100447
massive,2,23.03313815984154,11.51656907992077
scenery,2,23.028742561127586,11.514371280563793
certainty,2,23.02763564231742,11.51381782115871
carriers,2,23.02402772407884,11.51201386203942
victims,2,23.023044540370094,11.511522270185047
arch,2,23.01211173504891,11.506055867524456
devote,2,23.00616767029993,11.503083835149965
fitted,2,23.002922193226233,11.501461096613117
lime,2,22.99915982727011,11.499579913635054
decisions,3,22.995044197429305,7.665014732476435
bulletin,2,22.994873663403396,11.497436831701698
closest,2,22.994086387707377,11.497043193853688
matches,2,22.989960714710797,11.494980357355399
manhattan,2,22.98468863884503,11.492344319422514
phoenix,2,22.97063331081945,11.485316655409726
acknowledge,2,22.970370725102306,11.485185362551153
workbench,2,22.970245918684505,11.485122959342252
herman,2,22.96679983573199,11.483399917865995
secrecy,2,22.966347464309163,11.483173732154581
obtainable,2,22.947151721961536,11.473575860980768
sigh,2,22.946467180199054,11.473233590099527
sewage,3,22.94582836513734,7.64860945504578
interim,2,22.940445481869318,11.470222740934659
musket,2,22.936714449476284,11.468357224738142
forming,2,22.935576323910112,11.467788161955056
selective,2,22.932528983936393,11.466264491968197
invested,2,22.92472044634215,11.462360223171075
directional,2,22.923540101443795,11.461770050721897
mexico,3,22.92298595742729,7.64099531914243
unaware,2,22.9193365494679,11.45966827473395
swear,2,22.916818712788086,11.458409356394043
oklahoma,3,22.914323204621574,7.638107734873858
helen,2,22.913229674862883,11.456614837431442
parent,2,22.904529297804253,11.452264648902126
drugs,3,22.900906113285767,7.633635371095256
fiery,2,22.89887228420455,11.449436142102275
awaiting,2,22.898395025453738,11.449197512726869
survivors,2,22.897486979608132,11.448743489804066
puzzled,2,22.895207301645225,11.447603650822613
startling,2,22.892207823994084,11.446103911997042
grunted,2,22.891824001777515,11.445912000888757
gully,2,22.891793679975258,11.445896839987629
belonging,2,22.88989379930601,11.444946899653004
radar,2,22.889088834213176,11.444544417106588
leonard,2,22.888627462691076,11.444313731345538
attending,2,22.869596193432614,11.434798096716307
sincere,2,22.866860465550456,11.433430232775228
tsh,3,22.863995400395137,7.6213318001317125
distant,2,22.863739020911723,11.431869510455861
sheik,2,22.863729927407718,11.431864963703859
separately,2,22.858190974967847,11.429095487483924
spreads,2,22.857933079367356,11.428966539683678
tired,3,22.853276293227395,7.617758764409132
passenger,2,22.84861257778207,11.424306288891035
obscure,2,22.839616292779752,11.419808146389876
consistently,2,22.83876333347373,11.419381666736864
complain,2,22.82027451447215,11.410137257236075
congressman,2,22.819302717857546,11.409651358928773
sarah,2,22.817438081262004,11.408719040631002
descriptions,2,22.8159188036295,11.40795940181475
cleaner,2,22.814438417459066,11.407219208729533
bullets,2,22.814211053780667,11.407105526890334
sped,2,22.807957381689256,11.403978690844628
coincide,2,22.802496785075636,11.401248392537818
hamlet,2,22.8021905624503,11.40109528122515
vigorously,2,22.80159931971815,11.400799659859075
melody,2,22.800215534063554,11.400107767031777
orthodox,2,22.7959433076971,11.39797165384855
fortunate,2,22.786139021722136,11.393069510861068
simplicity,2,22.784000205181,11.3920001025905
shouted,3,22.779134304754507,7.593044768251502
drill,2,22.77784314880916,11.38892157440458
molded,2,22.772009911338138,11.386004955669069
transferred,3,22.768386131791225,7.589462043930408
thigh,2,22.76581971398526,11.38290985699263
sera,2,22.763298320349946,11.381649160174973
brenner,2,22.76111178031877,11.380555890159386
graduates,2,22.757912142333335,11.378956071166668
discoveries,2,22.75615038505741,11.378075192528705
triumphantly,2,22.750216403767034,11.375108201883517
rage,2,22.742787078171453,11.371393539085727
procurement,3,22.742429053034307,7.580809684344769
chest,3,22.72542541940078,7.5751418064669265
centered,2,22.719936286393143,11.359968143196571
fails,2,22.716250375926478,11.358125187963239
defending,2,22.715843875893533,11.357921937946767
foil,3,22.70932109337523,7.569773697791743
afterwards,2,22.706915913939397,11.353457956969699
cottage,2,22.704896024089727,11.352448012044864
clients,2,22.70236924589465,11.351184622947326
chorus,2,22.69665538346935,11.348327691734674
breaking,2,22.696556555592956,11.348278277796478
porter,2,22.696109488966705,11.348054744483353
inhuman,2,22.695100370563154,11.347550185281577
mckinley,2,22.694973297762555,11.347486648881278
rob,2,22.694618344122517,11.347309172061259
hired,2,22.69195118266243,11.345975591331214
harry,2,22.689682716534254,11.344841358267127
soup,2,22.68791695995439,11.343958479977195
brick,2,22.68505656587585,11.342528282937925
furnish,2,22.676138357720767,11.338069178860383
averaged,2,22.674091329086057,11.337045664543028
reception,2,22.670430688413127,11.335215344206564
visible,2,22.655949224747836,11.327974612373918
buzz,2,22.643916807013944,11.321958403506972
arrangement,3,22.641501259937773,7.547167086645924
requested,2,22.64078079160231,11.320390395801155
governing,2,22.638300717524395,11.319150358762197
advisers,2,22.634288911392268,11.317144455696134
catholic,4,22.621271528000037,5.655317882000009
dared,2,22.620337723513618,11.310168861756809
fromm,2,22.60765879929807,11.303829399649034
lyrics,2,22.606860134513184,11.303430067256592
cobb,2,22.60665862870952,11.30332931435476
lure,2,22.603685060145306,11.301842530072653
investigators,2,22.598674974442478,11.299337487221239
shattered,2,22.59483699595307,11.297418497976535
execution,2,22.587645996889343,11.293822998444671
tropical,2,22.578505936850096,11.289252968425048
joining,2,22.57777284381288,11.28888642190644
molecular,2,22.573115294087817,11.286557647043908
peaceful,2,22.57250948676775,11.286254743383875
consecutive,2,22.572084779692084,11.286042389846042
balanced,2,22.568369134904984,11.284184567452492
derby,2,22.567883036972454,11.283941518486227
fame,2,22.561324993962405,11.280662496981202
refers,2,22.558509055108935,11.279254527554468
cork,2,22.557595488928417,11.278797744464208
necessarily,3,22.557269306679668,7.519089768893223
daughters,2,22.55173260360148,11.27586630180074
trousers,2,22.54913315671643,11.274566578358215
consequence,3,22.54602794087336,7.515342646957786
prediction,2,22.54413188180383,11.272065940901914
golf,2,22.535740894804473,11.267870447402236
favorable,2,22.521849438218023,11.260924719109012
compilation,2,22.521713933973018,11.260856966986509
lacked,2,22.517850602641218,11.258925301320609
deliberate,2,22.516247428972108,11.258123714486054
shapes,2,22.51247148135356,11.25623574067678
beneficial,2,22.50914680755817,11.254573403779085
liberals,2,22.50800671710973,11.254003358554865
pioneer,2,22.505058451775135,11.252529225887567
aeration,2,22.50449452263814,11.25224726131907
span,2,22.499223160135124,11.249611580067562
historic,2,22.49424420945133,11.247122104725666
tracing,2,22.491216611909252,11.245608305954626
fragments,2,22.489968236400497,11.244984118200248
medicine,2,22.488226544168583,11.244113272084292
expanded,2,22.48801651987317,11.244008259936585
solidarity,2,22.487746598787563,11.243873299393782
conferences,2,22.48552455802021,11.242762279010105
prohibited,2,22.47786295320082,11.23893147660041
calibration,2,22.473788320443298,11.236894160221649
mexicans,2,22.47147766384363,11.235738831921815
foamed,2,22.46554366250596,11.23277183125298
diverse,2,22.460517335513252,11.230258667756626
latin,2,22.46037237711134,11.23018618855567
piers,2,22.46013139882772,11.23006569941386
vent,2,22.448869195921407,11.224434597960704
map,2,22.447135855800237,11.223567927900119
aim,2,22.446969418011072,11.223484709005536
deserted,2,22.4446020336993,11.22230101684965
quarters,2,22.440741754041454,11.220370877020727
authorized,2,22.438067629332018,11.219033814666009
leaning,2,22.437276063231927,11.218638031615964
shaken,2,22.43536932674086,11.21768466337043
dandy,2,22.432909677083106,11.216454838541553
decay,2,22.432574386278773,11.216287193139387
twisting,2,22.431822182625325,11.215911091312663
binding,2,22.431642111306473,11.215821055653237
colorful,2,22.42887601453878,11.21443800726939
greeted,2,22.418508939099535,11.209254469549768
claire,2,22.417788162229762,11.208894081114881
editors,2,22.415081512096563,11.207540756048282
tolerant,2,22.412353670578185,11.206176835289092
designer,3,22.410791164030417,7.470263721343472
morris,2,22.410283645759375,11.205141822879687
marvin,2,22.40448965289516,11.20224482644758
border,3,22.40028759340168,7.4667625311338925
metaphysical,2,22.398934117492388,11.199467058746194
terribly,2,22.398908852890717,11.199454426445358
illustration,2,22.39802106826232,11.19901053413116
minds,3,22.398016481751633,7.466005493917211
slate,2,22.39708993687102,11.19854496843551
cdc,2,22.393997952145696,11.196998976072848
theology,2,22.393517303711462,11.196758651855731
solidly,2,22.390104827546516,11.195052413773258
breathing,2,22.38933982133227,11.194669910666136
slaves,3,22.386729056648612,7.46224301888287
employers,2,22.37961271037073,11.189806355185365
arrest,2,22.37808547097276,11.18904273548638
painful,2,22.37692308016517,11.188461540082585
tickets,2,22.375474362361842,11.187737181180921
stocks,2,22.369669673877333,11.184834836938666
poetics,2,22.369346807051222,11.184673403525611
sophisticated,2,22.368295770962085,11.184147885481043
availability,2,22.36445098531918,11.18222549265959
cafeteria,2,22.36414396904773,11.182071984523866
corruption,2,22.362947087993387,11.181473543996693
motivation,2,22.35969706858254,11.17984853429127
currency,2,22.357355655556184,11.178677827778092
screens,2,22.352214978032293,11.176107489016147
streak,2,22.350804769230805,11.175402384615403
adams,3,22.348361410318027,7.449453803439343
yale,2,22.345207140269807,11.172603570134903
memories,2,22.344249805246836,11.172124902623418
wiry,2,22.33932477535802,11.16966238767901
frederick,2,22.33826630600644,11.16913315300322
sundays,2,22.33497931653155,11.167489658265776
spray,2,22.332012270714774,11.166006135357387
apply,3,22.329751774889935,7.443250591629979
elementary,2,22.323624149253668,11.161812074626834
soviets,2,22.321190315879996,11.160595157939998
wayne,2,22.316656030687724,11.158328015343862
distinct,3,22.310318581394846,7.436772860464949
sells,2,22.309253590973412,11.154626795486706
frozen,2,22.307036383494808,11.153518191747404
okay,2,22.300704078483626,11.150352039241813
decent,2,22.29243691040022,11.14621845520011
hypothalamic,2,22.28995063101563,11.144975315507814
attracted,2,22.2885854580025,11.14429272900125
tin,2,22.28789537946433,11.143947689732165
courts,3,22.28459353340568,7.42819784446856
individually,2,22.28101399178772,11.14050699589386
jefferson,2,22.27959728447739,11.139798642238695
initiated,2,22.27928935843,11.139644679215
nazi,2,22.27777937037129,11.138889685185646
touches,2,22.276493790115033,11.138246895057517
doubtful,2,22.275372500955037,11.137686250477518
tearing,2,22.269605271514678,11.134802635757339
locking,2,22.26652135161222,11.13326067580611
accurately,2,22.266212586443785,11.133106293221893
squeeze,2,22.265565570136456,11.132782785068228
freddy,2,22.259841978116928,11.129920989058464
robbed,2,22.250705740134457,11.125352870067228
beliefs,2,22.247538298013026,11.123769149006513
framed,2,22.246647314259118,11.123323657129559
parish,2,22.240817729488366,11.120408864744183
dragged,2,22.22729514877541,11.113647574387706
deficit,2,22.226651754223614,11.113325877111807
collapsed,2,22.2106917799091,11.10534588995455
mutual,2,22.199947582256556,11.099973791128278
communion,2,22.197869156857905,11.098934578428953
responded,2,22.192656225603898,11.096328112801949
switch,4,22.192024511506766,5.5480061278766915
exhibited,2,22.19028411088607,11.095142055443034
triumph,2,22.189601960167842,11.094800980083921
nuts,2,22.186764796900018,11.093382398450009
paths,2,22.18361910407149,11.091809552035745
pine,2,22.18101503975572,11.09050751987786
physician,2,22.17325224657499,11.086626123287495
rope,2,22.171488110199135,11.085744055099568
permanently,2,22.16351733603605,11.081758668018026
herr,2,22.159496323981593,11.079748161990796
movies,3,22.157147743195978,7.385715914398659
birmingham,2,22.15210881886832,11.07605440943416
slid,2,22.142780586732798,11.071390293366399
depression,2,22.1381792067137,11.06908960335685
hollow,2,22.137950218006978,11.068975109003489
lane,2,22.13333966103195,11.066669830515975
beneath,3,22.12131450248518,7.3737715008283935
producer,2,22.121045419678904,11.060522709839452
ford,2,22.112238070358963,11.056119035179481
healthy,2,22.1112021100959,11.05560105504795
brushes,2,22.100897785694727,11.050448892847363
jaws,2,22.094396537953266,11.047198268976633
gifts,2,22.091323519721108,11.045661759860554
jean,2,22.090001790570362,11.045000895285181
liked,3,22.088546346048815,7.362848782016272
repeat,2,22.083542308727147,11.041771154363573
behave,2,22.08199867627068,11.04099933813534
campaigns,2,22.076532482644012,11.038266241322006
orbit,2,22.07606112472064,11.03803056236032
lying,2,22.07135174809536,11.03567587404768
voting,2,22.070514719328948,11.035257359664474
glued,2,22.066879659986427,11.033439829993213
february,3,22.065430356451518,7.355143452150506
arriving,2,22.05508768480523,11.027543842402615
radiopasteurization,2,22.053689051630386,11.026844525815193
happily,2,22.05350929514379,11.026754647571895
complement,3,22.053214615965267,7.351071538655089
inquest,2,22.053040307921833,11.026520153960917
painter,3,22.05047794936256,7.350159316454186
employ,2,22.04533485493422,11.02266742746711
derive,2,22.04345775154644,11.02172887577322
rack,2,22.04172941620579,11.020864708102895
tear,2,22.040136051490677,11.020068025745339
neighborhoods,2,22.038524604274407,11.019262302137204
channel,2,22.035844964908872,11.017922482454436
suicide,2,22.022764546722883,11.011382273361441
presidency,2,22.02116483186052,11.01058241593026
frightened,2,22.020087176461622,11.010043588230811
breast,2,22.018029721749897,11.009014860874949
sturley,2,22.013441677699046,11.006720838849523
handle,4,22.011366260354517,5.502841565088629
distinctly,2,22.008662933687013,11.004331466843507
twins,2,22.006267129803216,11.003133564901608
succession,3,22.004765545149844,7.334921848383281
instant,5,22.00221898138745,4.40044379627749
virtues,2,22.001892712149015,11.000946356074508
subdued,2,22.00188019824778,11.00094009912389
flux,2,22.00014130940901,11.000070654704505
mitchell,2,21.998716464708178,10.999358232354089
rubber,2,21.99823574478677,10.999117872393384
thank,2,21.993183120883167,10.996591560441583
guidance,2,21.99102108412505,10.995510542062526
criteria,2,21.990006383951723,10.995003191975862
ample,2,21.9881719324749,10.99408596623745
nervous,2,21.976664379883946,10.988332189941973
spontaneous,2,21.97445403162576,10.98722701581288
tends,2,21.967991329571973,10.983995664785986
mays,2,21.961196298019786,10.980598149009893
kiss,2,21.958962706709713,10.979481353354856
doc,2,21.957919302534627,10.978959651267314
quoted,2,21.944080215342783,10.972040107671392
repeatedly,2,21.9361128528137,10.96805642640685
harold,2,21.922509576986936,10.961254788493468
brand,2,21.916977711590455,10.958488855795228
romantic,2,21.915563292802645,10.957781646401322
dolls,2,21.91512474140227,10.957562370701135
poised,2,21.915097246898682,10.957548623449341
widespread,2,21.913155366380884,10.956577683190442
sand,2,21.90791561549055,10.953957807745274
dining,2,21.9066303421342,10.9533151710671
underlying,2,21.906267972835412,10.953133986417706
refusing,2,21.904568378513662,10.952284189256831
transform,2,21.89554563468903,10.947772817344514
giffen,2,21.894635342487028,10.947317671243514
hesitated,2,21.89428478222257,10.947142391111285
mae,2,21.891301421260078,10.945650710630039
empire,2,21.890179519507164,10.945089759753582
feasible,2,21.888124747593892,10.944062373796946
applies,2,21.882872100065484,10.941436050032742
threatening,2,21.88099082109023,10.940495410545115
sending,2,21.880891647463407,10.940445823731704
integration,3,21.880209308268984,7.293403102756328
foolish,2,21.879126645342538,10.939563322671269
eternal,2,21.876912887173177,10.938456443586588
montero,2,21.876601328343625,10.938300664171813
cup,3,21.87573296139437,7.291910987131456
charlotte,2,21.872850602098886,10.936425301049443
mothers,4,21.871826505931942,5.4679566264829855
precisely,2,21.871578094151857,10.935789047075929
tragedy,2,21.85947810103672,10.92973905051836
strikes,2,21.859289515584393,10.929644757792197
roleplaying,2,21.858381038938838,10.929190519469419
respects,2,21.857333126409678,10.928666563204839
golden,2,21.843516416975795,10.921758208487898
tire,2,21.843339021008205,10.921669510504103
shortly,2,21.841136116715525,10.920568058357762
bigger,2,21.83502802428403,10.917514012142014
blessed,2,21.83360916694734,10.91680458347367
selections,2,21.833026549903522,10.916513274951761
settling,2,21.83281249430303,10.916406247151516
marks,2,21.82618128218121,10.913090641090605
theodore,2,21.8254952499001,10.91274762495005
strings,2,21.821958549370223,10.910979274685111
sailed,2,21.819556915551185,10.909778457775593
goodness,2,21.816660375597912,10.908330187798956
brooklyn,2,21.81320001956253,10.906600009781265
naked,2,21.81247947712061,10.906239738560306
suburban,2,21.810443958485212,10.905221979242606
morale,2,21.80146482474639,10.900732412373195
eighth,2,21.798863951131004,10.899431975565502
bloody,2,21.79793465949189,10.898967329745945
aunt,2,21.795382306339054,10.897691153169527
germanium,2,21.794178411825712,10.897089205912856
donald,2,21.792787172927085,10.896393586463542
chemistry,2,21.788504000351757,10.894252000175879
ray,2,21.786468436199875,10.893234218099938
psychologists,2,21.784577057932175,10.892288528966088
anticipate,2,21.782933695995816,10.891466847997908
chart,2,21.778007096417483,10.889003548208741
coolidge,2,21.77552055452203,10.887760277261014
nursery,2,21.77142840793074,10.88571420396537
assess,2,21.763716578989865,10.881858289494932
fits,2,21.759318198882255,10.879659099441128
factions,2,21.75350417810025,10.876752089050125
stones,2,21.749592994039553,10.874796497019776
neighbors,2,21.745158015545357,10.872579007772678
bothered,2,21.729321526058268,10.864660763029134
printed,2,21.718554495274983,10.859277247637491
bearing,2,21.716602936749705,10.858301468374853
testing,2,21.713353943645565,10.856676971822782
chairs,2,21.710524313982436,10.855262156991218
crack,2,21.704269572925448,10.852134786462724
fats,2,21.703403611570174,10.851701805785087
cranston,2,21.699220299070753,10.849610149535376
meanings,2,21.696216436724296,10.848108218362148
plea,2,21.696023503994773,10.848011751997387
et,2,21.69520684515965,10.847603422579825
retention,2,21.69520684373108,10.84760342186554
circular,2,21.692246133407806,10.846123066703903
trials,3,21.690029515956212,7.23000983865207
fastened,2,21.68765525432426,10.84382762716213
lousy,2,21.680152444082708,10.840076222041354
buddy,2,21.6799981942021,10.83999909710105
fancy,2,21.679450371231447,10.839725185615723
increases,5,21.67681509891133,4.335363019782266
annoyance,2,21.67532246541559,10.837661232707795
raises,2,21.673195969392687,10.836597984696343
roger,2,21.672631952903423,10.836315976451711
debris,2,21.67101243765709,10.835506218828545
shops,2,21.6666929736109,10.83334648680545
delegates,2,21.66368681735679,10.831843408678395
congressional,2,21.661207889285713,10.830603944642856
regularly,2,21.660681415728916,10.830340707864458
barriers,2,21.65986075854286,10.82993037927143
cholesterol,2,21.659464828182962,10.829732414091481
libraries,2,21.654123472233408,10.827061736116704
ours,2,21.648689084165312,10.824344542082656
underground,2,21.647487761869133,10.823743880934567
authorities,3,21.64726700089063,7.215755666963543
tea,2,21.636101970504527,10.818050985252263
tokyo,3,21.633045400984127,7.211015133661376
novels,2,21.631088151253884,10.815544075626942
couch,2,21.629161433329262,10.814580716664631
happiness,2,21.62094150114344,10.81047075057172
dimly,2,21.620256379855867,10.810128189927934
alaska,5,21.617596112469535,4.323519222493907
pleasantly,2,21.61698656767807,10.808493283839034
indirect,2,21.611391262320346,10.805695631160173
scattered,2,21.608568763543506,10.804284381771753
receives,2,21.60438910099575,10.802194550497875
controls,2,21.601619348102233,10.800809674051116
conventions,2,21.596592364495272,10.798296182247636
divisions,2,21.590358355541255,10.795179177770628
ending,2,21.578416716371287,10.789208358185643
patchen,2,21.57822988878133,10.789114944390665
bobbie,2,21.56644470881082,10.78322235440541
selling,2,21.554272035627818,10.777136017813909
quarry,2,21.549432421319,10.7747162106595
elder,3,21.5490627543911,7.183020918130367
claiming,2,21.548818810303377,10.774409405151689
colt,2,21.548298484641066,10.774149242320533
acid,2,21.545611654911035,10.772805827455517
escaped,2,21.544332146703383,10.772166073351691
bombers,2,21.543326794168674,10.771663397084337
samuel,2,21.539574473182245,10.769787236591123
freight,2,21.538779819771143,10.769389909885572
exact,2,21.529365423125085,10.764682711562543
gentle,2,21.51352891403846,10.75676445701923
exhibition,2,21.513394089707248,10.756697044853624
retired,2,21.51246393522226,10.75623196761113
governed,2,21.509589311430997,10.754794655715498
capture,2,21.504539955062313,10.752269977531157
realistic,2,21.503701751696237,10.751850875848119
desert,2,21.501685836235986,10.750842918117993
tribes,2,21.494776857335133,10.747388428667566
redhead,2,21.490084198122936,10.745042099061468
drunk,2,21.48520585813001,10.742602929065004
pansies,2,21.48130020088275,10.740650100441375
tales,2,21.48121717074714,10.74060858537357
tribute,2,21.479268677177096,10.739634338588548
hatred,2,21.472922918311674,10.736461459155837
positively,2,21.471939030017435,10.735969515008717
equality,2,21.469210224069382,10.734605112034691
joan,2,21.468875925822875,10.734437962911437
serum,2,21.467617897491163,10.733808948745581
metropolis,2,21.466886901138995,10.733443450569498
relate,2,21.46562600972534,10.73281300486267
tory,2,21.459822736426553,10.729911368213276
hollywood,2,21.459059656607472,10.729529828303736
universities,2,21.457501920607577,10.728750960303788
learning,2,21.450077317024274,10.725038658512137
shifts,2,21.44343464564242,10.72171732282121
stick,3,21.441935175569867,7.147311725189955
sweetheart,2,21.434081522694065,10.717040761347032
obligations,2,21.429359105744624,10.714679552872312
begging,2,21.42489357423347,10.712446787116734
phrase,2,21.42308965290075,10.711544826450375
towards,3,21.421062309559773,7.140354103186591
shirt,2,21.417111498312238,10.708555749156119
drag,2,21.41466298487491,10.707331492437454
connections,2,21.40243806396143,10.701219031980715
fruits,2,21.399878115512337,10.699939057756168
expects,2,21.398660881380565,10.699330440690282
biological,2,21.39329320878694,10.69664660439347
consult,2,21.392651103124805,10.696325551562403
misery,2,21.382983818193523,10.691491909096762
relevant,2,21.377320620679157,10.688660310339579
judgments,2,21.372046476726844,10.686023238363422
canada,2,21.37189090392487,10.685945451962436
ballet,3,21.37172839394291,7.123909464647636
rocket,2,21.367179577546622,10.683589788773311
amazing,2,21.359008172843986,10.679504086421993
shipping,2,21.349052137805653,10.674526068902827
passion,2,21.341147549796084,10.670573774898042
leaf,2,21.340366658493124,10.670183329246562
formulas,2,21.34002741065489,10.670013705327445
dedication,2,21.33884202658618,10.66942101329309
painfully,2,21.338760498537823,10.669380249268912
saving,2,21.33794383886936,10.66897191943468
monsieur,2,21.335240663632124,10.667620331816062
delphine,2,21.333698270590826,10.666849135295413
roll,2,21.333196881601182,10.666598440800591
dig,2,21.332624177972047,10.666312088986023
conception,2,21.33190704665451,10.665953523327255
rushed,2,21.33122505174174,10.66561252587087
shelters,2,21.329948157529522,10.664974078764761
powder,2,21.324628995942035,10.662314497971018
promotion,3,21.322967103432514,7.1076557011441714
purely,2,21.318393341511527,10.659196670755763
thread,3,21.31526993236148,7.105089977453827
witnesses,2,21.303609628717957,10.651804814358979
behaved,2,21.302127183174598,10.651063591587299
knees,4,21.30139014787852,5.32534753696963
occurring,2,21.29254877485385,10.646274387426924
experimentation,2,21.292178735126576,10.646089367563288
giant,2,21.29088054938301,10.645440274691506
relax,2,21.285227072418913,10.642613536209456
influenced,2,21.28117692274022,10.64058846137011
substantially,2,21.277630805490226,10.638815402745113
generations,2,21.274207986547154,10.637103993273577
abel,2,21.266228781526408,10.633114390763204
penalty,2,21.265581651757593,10.632790825878796
bet,2,21.26428485587978,10.63214242793989
spotted,2,21.262197622485985,10.631098811242992
awake,2,21.25657559524,10.62828779762
openly,2,21.255189052258935,10.627594526129467
injury,2,21.25448770831814,10.62724385415907
crops,2,21.25292738301419,10.626463691507094
wildly,2,21.248453116892694,10.624226558446347
geographical,2,21.247082518365737,10.623541259182868
motors,4,21.245577923076574,5.3113944807691436
veteran,2,21.239588405252725,10.619794202626363
israel,2,21.23801463262264,10.61900731631132
legislature,3,21.23664122486698,7.078880408288993
gotten,3,21.236520326630597,7.078840108876865
hemisphere,2,21.22764927527175,10.613824637635876
express,2,21.223857689561378,10.611928844780689
chains,2,21.21541377138713,10.607706885693565
harbor,3,21.20796929765387,7.069323099217957
dispute,2,21.205442499213266,10.602721249606633
presently,2,21.20345367083277,10.601726835416384
thee,3,21.201563785982298,7.067187928660766
killer,2,21.195904647045346,10.597952323522673
restrictions,2,21.194621574982957,10.597310787491478
tim,2,21.187064531793634,10.593532265896817
pupil,2,21.18466417995971,10.592332089979855
ribs,2,21.18455114847499,10.592275574237496
explaining,2,21.180303304863127,10.590151652431564
onion,3,21.177060584624297,7.0590201948747655
dull,2,21.167098758174937,10.583549379087469
patrol,2,21.160622450950747,10.580311225475374
communicate,2,21.14645497613858,10.57322748806929
cooperate,2,21.14334193467074,10.57167096733537
parked,2,21.139827423529766,10.569913711764883
classification,2,21.131403224513914,10.565701612256957
wagons,2,21.123700455721103,10.561850227860551
stretched,2,21.112537003643226,10.556268501821613
calm,2,21.102184875351853,10.551092437675926
thoroughly,2,21.10190085703531,10.550950428517655
farming,2,21.100626561146843,10.550313280573421
amateur,2,21.098465368829196,10.549232684414598
advised,2,21.09824399687775,10.549121998438874
fiction,2,21.09632515236586,10.54816257618293
edges,2,21.095652161824106,10.547826080912053
sixteen,2,21.093843974985216,10.546921987492608
lands,2,21.09029913965599,10.545149569827995
wise,2,21.087852373689866,10.543926186844933
boating,2,21.086442979644268,10.543221489822134
evolution,2,21.086179339362218,10.543089669681109
neighboring,2,21.08207539947533,10.541037699737664
rupees,2,21.081337500687198,10.540668750343599
assistant,2,21.08119118342126,10.54059559171063
combat,2,21.08117951805854,10.54058975902927
pike,2,21.080818998426228,10.540409499213114
cried,2,21.069644135621846,10.534822067810923
reversed,2,21.06684014237499,10.533420071187495
traces,2,21.0661950734747,10.53309753673735
victim,2,21.06398291428369,10.531991457141846
formulaic,2,21.05766902984903,10.528834514924515
heating,2,21.051128192554742,10.525564096277371
selkirk,2,21.048437203350723,10.524218601675361
heights,3,21.04611898692209,7.015372995640696
academically,2,21.03606766302459,10.518033831512295
composite,2,21.031428036282215,10.515714018141107
consistent,2,21.026881317773515,10.513440658886758
registered,2,21.024979587480857,10.512489793740428
offering,2,21.011133474079983,10.505566737039992
substances,2,21.00733628684151,10.503668143420755
joe,3,20.999058161474633,6.9996860538248775
specialized,2,20.997500551733474,10.498750275866737
taxed,2,20.99693543820954,10.49846771910477
praise,2,20.99391383127935,10.496956915639675
falling,2,20.981510409726873,10.490755204863436
specifically,2,20.97817811113509,10.489089055567545
organized,2,20.972647412196217,10.486323706098108
ceremony,2,20.96872113564054,10.48436056782027
suggestion,2,20.964593761482497,10.482296880741249
operated,2,20.95553153200475,10.477765766002374
votes,2,20.95029299018381,10.475146495091906
grigorss,2,20.950189711880242,10.475094855940121
bulk,2,20.94931195298957,10.474655976494786
lending,2,20.940519513134838,10.470259756567419
democracy,2,20.935271404572944,10.467635702286472
indulge,2,20.931498483107283,10.465749241553642
bundle,2,20.930537964690167,10.465268982345084
belly,2,20.925754194257312,10.462877097128656
rhythm,2,20.915059010504997,10.457529505252499
era,2,20.907512903620873,10.453756451810436
unemployment,2,20.902968232252576,10.451484116126288
denomination,2,20.90028182099355,10.450140910496774
lots,2,20.897956798689258,10.448978399344629
anniston,2,20.88534530656603,10.442672653283015
hengesbach,2,20.88258016298243,10.441290081491214
pentagon,2,20.882491211528468,10.441245605764234
hits,2,20.88209700135982,10.44104850067991
pressed,2,20.879803988183298,10.439901994091649
spencer,2,20.875981651314497,10.437990825657248
exists,3,20.85458539127373,6.95152846375791
portrait,2,20.843672750603304,10.421836375301652
crude,2,20.816908177270758,10.408454088635379
singer,2,20.81468521373005,10.407342606865026
houston,3,20.812543417294307,6.9375144724314355
practicing,2,20.81251792861339,10.406258964306694
weakness,3,20.80647252027858,6.93549084009286
root,2,20.803645487582962,10.401822743791481
broken,2,20.801667191267747,10.400833595633873
inclined,2,20.792799459819722,10.396399729909861
multiplicity,2,20.791980464089434,10.395990232044717
manufacturer,2,20.78471550378655,10.392357751893275
chose,2,20.78464678831194,10.39232339415597
winds,2,20.783735399721444,10.391867699860722
ghettos,2,20.765883241236786,10.382941620618393
primitive,2,20.762171258843765,10.381085629421882
handful,2,20.76201970207952,10.38100985103976
innocent,2,20.7590211459986,10.3795105729993
firms,2,20.747290595615034,10.373645297807517
dynamic,2,20.747282480233245,10.373641240116623
designs,2,20.744982884696945,10.372491442348473
samples,2,20.741948613753003,10.370974306876501
mining,2,20.740589624051267,10.370294812025634
recommend,2,20.737643290587805,10.368821645293902
unhappy,2,20.73616379333645,10.368081896668224
madame,2,20.732013583219093,10.366006791609546
roots,2,20.728224341550366,10.364112170775183
solely,2,20.713943470331397,10.356971735165699
mode,2,20.702455882786282,10.351227941393141
anyhow,2,20.698883167777602,10.349441583888801
dick,2,20.69335637015312,10.34667818507656
chill,2,20.692126652052018,10.346063326026009
ulyate,2,20.689128189229343,10.344564094614672
howard,2,20.686798120674737,10.343399060337369
clinical,2,20.680001329100307,10.340000664550153
psychologist,2,20.67892046411484,10.33946023205742
debts,2,20.675801064619186,10.337900532309593
numerical,2,20.662357683101945,10.331178841550972
pole,2,20.66064461060341,10.330322305301705
feels,2,20.656576339569558,10.328288169784779
seed,2,20.64385739210895,10.321928696054474
ensure,2,20.638949947839706,10.319474973919853
engage,2,20.63333039033916,10.31666519516958
colonial,2,20.632962417082005,10.316481208541003
rental,2,20.627724890389207,10.313862445194603
consonantal,2,20.625905870153076,10.312952935076538
component,2,20.62525652115132,10.31262826057566
access,2,20.609245674223672,10.304622837111836
absolutely,2,20.608574629891567,10.304287314945784
preparing,2,20.602940283486298,10.301470141743149
mainly,2,20.60284726149164,10.30142363074582
jess,2,20.6024425264692,10.3012212632346
handled,2,20.602203671685523,10.301101835842761
van,2,20.590729437515332,10.295364718757666
dishes,2,20.589714508579572,10.294857254289786
depending,2,20.58180180606626,10.29090090303313
envelope,2,20.578678030004152,10.289339015002076
authors,2,20.56674861118244,10.28337430559122
porch,3,20.56016392041378,6.85338797347126
worker,2,20.555627425861807,10.277813712930904
dim,2,20.552568758808643,10.276284379404322
roy,2,20.551077734050843,10.275538867025421
superbly,2,20.550365479143842,10.275182739571921
governmental,2,20.546176708670195,10.273088354335098
atom,2,20.542015267337398,10.271007633668699
wagon,3,20.540538070021633,6.846846023340544
hydrogen,2,20.540145126464644,10.270072563232322
boundary,2,20.53740232154655,10.268701160773276
resembles,2,20.536300621175734,10.268150310587867
refrigerator,2,20.534373501956154,10.267186750978077
condemned,2,20.532546709616014,10.266273354808007
judicial,2,20.52952714495145,10.264763572475726
incredible,2,20.520619404419346,10.260309702209673
metropolitan,2,20.51597344785236,10.25798672392618
inn,2,20.50673723215153,10.253368616075765
mileage,3,20.503900792198614,6.834633597399538
trips,2,20.499625590828416,10.249812795414208
sticks,2,20.499483547611227,10.249741773805614
approved,2,20.492827671902738,10.246413835951369
transducer,2,20.49204782359709,10.246023911798545
noise,2,20.490736405024098,10.245368202512049
venture,2,20.489380472279628,10.244690236139814
lover,2,20.480983154035066,10.240491577017533
fellows,2,20.47628752846635,10.238143764233175
conditioner,2,20.466471516030346,10.233235758015173
traveled,2,20.46589746294073,10.232948731470366
pause,2,20.462765371274227,10.231382685637113
detectives,2,20.457254223861923,10.228627111930962
sole,2,20.448654582649684,10.224327291324842
forgot,2,20.4469440130514,10.2234720065257
causing,2,20.443341341482085,10.221670670741043
troop,2,20.44318049636461,10.221590248182306
flight,2,20.43599754712676,10.21799877356338
commanded,2,20.43562602778217,10.217813013891085
showing,2,20.43233877208251,10.216169386041255
toes,2,20.430415078690615,10.215207539345307
recommendations,2,20.427263244612856,10.213631622306428
dock,2,20.420186267801835,10.210093133900918
arkansas,3,20.406798317250455,6.802266105750152
genius,2,20.405863388410523,10.202931694205262
indifference,2,20.40467609625256,10.20233804812628
supplement,2,20.392059430575735,10.196029715287867
admissible,3,20.39011061657559,6.79670353885853
exceptional,2,20.38744595823656,10.19372297911828
fuel,2,20.384918624391673,10.192459312195837
martin,2,20.368500197916998,10.184250098958499
onset,2,20.36737720737952,10.18368860368976
fifth,2,20.356254666190274,10.178127333095137
dialogue,2,20.34941957756849,10.174709788784245
consumed,2,20.34696088546732,10.17348044273366
bench,3,20.34646083482223,6.78215361160741
objectives,2,20.335833701312488,10.167916850656244
restricted,2,20.322833749516523,10.161416874758261
referred,2,20.302405541336896,10.151202770668448
cats,2,20.296691112319728,10.148345556159864
russians,2,20.29231639602071,10.146158198010355
doomed,2,20.28319651954579,10.141598259772895
recognition,2,20.28298644771447,10.141493223857236
mao,2,20.28135816387627,10.140679081938135
occupied,2,20.27767461198615,10.138837305993075
gloom,2,20.275040237623852,10.137520118811926
accommodate,2,20.27211323706359,10.136056618531795
mathematical,2,20.270528862480333,10.135264431240167
globe,2,20.265208402983593,10.132604201491796
wake,2,20.265056794721303,10.132528397360652
fruit,2,20.26246295121299,10.131231475606494
conceive,2,20.26100555552948,10.13050277776474
respectable,2,20.256433369038326,10.128216684519163
hey,2,20.253554991142337,10.126777495571169
predicted,2,20.24526122866196,10.12263061433098
attract,2,20.22994501029594,10.11497250514797
hoping,2,20.225486982907285,10.112743491453642
bobby,2,20.217187758749198,10.108593879374599
funeral,2,20.203481045034252,10.101740522517126
books,2,20.1990151003235,10.09950755016175
approximate,2,20.19591617856821,10.097958089284106
competitive,2,20.193969158637536,10.096984579318768
capability,2,20.192728194818677,10.096364097409339
waddell,2,20.17399324935453,10.086996624677266
apprentice,3,20.170085126680583,6.723361708893528
skill,2,20.159708791040647,10.079854395520323
evils,2,20.159200156428444,10.079600078214222
mold,4,20.15659980444429,5.039149951111073
electoral,2,20.155136773085296,10.077568386542648
trace,2,20.150736264629373,10.075368132314686
ridiculous,2,20.142738899605483,10.071369449802742
specialist,2,20.137239385581125,10.068619692790563
newest,2,20.1343525904822,10.0671762952411
essay,2,20.133989558275786,10.066994779137893
sailing,2,20.12594546544448,10.06297273272224
thanks,2,20.125362799925938,10.062681399962969
madison,2,20.11987007155743,10.059935035778715
daytime,2,20.11904707519571,10.059523537597855
farouk,2,20.115714957364403,10.057857478682202
multiple,2,20.111670525636157,10.055835262818078
treats,2,20.10083636198963,10.050418180994814
grasp,2,20.09681289927078,10.04840644963539
veranda,2,20.09596631566791,10.047983157833954
farther,2,20.091060493938265,10.045530246969133
observer,2,20.087544866263446,10.043772433131723
bangs,2,20.08177504904166,10.04088752452083
adjustments,2,20.07683649833843,10.038418249169215
spite,4,20.06501646946784,5.01625411736696
movie,2,20.06363479822096,10.03181739911048
lowered,3,20.06061510828345,6.68687170276115
talents,2,20.05201393768357,10.026006968841784
defended,2,20.04666342603548,10.02333171301774
excitement,2,20.044052581870027,10.022026290935013
barrel,2,20.03630908640482,10.01815454320241
scenes,2,20.028622548239824,10.014311274119912
neutral,2,20.02348060899258,10.01174030449629
shock,2,20.022778565660822,10.011389282830411
nearest,2,20.020379591144753,10.010189795572376
honor,2,20.006256748538107,10.003128374269053
southeast,2,20.00579948938144,10.00289974469072
joined,2,19.996887388007785,9.998443694003893
christianity,2,19.99140364329594,9.99570182164797
stray,2,19.989233789335216,9.994616894667608
easiest,2,19.985870326103957,9.992935163051978
lacking,2,19.982239157983813,9.991119578991906
joy,2,19.980306381976686,9.990153190988343
bob,2,19.979536566396895,9.989768283198448
bush,2,19.969692674180656,9.984846337090328
cave,2,19.969236108070643,9.984618054035321
validity,2,19.95750661958231,9.978753309791156
resolved,2,19.94950935739396,9.97475467869698
felix,2,19.949157855970775,9.974578927985387
bombs,2,19.946518356641647,9.973259178320824
marsh,2,19.946082367267763,9.973041183633882
purchased,2,19.940468872118537,9.970234436059268
arrested,2,19.930233104037395,9.965116552018698
technological,3,19.929776266055036,6.643258755351678
comments,2,19.92060501895041,9.960302509475206
sizable,2,19.916185996567787,9.958092998283893
deepest,2,19.910765776511862,9.955382888255931
disposal,3,19.90227539431691,6.634091798105636
thanksgiving,2,19.889358492709658,9.944679246354829
disturbing,2,19.887214581501855,9.943607290750927
rhine,2,19.880842100362983,9.940421050181492
letting,2,19.879849546312656,9.939924773156328
boundaries,2,19.878983965351615,9.939491982675808
measured,2,19.871660824246174,9.935830412123087
distinctive,2,19.867332445088408,9.933666222544204
ladies,2,19.866062630184025,9.933031315092013
swore,2,19.86156131504291,9.930780657521455
hut,2,19.859967393517664,9.929983696758832
gifted,2,19.858024435226618,9.929012217613309
prieur,2,19.851212442341815,9.925606221170908
acts,2,19.85006838810944,9.92503419405472
curve,2,19.842280959228162,9.921140479614081
wherever,2,19.838090683395954,9.919045341697977
sake,3,19.832054236368897,6.610684745456299
magic,2,19.82749001987912,9.91374500993956
joint,2,19.823519118613596,9.911759559306798
twelve,2,19.821539379810186,9.910769689905093
horizon,2,19.81895307549773,9.909476537748866
victor,2,19.80970390123671,9.904851950618355
taller,2,19.80696422187194,9.90348211093597
ambassador,2,19.80384884006777,9.901924420033884
random,3,19.798081309409163,6.599360436469721
implications,2,19.796261795432713,9.898130897716356
southerners,2,19.7854092092822,9.8927046046411
pride,2,19.78223646821459,9.891118234107296
haney,2,19.780453624429114,9.890226812214557
tears,2,19.76741116901642,9.88370558450821
epicycles,2,19.761065843227314,9.880532921613657
widow,2,19.75498611607737,9.877493058038684
overseas,2,19.745212081473852,9.872606040736926
unconscious,2,19.732220202992792,9.866110101496396
dressed,2,19.728173954335183,9.864086977167592
carleton,2,19.718232898016133,9.859116449008066
troubles,2,19.715855008025414,9.857927504012707
conscience,2,19.71227163754305,9.856135818771525
beautifully,2,19.71052204786352,9.85526102393176
images,2,19.70900723073956,9.85450361536978
burst,2,19.70510518268219,9.852552591341095
kids,2,19.703980574324753,9.851990287162376
components,2,19.70314870022233,9.851574350111164
valid,2,19.6999475867677,9.84997379338385
visiting,2,19.69375006529568,9.84687503264784
marginal,2,19.6916346656954,9.8458173328477
denial,2,19.69105076172533,9.845525380862664
saline,2,19.688417869711095,9.844208934855548
contradictions,2,19.65537627417452,9.82768813708726
lungs,2,19.654929342833448,9.827464671416724
experimental,2,19.63162782790471,9.815813913952354
albert,2,19.61255000566221,9.806275002831105
exceptions,3,19.608333677762214,6.536111225920738
recalled,2,19.607075183382303,9.803537591691152
newark,2,19.600493853498055,9.800246926749027
evaluate,2,19.59357756730961,9.796788783654804
holes,2,19.571693395695217,9.785846697847608
driveway,2,19.565151861210985,9.782575930605493
dean,2,19.543698639400667,9.771849319700333
scandals,2,19.543453190816766,9.771726595408383
cat,2,19.5430063852601,9.77150319263005
thunder,2,19.54006662018798,9.77003331009399
copper,2,19.53513660688578,9.76756830344289
socialism,2,19.509534546842644,9.754767273421322
owe,2,19.50553300880059,9.752766504400295
reflect,2,19.49559831911411,9.747799159557054
conclusions,2,19.486487928528508,9.743243964264254
offset,2,19.482948698696205,9.741474349348103
defeat,2,19.457978682632586,9.728989341316293
reproduce,2,19.45437988495874,9.72718994247937
mcbride,2,19.450322263786685,9.725161131893342
nobel,2,19.44875100724878,9.72437550362439
foreseen,2,19.44842663690057,9.724213318450285
conditioning,3,19.44734575640021,6.482448585466737
islands,5,19.440438967521906,3.8880877935043814
ranging,2,19.427509011825386,9.713754505912693
shayne,2,19.411149478334366,9.705574739167183
addressed,2,19.406718427111205,9.703359213555602
funny,2,19.401332956983953,9.700666478491977
rail,2,19.395759166291946,9.697879583145973
submarines,2,19.388361885055925,9.694180942527963
fictional,2,19.386761218397034,9.693380609198517
miriam,2,19.374551484542216,9.687275742271108
computed,2,19.371478519670426,9.685739259835213
independent,2,19.339108515159563,9.669554257579781
drops,2,19.32046516447748,9.66023258223874
illinois,2,19.31973582560016,9.65986791280008
thereby,2,19.31663769972931,9.658318849864655
departments,2,19.31582887075064,9.65791443537532
gathered,2,19.27592327406126,9.63796163703063
arteries,2,19.275500156262233,9.637750078131116
happening,3,19.27520536980376,6.425068456601253
continuous,2,19.27437319128073,9.637186595640365
knowing,2,19.26596400762586,9.63298200381293
concluded,2,19.238787141393008,9.619393570696504
detect,2,19.236790956502333,9.618395478251166
byrd,2,19.233994739517534,9.616997369758767
preserved,2,19.230998050764946,9.615499025382473
rescue,2,19.226112631943806,9.613056315971903
cope,2,19.22307262645897,9.611536313229484
sansom,2,19.218085717231816,9.609042858615908
entrenched,2,19.2161214029742,9.6080607014871
ghetto,2,19.184376497920226,9.592188248960113
rural,2,19.157656570313492,9.578828285156746
cooking,2,19.157006262488473,9.578503131244236
speaking,3,19.156256985551355,6.385418995183785
architect,2,19.143774547587277,9.571887273793639
yard,2,19.143194086843938,9.571597043421969
finance,2,19.13794577954866,9.56897288977433
mighty,2,19.13247087633229,9.566235438166146
replace,2,19.1295290746729,9.56476453733645
pack,2,19.1075223216948,9.5537611608474
pastor,2,19.04116034416891,9.520580172084456
occasional,2,19.023339850391768,9.511669925195884
smells,2,19.01556040139506,9.50778020069753
monitoring,2,19.005196961334523,9.502598480667261
reducing,2,18.996376326225004,9.498188163112502
remaining,2,18.93473153046619,9.467365765233096
slave,2,18.92493132986701,9.462465664933505
fashionable,2,18.907151895154314,9.453575947577157
installed,2,18.90562270990636,9.45281135495318
announcement,2,18.900048907351664,9.450024453675832
noon,2,18.89817698928743,9.449088494643714
limp,2,18.888703192656997,9.444351596328499
refuse,2,18.887122231199704,9.443561115599852
companion,2,18.853690419282394,9.426845209641197
involve,2,18.847847210234338,9.423923605117169
sunlight,2,18.83435594237565,9.417177971187826
transfer,3,18.829182718073522,6.276394239357841
eloquent,2,18.824807686248285,9.412403843124142
settlement,2,18.806096933788055,9.403048466894028
shores,2,18.788805289608355,9.394402644804178
assistants,2,18.77253661069585,9.386268305347924
angels,2,18.748792131919586,9.374396065959793
supervision,2,18.742469160332956,9.371234580166478
knocked,2,18.73832310850895,9.369161554254475
cheeks,2,18.7337881685004,9.3668940842502
allowing,2,18.73220104341638,9.36610052170819
obliged,3,18.71668983941092,6.238896613136973
cracking,2,18.713624723905482,9.356812361952741
voices,2,18.70064898216859,9.350324491084296
florida,2,18.700288291254836,9.350144145627418
lone,2,18.69896153777395,9.349480768886975
holy,2,18.682157707053065,9.341078853526533
brass,2,18.675752095765503,9.337876047882752
belongs,2,18.67253970447471,9.336269852237354
sins,2,18.6672960357402,9.3336480178701
ascertain,2,18.666118645594132,9.333059322797066
productivity,2,18.654941890173973,9.327470945086986
opposition,2,18.650135267772356,9.325067633886178
timothy,2,18.648028024714876,9.324014012357438
overhead,2,18.637294546398785,9.318647273199392
valuable,2,18.63187471415234,9.31593735707617
fitting,2,18.584607043342277,9.292303521671139
crowded,2,18.58027997570249,9.290139987851244
cells,3,18.579010294809336,6.193003431603112
grinned,2,18.57025407042744,9.28512703521372
fencing,2,18.566046678262197,9.283023339131098
tackle,2,18.563770305796975,9.281885152898488
wrist,2,18.547499871161865,9.273749935580932
figured,2,18.52841963632242,9.26420981816121
unavailable,2,18.519212232285714,9.259606116142857
dominated,2,18.50365636403576,9.25182818201788
daniel,2,18.502505275937917,9.251252637968959
aroused,2,18.492372744366147,9.246186372183073
accused,2,18.487103882816168,9.243551941408084
thom,2,18.4862353219225,9.24311766096125
entrance,2,18.454734528140612,9.227367264070306
naive,2,18.449120318484184,9.224560159242092
spots,2,18.43103475667577,9.215517378337886
eligible,2,18.425125647749173,9.212562823874586
critical,2,18.418128690118902,9.209064345059451
denied,2,18.41606628523664,9.20803314261832
purse,2,18.386299040873624,9.193149520436812
sites,2,18.376851779853908,9.188425889926954
manufacturers,2,18.372385657862324,9.186192828931162
grains,2,18.367370528105376,9.183685264052688
slightest,2,18.36619970136055,9.183099850680275
assist,2,18.365945920078275,9.182972960039137
beach,2,18.355633833514542,9.177816916757271
downstairs,2,18.353217946367973,9.176608973183987
reputation,2,18.351123351632904,9.175561675816452
aims,2,18.333764724739332,9.166882362369666
whereby,2,18.323649849821145,9.161824924910572
morphophonemics,3,18.31417950745868,6.104726502486226
bend,2,18.269599471471192,9.134799735735596
alternative,2,18.234779955037936,9.117389977518968
ceased,2,18.23183361978196,9.11591680989098
prone,2,18.227858741861333,9.113929370930666
store,2,18.223397262089996,9.111698631044998
trend,2,18.216088547641796,9.108044273820898
decides,2,18.21068147251462,9.10534073625731
predisposition,2,18.204884747899513,9.102442373949756
frequency,2,18.200003677754694,9.100001838877347
wedding,2,18.17390042271387,9.086950211356935
regiment,2,18.162317209919095,9.081158604959548
builder,2,18.151842142857426,9.075921071428713
paragraph,2,18.149032929219757,9.074516464609879
factory,2,18.12948451491465,9.064742257457326
essex,2,18.12350613544644,9.06175306772322
handsome,2,18.11229365821879,9.056146829109395
ludie,2,18.097691397995675,9.048845698997837
plaster,2,18.093250938061935,9.046625469030968
considerably,2,18.075370736604626,9.037685368302313
questioned,2,18.07351234204289,9.036756171021445
revolutionary,2,18.06256078464775,9.031280392323875
assembly,5,18.05743603511959,3.611487207023918
handler,2,18.045245132355895,9.022622566177947
visual,2,18.029606173815385,9.014803086907692
plot,2,18.024484776322957,9.012242388161479
scarcely,2,18.022649041050183,9.011324520525092
increasingly,2,18.017648500588088,9.008824250294044
refer,2,18.014314534378244,9.007157267189122
attended,2,18.007243920112025,9.003621960056012
consultant,2,17.99387585780163,8.996937928900815
peoples,2,17.973933658720586,8.986966829360293
develop,3,17.96433192723347,5.988110642411157
phases,2,17.952196779517653,8.976098389758826
miami,2,17.917755000918806,8.958877500459403
skywave,3,17.861893070879205,5.953964356959735
preach,2,17.847960961317312,8.923980480658656
shelf,2,17.84733943721219,8.923669718606096
pushing,2,17.84384177770451,8.921920888852256
laughing,2,17.840775704260235,8.920387852130117
contribute,2,17.815480480645906,8.907740240322953
livestock,2,17.806284897368737,8.903142448684369
anchor,2,17.801133467487325,8.900566733743663
employes,2,17.792810375211392,8.896405187605696
backs,2,17.786938090473612,8.893469045236806
oldest,2,17.783113917367906,8.891556958683953
clearer,2,17.778699787404683,8.889349893702342
geometric,2,17.755544275751515,8.877772137875757
inch,2,17.75423794765488,8.87711897382744
serves,2,17.73715164602025,8.868575823010126
wear,2,17.72328071929738,8.86164035964869
clauses,2,17.697136286512276,8.848568143256138
associate,2,17.68069165222805,8.840345826114024
senators,2,17.67648090950788,8.83824045475394
wipe,2,17.664765984267753,8.832382992133876
thou,2,17.66268671989476,8.83134335994738
agrees,2,17.647856957995895,8.823928478997948
male,2,17.629690345966694,8.814845172983347
ambitious,2,17.620108158429755,8.810054079214877
vessel,2,17.588934362810726,8.794467181405363
hydrolysis,2,17.5762149196906,8.7881074598453
francisco,7,17.565591054467053,2.5093701506381505
track,2,17.524149807931938,8.762074903965969
termed,2,17.49899424311967,8.749497121559836
fantastic,2,17.454403344773826,8.727201672386913
incident,2,17.4535724372571,8.72678621862855
creation,2,17.451685558284055,8.725842779142027
confident,2,17.41766133314868,8.70883066657434
vapor,2,17.399091260870495,8.699545630435248
yankees,3,17.389245519701355,5.796415173233785
studying,2,17.362647807711674,8.681323903855837
declaration,2,17.35518889046216,8.67759444523108
majority,2,17.34104991444038,8.67052495722019
magazine,2,17.333747405997947,8.666873702998974
scotty,2,17.333430705112633,8.666715352556317
nose,2,17.31409612746072,8.65704806373036
deadline,2,17.309329799936933,8.654664899968466
stewart,2,17.3008436053791,8.65042180268955
candidate,2,17.273121067583375,8.636560533791688
francis,2,17.265077468493615,8.632538734246808
carolina,3,17.249678888724635,5.749892962908212
associates,2,17.22516029193806,8.61258014596903
dollar,3,17.214352860162034,5.738117620054012
acquainted,2,17.197498915889753,8.598749457944876
privy,2,17.19462011942958,8.59731005971479
excess,2,17.157995864296247,8.578997932148123
temple,2,17.155328848304414,8.577664424152207
consequently,2,17.145143719051504,8.572571859525752
gradient,2,17.142158403839392,8.571079201919696
absolute,3,17.141975261286284,5.713991753762095
thumping,2,17.11269691042079,8.556348455210395
eighteenth,2,17.097116446010794,8.548558223005397
se,2,17.074939429411664,8.537469714705832
arrive,2,17.072089029321273,8.536044514660636
shining,3,17.05391995424993,5.684639984749977
largely,2,17.04790665670933,8.523953328354665
immortality,2,17.030587917922638,8.515293958961319
undergo,2,17.02874328383884,8.51437164191942
pacific,3,17.010478835711993,5.670159611903998
goals,2,17.006714349015787,8.503357174507894
ashamed,2,17.00632530650533,8.503162653252666
observations,2,16.99212650693527,8.496063253467636
prominently,2,16.99177474672246,8.49588737336123
tractor,2,16.945141221628738,8.472570610814369
equivalent,3,16.92932622521242,5.643108741737474
framework,2,16.901972553611387,8.450986276805693
closer,2,16.900736483809247,8.450368241904624
protested,2,16.898549983876663,8.449274991938331
forests,3,16.88915240259453,5.62971746753151
aristotle,2,16.841064870612062,8.420532435306031
noticed,2,16.839558066291882,8.419779033145941
docherty,2,16.838998842751845,8.419499421375923
biggest,2,16.835878251991744,8.417939125995872
shoes,2,16.809431429898044,8.404715714949022
prominent,2,16.795961703559925,8.397980851779963
delight,2,16.79494752161579,8.397473760807895
deserved,2,16.76908069524598,8.38454034762299
succeeded,2,16.74063087091619,8.370315435458094
vision,2,16.692814094540235,8.346407047270118
sit,2,16.684366667496306,8.342183333748153
instrument,2,16.63310195629145,8.316550978145726
shaped,2,16.623234633661404,8.311617316830702
participate,2,16.570091933132723,8.285045966566361
strokes,2,16.540748205211464,8.270374102605732
drank,2,16.535048421871863,8.267524210935932
ninth,2,16.52602141108845,8.263010705544225
airport,3,16.50654388043879,5.502181293479597
exception,2,16.498761252433468,8.249380626216734
surfaces,2,16.49097400763522,8.24548700381761
dice,2,16.48673197170379,8.243365985851895
stockholders,3,16.447229520823957,5.482409840274652
reef,2,16.4043050374208,8.2021525187104
belgians,2,16.39164088819333,8.195820444096665
respectively,2,16.377392351622678,8.188696175811339
jurisdiction,3,16.37469401458025,5.458231338193417
holster,2,16.367342162819863,8.183671081409932
shakespearean,2,16.363249673572206,8.181624836786103
respective,2,16.360207731858424,8.180103865929212
philosophical,2,16.359638048086275,8.179819024043137
injecting,2,16.351098479679344,8.175549239839672
core,2,16.3279535253115,8.16397676265575
client,2,16.315608012320748,8.157804006160374
gardens,2,16.293027113777317,8.146513556888658
keeps,2,16.279793353654135,8.139896676827068
cop,2,16.264451483987862,8.132225741993931
morocco,2,16.219547275473747,8.109773637736874
listing,2,16.17344500464169,8.086722502320844
infinite,2,16.162519429380573,8.081259714690287
mm,2,16.16122332967422,8.08061166483711
queens,2,16.155084010132178,8.077542005066089
butter,2,16.154813705791007,8.077406852895503
statute,2,16.056573587364085,8.028286793682042
mayor,2,16.055209372167678,8.027604686083839
recover,2,16.030466601366765,8.015233300683382
spaces,2,16.021888609296912,8.010944304648456
gum,2,16.002126052255186,8.001063026127593
pollock,2,15.998439697473536,7.999219848736768
ekstrohm,2,15.985074918389982,7.992537459194991
abundance,2,15.931633770227691,7.965816885113846
jail,2,15.926686439485753,7.963343219742876
gonzales,2,15.908949793524192,7.954474896762096
snows,2,15.902719662477626,7.951359831238813
mechanics,2,15.839319667108857,7.919659833554428
expand,2,15.827041160239744,7.913520580119872
sketches,2,15.820781748698044,7.910390874349022
greenwich,3,15.775410961564383,5.258470320521461
corridor,2,15.755107005005954,7.877553502502977
ap,2,15.749925156425899,7.8749625782129495
thursday,2,15.742405253640921,7.871202626820461
hoover,2,15.730588036350795,7.865294018175398
habitat,3,15.729903107593213,5.2433010358644045
camping,2,15.729866211315798,7.864933105657899
losses,2,15.663062849618328,7.831531424809164
intimated,1,15.654487059624037,15.654487059624037
magnitude,2,15.62560584381356,7.81280292190678
cloth,2,15.617667626902854,7.808833813451427
vecchio,2,15.604946085545226,7.802473042772613
servants,3,15.592754709669935,5.197584903223311
moon,2,15.534993944687319,7.767496972343659
emphasize,2,15.53226628001988,7.76613314000994
discusses,1,15.527312244040738,15.527312244040738
utility,2,15.52306058444077,7.761530292220385
commerce,5,15.504476572722206,3.100895314544441
formation,3,15.491179170977624,5.163726390325874
banister,1,15.482499734856217,15.482499734856217
unusually,2,15.463073032236018,7.731536516118009
league,3,15.431720161358996,5.143906720452999
soul,2,15.416800058313752,7.708400029156876
cockpit,2,15.408431764621756,7.704215882310878
deliver,2,15.405563571015836,7.702781785507918
remark,2,15.378577135424536,7.689288567712268
frighten,2,15.37059490139789,7.685297450698945
theorem,4,15.298280463026064,3.824570115756516
acquaintance,2,15.25555208710471,7.627776043552355
contrasting,2,15.2521181756834,7.6260590878417
exemption,3,15.233808642165979,5.077936214055327
coolest,1,15.231592435757339,15.231592435757339
eldest,1,15.231592435757339,15.231592435757339
crooked,1,15.231592435757339,15.231592435757339
bushell,1,15.231592435757339,15.231592435757339
gruff,1,15.231592435757339,15.231592435757339
conspiracy,2,15.217626895194854,7.608813447597427
elite,2,15.168002681589074,7.584001340794537
appeal,2,15.141839651146714,7.570919825573357
shriver,1,15.138866829774196,15.138866829774196
reminded,2,15.112484099981518,7.556242049990759
compelled,2,15.086259814464734,7.543129907232367
electrons,3,15.070842815787561,5.023614271929187
choctaws,1,15.068433480237395,15.068433480237395
prisons,1,15.052924404973473,15.052924404973473
interviews,2,15.051201784579366,7.525600892289683
crus,2,15.041872462222273,7.520936231111136
squatted,1,15.019736001404585,15.019736001404585
gaped,1,15.019736001404585,15.019736001404585
scrawled,1,15.019736001404585,15.019736001404585
scooped,1,15.019736001404585,15.019736001404585
despised,1,15.019736001404585,15.019736001404585
paused,2,15.010380570384992,7.505190285192496
johnson,2,14.984681170757707,7.492340585378853
sacramento,1,14.979176425712305,14.979176425712305
inducted,1,14.95941231266408,14.95941231266408
fabrics,2,14.952047077236902,7.476023538618451
enforcement,2,14.950499388405621,7.475249694202811
jackie,1,14.945277787244173,14.945277787244173
hasten,1,14.944472691745974,14.944472691745974
mobs,2,14.94120018011434,7.47060009005717
omitted,2,14.936115959565138,7.468057979782569
swedish,1,14.928145803458545,14.928145803458545
dickson,1,14.907287158934414,14.907287158934414
professedly,1,14.907287158934414,14.907287158934414
pitiful,1,14.907287158934414,14.907287158934414
frankfurt,1,14.888199001822809,14.888199001822809
nara,1,14.888199001822809,14.888199001822809
azaleas,1,14.806519729302062,14.806519729302062
intercollegiate,1,14.805010513872185,14.805010513872185
orleans,4,14.79051488869129,3.6976287221728223
christians,2,14.790060295104556,7.395030147552278
dealing,2,14.783504327703334,7.391752163851667
fudomae,1,14.782191885835465,14.782191885835465
bloc,3,14.774754704457397,4.924918234819132
sibylla,1,14.769195799279306,14.769195799279306
newburyport,2,14.758104785757713,7.379052392878856
concerto,2,14.727960890516865,7.3639804452584325
juncture,1,14.726742826852359,14.726742826852359
commercial,3,14.69708542274089,4.899028474246964
comrades,2,14.687227045647935,7.343613522823968
evidenced,2,14.686399369414545,7.3431996847072725
hindsight,1,14.675464418580711,14.675464418580711
artillery,2,14.669285767113788,7.334642883556894
disconnected,1,14.667538167985846,14.667538167985846
devil,2,14.66331054982425,7.331655274912125
underwear,1,14.654826347646903,14.654826347646903
cents,2,14.648022339788977,7.324011169894488
kneel,1,14.628041211008206,14.628041211008206
poisoning,1,14.620515532561738,14.620515532561738
darn,1,14.614651272066027,14.614651272066027
snorted,1,14.614270894963086,14.614270894963086
pulp,1,14.608238583712026,14.608238583712026
reconsider,1,14.606816573543496,14.606816573543496
colde,1,14.599739057634366,14.599739057634366
rodder,1,14.596808342702827,14.596808342702827
asserting,1,14.590037107412273,14.590037107412273
remove,2,14.571207500244581,7.285603750122291
downstream,1,14.570642125646291,14.570642125646291
organically,1,14.565942920185556,14.565942920185556
sworn,1,14.55646798298513,14.55646798298513
suitably,1,14.553343622083803,14.553343622083803
dam,1,14.553343622083803,14.553343622083803
remington,1,14.544799974109722,14.544799974109722
aerator,2,14.542843879966462,7.271421939983231
stepson,1,14.538445260197392,14.538445260197392
jeremiah,1,14.538445260197392,14.538445260197392
nightclubs,1,14.538445260197392,14.538445260197392
skopas,1,14.538445260197392,14.538445260197392
conceding,1,14.538445260197392,14.538445260197392
hurts,1,14.538445260197392,14.538445260197392
stagecoach,1,14.538445260197392,14.538445260197392
parrillo,1,14.538445260197392,14.538445260197392
apaches,1,14.538445260197392,14.538445260197392
delaney,1,14.538445260197392,14.538445260197392
revise,1,14.538445260197392,14.538445260197392
quasimodo,1,14.538445260197392,14.538445260197392
unpublished,1,14.538445260197392,14.538445260197392
hereby,1,14.538445260197392,14.538445260197392
americana,1,14.538445260197392,14.538445260197392
welsh,1,14.538445260197392,14.538445260197392
ticonderoga,1,14.538445260197392,14.538445260197392
elena,1,14.538445260197392,14.538445260197392
honeymoon,2,14.52462835180351,7.262314175901755
nicodemus,1,14.523648097180189,14.523648097180189
pans,1,14.509200173468766,14.509200173468766
redeposition,1,14.502796388676762,14.502796388676762
giselle,1,14.501822052492917,14.501822052492917
carruthers,1,14.5010191985692,14.5010191985692
patrolling,1,14.5010191985692,14.5010191985692
cringing,1,14.493451816500627,14.493451816500627
obey,1,14.490731590248195,14.490731590248195
peralta,1,14.48483493587886,14.48483493587886
arlen,2,14.472561306862069,7.236280653431034
materialize,1,14.471172443491893,14.471172443491893
sharpening,1,14.468474092999218,14.468474092999218
hatchet,1,14.460552008494574,14.460552008494574
industrious,1,14.452189139249443,14.452189139249443
masters,2,14.448143213255408,7.224071606627704
houghton,1,14.439439458451895,14.439439458451895
tribe,1,14.439439458451895,14.439439458451895
crafts,1,14.437204208049772,14.437204208049772
honey,2,14.42895738381431,7.214478691907155
mason,2,14.413257609823294,7.206628804911647
stepmother,1,14.411616583881786,14.411616583881786
omelet,1,14.411616583881786,14.411616583881786
masons,1,14.411616583881786,14.411616583881786
gadget,1,14.411616583881786,14.411616583881786
convicts,1,14.411616583881786,14.411616583881786
egyptians,1,14.411616583881786,14.411616583881786
suppositions,1,14.411616583881786,14.411616583881786
thermocouples,1,14.411616583881786,14.411616583881786
bridegroom,1,14.411616583881786,14.411616583881786
polyester,1,14.40603523644492,14.40603523644492
joys,1,14.40603523644492,14.40603523644492
sever,1,14.400929234402756,14.400929234402756
undone,1,14.392392591537263,14.392392591537263
slogans,1,14.389149302725857,14.389149302725857
individualistic,1,14.389061379162605,14.389061379162605
scoffed,1,14.388837747222738,14.388837747222738
loosened,1,14.388837747222738,14.388837747222738
envied,1,14.388837747222738,14.388837747222738
martyr,1,14.384272886492655,14.384272886492655
infants,1,14.377069806410962,14.377069806410962
flowered,1,14.375668780844244,14.375668780844244
countrymen,1,14.37558865004008,14.37558865004008
uniformed,1,14.372601703831096,14.372601703831096
northwest,2,14.364955246306469,7.182477623153234
deriving,1,14.357539166199654,14.357539166199654
nominee,1,14.356102009525959,14.356102009525959
developmental,2,14.34697253117599,7.173486265587995
tariff,1,14.346828623591618,14.346828623591618
hartman,1,14.333795573108455,14.333795573108455
demythologization,1,14.327443922275378,14.327443922275378
repealed,1,14.327227451539798,14.327227451539798
dozed,1,14.32658882334464,14.32658882334464
equation,2,14.308310258683079,7.1541551293415395
slamming,1,14.30502531018235,14.30502531018235
raving,1,14.30089259917151,14.30089259917151
isolate,1,14.30053574349943,14.30053574349943
infallible,1,14.297719397317465,14.297719397317465
playground,1,14.296587888660218,14.296587888660218
ethyl,1,14.288577266383783,14.288577266383783
witness,1,14.285163042368348,14.285163042368348
fascicles,1,14.27852693553028,14.27852693553028
shorten,1,14.272319835313056,14.272319835313056
haunt,1,14.271556782916267,14.271556782916267
seashore,1,14.270308265186417,14.270308265186417
withstand,1,14.269955497966455,14.269955497966455
tastes,1,14.268192702254145,14.268192702254145
decks,2,14.261621151616595,7.130810575808297
bisque,1,14.257577328337666,14.257577328337666
dekalb,1,14.252130609184228,14.252130609184228
oakwood,1,14.252130609184228,14.252130609184228
aristocratic,1,14.249361241205406,14.249361241205406
hawk,2,14.245239367703643,7.122619683851822
nonresident,1,14.237947645028475,14.237947645028475
alienated,1,14.231389913158658,14.231389913158658
scared,2,14.230979949891914,7.115489974945957
piepsam,2,14.224167169900038,7.112083584950019
subtraction,1,14.21815772884418,14.21815772884418
spahn,1,14.200717310754209,14.200717310754209
poultry,1,14.19505182292953,14.19505182292953
titanic,1,14.192795118996125,14.192795118996125
sparkling,1,14.190036961619997,14.190036961619997
executions,1,14.183216750725956,14.183216750725956
comedie,1,14.183216750725956,14.183216750725956
sewers,1,14.182628799810955,14.182628799810955
coordination,2,14.173809075610945,7.086904537805473
simmons,4,14.165786573062233,3.5414466432655582
unreasonable,1,14.15995950638272,14.15995950638272
taras,1,14.154955915225063,14.154955915225063
adenauer,1,14.147878515642306,14.147878515642306
cater,1,14.138758125984285,14.138758125984285
betterment,1,14.138317381691555,14.138317381691555
typography,1,14.138317381691555,14.138317381691555
prototype,1,14.138317381691555,14.138317381691555
pottery,2,14.138302095486385,7.069151047743192
basing,1,14.132980153755895,14.132980153755895
enzymatic,1,14.132980153755895,14.132980153755895
cartoons,1,14.132980153755895,14.132980153755895
unanimity,1,14.132980153755895,14.132980153755895
educate,1,14.132980153755895,14.132980153755895
kirov,1,14.132980153755895,14.132980153755895
adelia,1,14.132980153755895,14.132980153755895
twin,1,14.132980153755895,14.132980153755895
harmful,1,14.132980153755895,14.132980153755895
eligibility,1,14.132980153755895,14.132980153755895
diocs,1,14.132980153755895,14.132980153755895
suffice,1,14.132980153755895,14.132980153755895
specialty,1,14.132980153755895,14.132980153755895
spurred,1,14.132980153755895,14.132980153755895
ballets,1,14.132980153755895,14.132980153755895
kizzie,1,14.132980153755895,14.132980153755895
righteous,1,14.132980153755895,14.132980153755895
herold,1,14.132980153755895,14.132980153755895
histories,3,14.118066106692037,4.706022035564012
irritable,1,14.11287322200809,14.11287322200809
jay,2,14.112021340036893,7.056010670018447
translucent,1,14.110918185505621,14.110918185505621
golfer,1,14.110568305790828,14.110568305790828
itemized,1,14.108950665271204,14.108950665271204
roundup,1,14.107319017061913,14.107319017061913
inquiring,1,14.102293883962757,14.102293883962757
buyers,1,14.090140237730738,14.090140237730738
postpone,1,14.088000374216191,14.088000374216191
relentless,1,14.084997361203603,14.084997361203603
shuffling,1,14.080745266792459,14.080745266792459
reappeared,1,14.07922403314346,14.07922403314346
homeland,1,14.073824062766047,14.073824062766047
blissful,1,14.072253927630282,14.072253927630282
directives,1,14.07224735773705,14.07224735773705
langer,1,14.070235761807377,14.070235761807377
rewrite,1,14.068979718971285,14.068979718971285
clue,2,14.064861284250146,7.032430642125073
exemplified,1,14.063778526127546,14.063778526127546
estimation,1,14.063778526127546,14.063778526127546
summation,1,14.063778526127546,14.063778526127546
barley,1,14.063778526127546,14.063778526127546
calisthenics,1,14.058847465452036,14.058847465452036
albania,1,14.055085774760895,14.055085774760895
fermentation,1,14.054598990724894,14.054598990724894
divination,1,14.04837617058474,14.04837617058474
instrumentation,1,14.046724032807946,14.046724032807946
spheres,1,14.046724032807946,14.046724032807946
aces,1,14.043007203553898,14.043007203553898
fayette,1,14.042904607009545,14.042904607009545
decorator,1,14.040254547772754,14.040254547772754
ironic,1,14.039567269044683,14.039567269044683
kinesthetic,1,14.039116411752198,14.039116411752198
anticipations,1,14.039018018011202,14.039018018011202
worshiping,1,14.034948659806734,14.034948659806734
warehouse,1,14.033974352010397,14.033974352010397
elongated,1,14.033974352010397,14.033974352010397
boatman,1,14.03295686603373,14.03295686603373
bradford,1,14.032147744102772,14.032147744102772
saws,1,14.031739099941609,14.031739099941609
automation,1,14.028987058370019,14.028987058370019
personages,1,14.026156861180668,14.026156861180668
pezza,1,14.026156861180668,14.026156861180668
pageant,2,14.017196603734424,7.008598301867212
goldwater,1,14.010101823079909,14.010101823079909
rewarded,1,14.010059402772974,14.010059402772974
lacy,1,14.00890581454177,14.00890581454177
soles,1,14.006151477440287,14.006151477440287
robe,1,14.006151477440287,14.006151477440287
wailing,1,14.006151477440287,14.006151477440287
subcommittee,1,14.006151477440287,14.006151477440287
gag,1,14.006151477440287,14.006151477440287
worthless,1,14.005360428106265,14.005360428106265
notte,2,14.003152469732392,7.001576234866196
frontal,1,14.002502813111946,14.002502813111946
salons,1,14.002502813111946,14.002502813111946
happiest,1,14.00128063923655,14.00128063923655
protons,1,14.000895198932001,14.000895198932001
avail,1,14.000851998240059,14.000851998240059
migratory,1,13.99469198132537,13.99469198132537
supporter,1,13.994542102828387,13.994542102828387
plastic,2,13.993991280872727,6.996995640436364
impart,1,13.989518197026182,13.989518197026182
pelham,1,13.986310736298032,13.986310736298032
mop,1,13.983684194617693,13.983684194617693
swallowing,1,13.980685832977295,13.980685832977295
anode,3,13.971935193552167,4.6573117311840555
playhouse,1,13.970203674402745,13.970203674402745
tragedies,1,13.967136596556266,13.967136596556266
stays,1,13.961679169586958,13.961679169586958
confidentially,1,13.961118727504484,13.961118727504484
amaze,1,13.96012258516359,13.96012258516359
rodents,1,13.95477806380548,13.95477806380548
nishima,1,13.95477806380548,13.95477806380548
instrumental,1,13.947650688302078,13.947650688302078
tudor,1,13.941757089453892,13.941757089453892
constellations,1,13.94136351715012,13.94136351715012
strapping,1,13.940398402694726,13.940398402694726
fundamentals,1,13.939368418340711,13.939368418340711
boarding,1,13.939144510150275,13.939144510150275
dictate,1,13.93489403044826,13.93489403044826
terraces,1,13.932947850537788,13.932947850537788
coastal,1,13.92974038314297,13.92974038314297
blink,1,13.928085962507682,13.928085962507682
reformed,1,13.926962043433836,13.926962043433836
tomatoes,1,13.925316077827514,13.925316077827514
clam,1,13.925316077827514,13.925316077827514
clamped,1,13.921123716069808,13.921123716069808
brevity,1,13.920796345522843,13.920796345522843
pleas,1,13.920796345522843,13.920796345522843
marshes,1,13.907556124149501,13.907556124149501
blotted,1,13.904698887115147,13.904698887115147
clot,1,13.903661167142882,13.903661167142882
proton,1,13.903661167142882,13.903661167142882
plenary,1,13.903661167142882,13.903661167142882
pigeon,1,13.901569506176275,13.901569506176275
yiddish,1,13.900935094933637,13.900935094933637
journals,1,13.89610455862061,13.89610455862061
alcoves,1,13.895207517554942,13.895207517554942
whistling,1,13.89316249189298,13.89316249189298
lonsdale,1,13.890369929315268,13.890369929315268
flamboyant,1,13.889331465667544,13.889331465667544
ya,1,13.888864547491417,13.888864547491417
reverence,1,13.882428338268875,13.882428338268875
parody,1,13.880416965171698,13.880416965171698
researcher,1,13.87695672736294,13.87695672736294
yoke,1,13.87695672736294,13.87695672736294
austria,1,13.87276421796694,13.87276421796694
minimizing,1,13.868590441956856,13.868590441956856
lumps,1,13.863625529428164,13.863625529428164
subtype,1,13.862886466161399,13.862886466161399
merger,3,13.8588467608855,4.619615586961833
spires,1,13.858842688607236,13.858842688607236
di,3,13.855679731128477,4.618559910376159
coconuts,1,13.853603018046384,13.853603018046384
gleamed,1,13.851406990020537,13.851406990020537
fashioned,1,13.851076054365837,13.851076054365837
disorderly,1,13.848323381726562,13.848323381726562
voluptuous,1,13.848323381726562,13.848323381726562
jacoby,1,13.846744519104742,13.846744519104742
wisman,1,13.846665501909397,13.846665501909397
housekeeping,1,13.845298082137447,13.845298082137447
innumerable,1,13.845298082137447,13.845298082137447
clenched,1,13.845298082137447,13.845298082137447
advisors,1,13.845298082137447,13.845298082137447
stephens,1,13.845298082137447,13.845298082137447
hitler,1,13.845298082137447,13.845298082137447
pardon,1,13.845298082137447,13.845298082137447
jelke,1,13.845298082137447,13.845298082137447
bids,1,13.845298082137447,13.845298082137447
violet,1,13.845298082137447,13.845298082137447
accepts,1,13.845298082137447,13.845298082137447
detested,1,13.845276390759969,13.845276390759969
strove,1,13.843561138716058,13.843561138716058
metro,1,13.841482118198778,13.841482118198778
gamble,1,13.831497893118982,13.831497893118982
unworthy,1,13.830236127706815,13.830236127706815
honolulu,1,13.829533517290434,13.829533517290434
immorality,1,13.8295335164571,13.8295335164571
magically,1,13.829533514790434,13.829533514790434
peale,1,13.829533514790434,13.829533514790434
diminish,1,13.829533514790434,13.829533514790434
lindemann,1,13.826541811787223,13.826541811787223
rudimentary,1,13.824562117815729,13.824562117815729
axiomatic,1,13.823283939319909,13.823283939319909
escaping,1,13.822333366840049,13.822333366840049
superfluous,1,13.819764355793653,13.819764355793653
inexhaustible,1,13.819288532065267,13.819288532065267
herein,1,13.819238140269041,13.819238140269041
puzzles,1,13.81654218805794,13.81654218805794
titer,1,13.813311246232082,13.813311246232082
heater,2,13.811879553882479,6.905939776941239
slant,1,13.809649213116817,13.809649213116817
hath,1,13.805187887885136,13.805187887885136
intonation,2,13.803319281350445,6.901659640675223
mechanization,1,13.796486226590536,13.796486226590536
conceptual,1,13.792152175591129,13.792152175591129
adversely,1,13.789599103743344,13.789599103743344
apparition,1,13.788724221255046,13.788724221255046
blackwell,1,13.786859467775276,13.786859467775276
strolling,1,13.784869115386655,13.784869115386655
grotesque,1,13.782659925062825,13.782659925062825
diabetes,1,13.7793621668711,13.7793621668711
yosemite,1,13.777751647617793,13.777751647617793
romeo,1,13.776012701080882,13.776012701080882
unmoved,1,13.77360794042851,13.77360794042851
pta,1,13.772239513286332,13.772239513286332
notation,1,13.772239513286332,13.772239513286332
molds,1,13.76740370397578,13.76740370397578
jocular,1,13.76740370397578,13.76740370397578
charlottesville,1,13.767403702309114,13.767403702309114
cleansing,1,13.766000631082273,13.766000631082273
crittenden,1,13.765546277231813,13.765546277231813
hungary,1,13.76306709593487,13.76306709593487
nero,1,13.76115810981436,13.76115810981436
freshman,1,13.759041961189498,13.759041961189498
corruptible,1,13.759041961189498,13.759041961189498
noticing,1,13.758603666765675,13.758603666765675
scanning,1,13.75788282833524,13.75788282833524
chromium,1,13.75638607246038,13.75638607246038
testifies,1,13.755650687348997,13.755650687348997
portugal,1,13.754981183977224,13.754981183977224
recriminations,1,13.753482172949411,13.753482172949411
thrashed,1,13.753482172949411,13.753482172949411
barges,1,13.753482172949411,13.753482172949411
scouring,1,13.752884073093114,13.752884073093114
mails,1,13.751233405855265,13.751233405855265
twinge,1,13.748507269300156,13.748507269300156
northfield,1,13.747418826349017,13.747418826349017
harpers,1,13.747418826349017,13.747418826349017
foraging,1,13.744057032489827,13.744057032489827
pneumonia,1,13.74385009594211,13.74385009594211
retains,1,13.739657264039927,13.739657264039927
declining,1,13.734853867163716,13.734853867163716
interstellar,1,13.733616611405036,13.733616611405036
infrequent,1,13.732852275250059,13.732852275250059
yielding,2,13.726123950381051,6.863061975190526
winner,2,13.724991867661288,6.862495933830644
reread,1,13.724172999132609,13.724172999132609
inhibition,1,13.71846940582184,13.71846940582184
fins,1,13.71846940582184,13.71846940582184
hartsfield,1,13.71846940582184,13.71846940582184
episcopal,1,13.71846940582184,13.71846940582184
correlated,1,13.71803241291617,13.71803241291617
bombus,1,13.717983787154465,13.717983787154465
telescope,1,13.717983787154465,13.717983787154465
stoic,1,13.717983787154465,13.717983787154465
stampede,1,13.717983787154465,13.717983787154465
latch,1,13.717380088032035,13.717380088032035
fluorescent,1,13.716589182993587,13.716589182993587
encompass,1,13.716247908235705,13.716247908235705
inflict,1,13.714519615362105,13.714519615362105
recurrent,1,13.71343218106435,13.71343218106435
falcon,1,13.708254593195676,13.708254593195676
fanaticism,1,13.70790744730062,13.70790744730062
kulturbund,1,13.706860518179566,13.706860518179566
savior,1,13.698935221918351,13.698935221918351
bellowed,1,13.695690569162792,13.695690569162792
ukrainian,1,13.694795439821672,13.694795439821672
unstressed,1,13.693726492632766,13.693726492632766
michael,1,13.692514822320234,13.692514822320234
locality,1,13.691648043186898,13.691648043186898
groth,1,13.689795969529946,13.689795969529946
repay,1,13.689580667014853,13.689580667014853
turbulent,1,13.684461040853643,13.684461040853643
lurch,1,13.68425912409935,13.68425912409935
gallop,1,13.68149895211745,13.68149895211745
brahms,1,13.679921288198862,13.679921288198862
erupted,1,13.678130627734829,13.678130627734829
damned,2,13.676716434097951,6.838358217048976
telephoning,1,13.67537735396457,13.67537735396457
unanalyzed,1,13.672391131959966,13.672391131959966
pier,1,13.67092300361519,13.67092300361519
carcass,1,13.666782251295553,13.666782251295553
despairing,1,13.66637803917402,13.66637803917402
lithe,1,13.66505204008988,13.66505204008988
marbles,1,13.663341296440047,13.663341296440047
exported,1,13.662954833966014,13.662954833966014
dove,1,13.662954833966014,13.662954833966014
wayward,1,13.662954833966014,13.662954833966014
enforcing,1,13.662043186651287,13.662043186651287
tristano,1,13.658313419686047,13.658313419686047
coarse,1,13.654524194010476,13.654524194010476
catherine,1,13.654447281952725,13.654447281952725
converse,1,13.654213033473695,13.654213033473695
ruffled,1,13.650736900204366,13.650736900204366
consequent,1,13.650736900204366,13.650736900204366
prison,2,13.646301480884825,6.823150740442412
almonds,1,13.642793588940618,13.642793588940618
philippi,1,13.64205831069119,13.64205831069119
wesleyan,1,13.64205831069119,13.64205831069119
nearer,1,13.639180892194107,13.639180892194107
alveolar,1,13.637439500568046,13.637439500568046
suspects,1,13.636447431954634,13.636447431954634
carpentry,1,13.633552911569705,13.633552911569705
meditations,1,13.63170229046191,13.63170229046191
characterize,1,13.630361307354883,13.630361307354883
descend,1,13.62798137172401,13.62798137172401
livery,1,13.627548941595027,13.627548941595027
reuveni,1,13.624229942076003,13.624229942076003
ducts,1,13.62309896827944,13.62309896827944
sensational,1,13.622966864720993,13.622966864720993
seeks,1,13.622154531323238,13.622154531323238
budgeting,1,13.622154531323238,13.622154531323238
locust,1,13.622154531323238,13.622154531323238
alibi,1,13.622154531323238,13.622154531323238
da,1,13.622154531323238,13.622154531323238
comprised,1,13.622154531323238,13.622154531323238
harassed,1,13.622154531323238,13.622154531323238
clarence,1,13.622154531323238,13.622154531323238
tiles,1,13.622154531323238,13.622154531323238
winking,1,13.622154531323238,13.622154531323238
proprietorship,1,13.622154531323238,13.622154531323238
costaggini,1,13.622154531323238,13.622154531323238
uttered,1,13.618828508004542,13.618828508004542
birefringence,1,13.618338571884568,13.618338571884568
toughs,1,13.617692106851132,13.617692106851132
sanctioned,1,13.612878490491717,13.612878490491717
guam,2,13.612193266626985,6.8060966333134925
interama,1,13.610864351368674,13.610864351368674
phonology,1,13.609315222393484,13.609315222393484
foyer,1,13.609315222393484,13.609315222393484
procure,1,13.60915909970428,13.60915909970428
princes,1,13.606318801154728,13.606318801154728
dares,1,13.60546124909693,13.60546124909693
charitable,1,13.604111190563787,13.604111190563787
aflame,1,13.59976691990323,13.59976691990323
stowey,1,13.598578664113354,13.598578664113354
upheaval,1,13.596958358395165,13.596958358395165
murderous,1,13.595430090823838,13.595430090823838
swearing,1,13.595430090823838,13.595430090823838
loomed,1,13.591028707654443,13.591028707654443
aftermath,1,13.590813170035483,13.590813170035483
bulged,1,13.581650209301708,13.581650209301708
suffused,1,13.57777679948191,13.57777679948191
barber,1,13.57777679948191,13.57777679948191
amateurish,1,13.576894776925204,13.576894776925204
narrower,1,13.576852136579268,13.576852136579268
tightened,1,13.576753793103073,13.576753793103073
adios,1,13.576465840505048,13.576465840505048
tossing,1,13.575220726535797,13.575220726535797
fluorescence,1,13.568256881970123,13.568256881970123
oration,1,13.567264780323999,13.567264780323999
horsepower,1,13.567169252822943,13.567169252822943
disk,2,13.565881440148825,6.7829407200744125
uh,1,13.564177547319733,13.564177547319733
incoming,1,13.563879086769832,13.563879086769832
homemakers,1,13.562599599698846,13.562599599698846
risked,1,13.560161706652645,13.560161706652645
satirical,1,13.560161706652645,13.560161706652645
launching,1,13.557594318308187,13.557594318308187
specter,1,13.557594318308187,13.557594318308187
oaths,1,13.557594318308187,13.557594318308187
corrupting,1,13.557594318308187,13.557594318308187
baptism,1,13.557594318308187,13.557594318308187
chattered,1,13.556476321147784,13.556476321147784
inventions,1,13.554994566403735,13.554994566403735
tingling,1,13.552183364125064,13.552183364125064
misled,1,13.551874195553783,13.551874195553783
antics,1,13.551302399236866,13.551302399236866
bristle,1,13.54677510070019,13.54677510070019
naturalistic,1,13.54426015266157,13.54426015266157
dormant,1,13.54397556194148,13.54397556194148
phonograph,1,13.54247217970894,13.54247217970894
denoting,1,13.542368658637104,13.542368658637104
operatic,1,13.537322461683223,13.537322461683223
mint,1,13.536343384530012,13.536343384530012
phosphate,1,13.535898410375289,13.535898410375289
ory,1,13.5307207377034,13.5307207377034
godwin,1,13.529428924006762,13.529428924006762
aorta,1,13.526621824190553,13.526621824190553
seventy,1,13.523296886163612,13.523296886163612
stronghold,1,13.52314872957774,13.52314872957774
reama,1,13.523028387080243,13.523028387080243
commodore,1,13.522672962895767,13.522672962895767
revert,1,13.521120254660614,13.521120254660614
haul,1,13.5210011816379,13.5210011816379
secured,1,13.520992801564525,13.520992801564525
explorers,1,13.518317659704323,13.518317659704323
francie,1,13.515895993478463,13.515895993478463
males,2,13.515464951889726,6.757732475944863
pimp,1,13.512427001277551,13.512427001277551
depressed,2,13.511919267934749,6.755959633967374
mais,1,13.511052196033528,13.511052196033528
routines,1,13.508257587978514,13.508257587978514
sponsorship,1,13.508000184687008,13.508000184687008
giggled,1,13.507773787561034,13.507773787561034
fledgling,1,13.504190545194163,13.504190545194163
echoes,1,13.500119912686179,13.500119912686179
knocking,1,13.498196060701385,13.498196060701385
whitened,1,13.497723451707532,13.497723451707532
horrors,1,13.496936965368755,13.496936965368755
apprentices,1,13.496889781060053,13.496889781060053
robes,1,13.496492748065593,13.496492748065593
shrinking,1,13.494406404245403,13.494406404245403
accessible,1,13.494406404245403,13.494406404245403
confining,1,13.494406404245403,13.494406404245403
ramble,1,13.493346586647295,13.493346586647295
informs,1,13.492197823943421,13.492197823943421
memorandum,1,13.49022148936506,13.49022148936506
intangibles,1,13.490069575166011,13.490069575166011
advancing,1,13.490069575166011,13.490069575166011
raton,1,13.490069575166011,13.490069575166011
suitors,1,13.490069575166011,13.490069575166011
neil,1,13.490069575166011,13.490069575166011
awakening,1,13.490069575166011,13.490069575166011
regaining,1,13.490069575166011,13.490069575166011
herry,1,13.486660742909368,13.486660742909368
arbogast,1,13.486660742909368,13.486660742909368
banquet,1,13.483263668303398,13.483263668303398
steaming,1,13.482101408016835,13.482101408016835
trailing,1,13.476326882551684,13.476326882551684
newton,1,13.475908111130543,13.475908111130543
modeled,1,13.472123317006186,13.472123317006186
karl,1,13.465939822101712,13.465939822101712
mosaic,1,13.464576318665742,13.464576318665742
courtyard,1,13.462927486072223,13.462927486072223
fertilizer,1,13.462277559503018,13.462277559503018
acala,1,13.461596774246152,13.461596774246152
ellipsoids,1,13.457671780677762,13.457671780677762
boosted,1,13.456374960038046,13.456374960038046
ron,1,13.45337758216574,13.45337758216574
expandable,1,13.452239286648966,13.452239286648966
unkind,1,13.45223380265036,13.45223380265036
emblematic,1,13.45223380265036,13.45223380265036
doom,1,13.45223380265036,13.45223380265036
bothers,1,13.451975189921479,13.451975189921479
hurrays,1,13.451975189921479,13.451975189921479
permeated,1,13.448233370775483,13.448233370775483
forearm,1,13.448117308361072,13.448117308361072
bel,1,13.448117308361072,13.448117308361072
slide,2,13.447736003743303,6.723868001871652
spire,1,13.445941883579039,13.445941883579039
heroine,1,13.445941883579039,13.445941883579039
scripture,1,13.445684108053822,13.445684108053822
blushing,1,13.443952440039489,13.443952440039489
recapture,1,13.443952440039489,13.443952440039489
knowingly,1,13.443250986984959,13.443250986984959
periodical,1,13.442858275285063,13.442858275285063
assaults,1,13.442117785473968,13.442117785473968
bulge,1,13.440926733402335,13.440926733402335
lucien,1,13.439832974862616,13.439832974862616
saturated,1,13.439832974862616,13.439832974862616
experimentally,1,13.439832974862616,13.439832974862616
buffalo,1,13.439832974862616,13.439832974862616
managing,1,13.439832974862616,13.439832974862616
subsystems,1,13.439832974862616,13.439832974862616
terminology,1,13.438929184204012,13.438929184204012
cults,1,13.437779385542038,13.437779385542038
ozagen,1,13.434497899261297,13.434497899261297
faculties,1,13.432783515910097,13.432783515910097
imitated,1,13.43206170402533,13.43206170402533
gardner,1,13.431305404357117,13.431305404357117
nikita,1,13.430537894717462,13.430537894717462
equitable,1,13.430537894717462,13.430537894717462
utterance,1,13.42553105652844,13.42553105652844
contacted,1,13.425413534425118,13.425413534425118
inferred,1,13.425137560682428,13.425137560682428
sock,1,13.424068408348937,13.424068408348937
guardino,1,13.422944933523262,13.422944933523262
rooming,1,13.421501510825896,13.421501510825896
voyageurs,1,13.42000865702229,13.42000865702229
importantly,1,13.419928742423924,13.419928742423924
setup,1,13.419726043114812,13.419726043114812
protocol,1,13.41965003762641,13.41965003762641
frostbite,1,13.41965003762641,13.41965003762641
documentation,1,13.41965003762641,13.41965003762641
arnolphe,1,13.41965003762641,13.41965003762641
discovers,1,13.4186346320552,13.4186346320552
demolished,1,13.417389727759431,13.417389727759431
reproduced,1,13.41657258772767,13.41657258772767
breath,3,13.41639853588394,4.472132845294647
aggravated,1,13.415640664313408,13.415640664313408
materially,1,13.414299249352156,13.414299249352156
lessen,1,13.41082318243225,13.41082318243225
earnestly,1,13.410298092970484,13.410298092970484
threatens,1,13.40777225033486,13.40777225033486
resort,1,13.407455458218225,13.407455458218225
aggrieved,1,13.406995740129808,13.406995740129808
plaintiff,1,13.40634000538436,13.40634000538436
snakes,2,13.404308462905268,6.702154231452634
widths,1,13.402760591221204,13.402760591221204
communese,1,13.402622160033935,13.402622160033935
lent,1,13.39972278144364,13.39972278144364
co,1,13.396937399702603,13.396937399702603
blacks,1,13.39309043156603,13.39309043156603
gardening,1,13.391796406155377,13.391796406155377
intentional,1,13.391529265402227,13.391529265402227
discriminatory,1,13.391529265402227,13.391529265402227
budapest,1,13.390731989414679,13.390731989414679
orbiting,1,13.389045888587576,13.389045888587576
machinist,1,13.387226845921182,13.387226845921182
tammany,1,13.386687069149632,13.386687069149632
greer,1,13.386328081699423,13.386328081699423
tighten,1,13.38495937163402,13.38495937163402
unobtrusive,1,13.384709059508184,13.384709059508184
televised,1,13.384709059508184,13.384709059508184
divers,1,13.384709059508184,13.384709059508184
blighted,1,13.380397696009808,13.380397696009808
billed,1,13.379953930160205,13.379953930160205
utilize,1,13.378201042213869,13.378201042213869
ethic,1,13.377903152645573,13.377903152645573
collision,1,13.37724950268717,13.37724950268717
greenville,1,13.374956758329368,13.374956758329368
minorities,1,13.372286542009627,13.372286542009627
brows,1,13.370631348067601,13.370631348067601
locales,1,13.369591343072374,13.369591343072374
birdied,1,13.368877707252986,13.368877707252986
lonely,2,13.366502469796394,6.683251234898197
resultant,1,13.365700289892091,13.365700289892091
lemonade,1,13.36515674433784,13.36515674433784
ventilation,1,13.364840241058968,13.364840241058968
ion,1,13.364840241058968,13.364840241058968
notches,1,13.363670769884507,13.363670769884507
balcony,1,13.36193972649313,13.36193972649313
torso,1,13.361938597534282,13.361938597534282
perceptive,1,13.357331716255924,13.357331716255924
magnums,1,13.354559318401357,13.354559318401357
creaking,1,13.353550940034063,13.353550940034063
breakup,1,13.352517876198371,13.352517876198371
ceaseless,1,13.352517876198371,13.352517876198371
bates,1,13.350698809451442,13.350698809451442
tutor,1,13.350632309420694,13.350632309420694
whining,1,13.350632309420694,13.350632309420694
quicker,1,13.347507124427654,13.347507124427654
ordinances,1,13.346807605669644,13.346807605669644
awaits,1,13.346614674263654,13.346614674263654
exclude,1,13.345938416306732,13.345938416306732
cultured,1,13.345561429584134,13.345561429584134
latitude,1,13.343853025514173,13.343853025514173
esteemed,1,13.343450321232039,13.343450321232039
curbing,1,13.343347122738997,13.343347122738997
inna,1,13.343092727440132,13.343092727440132
mast,1,13.341953719907519,13.341953719907519
hegelian,1,13.341801484246789,13.341801484246789
champs,1,13.341644379500812,13.341644379500812
apology,1,13.339591431327994,13.339591431327994
czechoslovakia,1,13.338591924381664,13.338591924381664
staffed,1,13.338591924381664,13.338591924381664
proffered,1,13.338591924381664,13.338591924381664
clown,1,13.338591924381664,13.338591924381664
abolitionists,1,13.338591924381664,13.338591924381664
racketeers,1,13.338591924381664,13.338591924381664
drafting,1,13.338558977054916,13.338558977054916
subsided,1,13.337347020919228,13.337347020919228
enterprise,2,13.334815865034535,6.667407932517268
blindly,1,13.333448320786033,13.333448320786033
lookup,1,13.333119547140797,13.333119547140797
divergent,1,13.333009683120725,13.333009683120725
shakers,1,13.332510063082111,13.332510063082111
imitate,1,13.332382930582733,13.332382930582733
rudy,1,13.332173991775525,13.332173991775525
reprints,1,13.326812046967472,13.326812046967472
inverted,1,13.326374830647737,13.326374830647737
unseen,1,13.326374830647737,13.326374830647737
extremists,1,13.326364341677985,13.326364341677985
faiths,1,13.325567008848179,13.325567008848179
commissioners,2,13.325493525933261,6.662746762966631
chandler,3,13.324514571176593,4.441504857058864
infliction,1,13.323012193183223,13.323012193183223
vile,1,13.321344438923933,13.321344438923933
releases,1,13.320787031329772,13.320787031329772
stanton,1,13.31870789269111,13.31870789269111
chapman,1,13.316954645019962,13.316954645019962
woodside,1,13.316570073160829,13.316570073160829
candles,1,13.316429118945338,13.316429118945338
allegiance,1,13.315128127336346,13.315128127336346
treaty,2,13.31494771597825,6.657473857989125
gratified,1,13.31412433713925,13.31412433713925
assisting,1,13.313004298547009,13.313004298547009
moss,1,13.313004298547009,13.313004298547009
melodies,1,13.313004298547009,13.313004298547009
hips,1,13.310421049914966,13.310421049914966
persistently,1,13.31028014865558,13.31028014865558
amos,1,13.31028014865558,13.31028014865558
unprecedented,1,13.309324337164542,13.309324337164542
alerted,1,13.307917012463298,13.307917012463298
doctored,1,13.307748020038723,13.307748020038723
jewelry,1,13.30258326441315,13.30258326441315
robbery,1,13.301867004970024,13.301867004970024
contemplation,1,13.301544803265426,13.301544803265426
sting,1,13.298147220867493,13.298147220867493
estate,3,13.294775680425643,4.431591893475214
inverse,1,13.294290318963219,13.294290318963219
blossoms,1,13.290094727863464,13.290094727863464
multiply,1,13.290094727863464,13.290094727863464
maneuvers,1,13.285682295273453,13.285682295273453
invisible,1,13.285682295273453,13.285682295273453
ml,1,13.285682295273453,13.285682295273453
orthodontic,1,13.285682295273453,13.285682295273453
paced,1,13.285682295273453,13.285682295273453
berger,1,13.285682295273453,13.285682295273453
bulky,1,13.285682295273453,13.285682295273453
bites,1,13.282465030992727,13.282465030992727
arbuckle,1,13.282254761871787,13.282254761871787
lured,1,13.279906636259325,13.279906636259325
needham,1,13.279758984779447,13.279758984779447
frightful,1,13.272554275587835,13.272554275587835
overhaul,1,13.270437639439733,13.270437639439733
sketched,1,13.268521888805385,13.268521888805385
blackout,1,13.267693514593066,13.267693514593066
figurative,1,13.266926025518467,13.266926025518467
orchestras,1,13.266926025518467,13.266926025518467
scores,1,13.26549936079915,13.26549936079915
angelo,1,13.265135722620728,13.265135722620728
ashore,1,13.26320327713143,13.26320327713143
extract,1,13.26160905917553,13.26160905917553
coe,1,13.260339774234264,13.260339774234264
nozzles,1,13.260339774234264,13.260339774234264
illicit,1,13.260339774234264,13.260339774234264
plaques,1,13.25979623034668,13.25979623034668
onions,1,13.259796228680015,13.259796228680015
aggressions,1,13.259796228680015,13.259796228680015
bristol,1,13.259796228680015,13.259796228680015
expanse,1,13.258605177441714,13.258605177441714
bedrooms,1,13.25821876662035,13.25821876662035
naming,1,13.257489727524515,13.257489727524515
dregs,1,13.257489727524515,13.257489727524515
ornament,1,13.257489727524515,13.257489727524515
probe,1,13.256798246346413,13.256798246346413
atop,1,13.25657808020979,13.25657808020979
prolusion,1,13.25657808020979,13.25657808020979
righteousness,1,13.25657808020979,13.25657808020979
fabled,1,13.254149448258225,13.254149448258225
altering,1,13.253855285683422,13.253855285683422
clumsy,1,13.250084989538825,13.250084989538825
thirsty,1,13.250084989538825,13.250084989538825
attacker,1,13.248141760494653,13.248141760494653
cord,1,13.245271793762868,13.245271793762868
corrosive,1,13.245271793762868,13.245271793762868
blinded,1,13.243790409053416,13.243790409053416
sprinkled,1,13.24160085048199,13.24160085048199
tuition,1,13.240906303847005,13.240906303847005
propped,1,13.239800669977843,13.239800669977843
nbc,1,13.238755148551771,13.238755148551771
las,1,13.236593204249692,13.236593204249692
saxophone,1,13.236440968588962,13.236440968588962
overriding,1,13.236416780201338,13.236416780201338
cossacks,1,13.23526314648614,13.23526314648614
danube,1,13.234719551837653,13.234719551837653
africans,1,13.234251030933715,13.234251030933715
venezuela,1,13.233231408723837,13.233231408723837
fulfilling,1,13.233231408723837,13.233231408723837
leasing,1,13.233231408723837,13.233231408723837
entropy,1,13.233231408723837,13.233231408723837
kisses,1,13.233231408723837,13.233231408723837
modifications,1,13.23319846139709,13.23319846139709
andrenas,1,13.23319846139709,13.23319846139709
organism,1,13.23319846139709,13.23319846139709
jersey,1,13.227649167462898,13.227649167462898
peaked,1,13.224992865633437,13.224992865633437
shave,1,13.223982560978147,13.223982560978147
superficially,1,13.220920164728604,13.220920164728604
updated,1,13.212517343790386,13.212517343790386
avenue,3,13.211701482330565,4.4039004941101885
kneeling,1,13.210398120824,13.210398120824
chartered,1,13.209805013007015,13.209805013007015
crystallization,1,13.208112986876289,13.208112986876289
bust,1,13.207745597818219,13.207745597818219
reflective,1,13.206724334293622,13.206724334293622
corporal,1,13.205399244927177,13.205399244927177
gloomy,1,13.204919632997754,13.204919632997754
stucco,1,13.204919632997754,13.204919632997754
slugged,1,13.204919632997754,13.204919632997754
woodward,1,13.204905289127227,13.204905289127227
mix,1,13.201923458164654,13.201923458164654
barring,1,13.201099567026725,13.201099567026725
smoother,1,13.1994513769554,13.1994513769554
bachelor,1,13.198859799054617,13.198859799054617
unreliable,1,13.198589321502117,13.198589321502117
repudiated,1,13.197367071563246,13.197367071563246
whence,1,13.197222748755323,13.197222748755323
beaver,1,13.197222748755323,13.197222748755323
hernandez,1,13.19427461103693,13.19427461103693
gossip,1,13.192956689290313,13.192956689290313
socialized,1,13.192659938397048,13.192659938397048
gluttons,1,13.192659938397048,13.192659938397048
adept,1,13.192659938397048,13.192659938397048
nuns,1,13.19262590602943,13.19262590602943
sine,1,13.19262590602943,13.19262590602943
violinist,1,13.19262590602943,13.19262590602943
mountainside,1,13.19262590602943,13.19262590602943
windshield,1,13.19262590602943,13.19262590602943
infection,1,13.191975121247223,13.191975121247223
venetian,1,13.19011689858139,13.19011689858139
wilmington,1,13.187993464491452,13.187993464491452
stalwart,1,13.187786924845163,13.187786924845163
correspond,1,13.185657386237272,13.185657386237272
outgoing,1,13.185348063593986,13.185348063593986
awfully,1,13.18509624759946,13.18509624759946
brisk,1,13.184441246221072,13.184441246221072
masonic,1,13.182236489314514,13.182236489314514
dividing,1,13.179617039906995,13.179617039906995
ah,1,13.176850651305113,13.176850651305113
mercury,1,13.17627892360925,13.17627892360925
orvis,1,13.175443263896911,13.175443263896911
relaxing,1,13.175443263896911,13.175443263896911
strengthens,1,13.174546120601498,13.174546120601498
cupply,1,13.173289189342277,13.173289189342277
quarrels,1,13.173265738194402,13.173265738194402
abiding,1,13.172018726222515,13.172018726222515
discovering,1,13.169031601589635,13.169031601589635
innovation,1,13.168335612345501,13.168335612345501
buchheister,1,13.167988681093558,13.167988681093558
induce,1,13.167480008398217,13.167480008398217
underestimate,1,13.167480008398217,13.167480008398217
mourning,1,13.166878014962899,13.166878014962899
reflectors,1,13.165753022829268,13.165753022829268
humiliation,1,13.165695510547291,13.165695510547291
lets,1,13.165695510547291,13.165695510547291
pleasures,1,13.164647176398049,13.164647176398049
connotation,1,13.163319960833965,13.163319960833965
administrators,1,13.16299961604308,13.16299961604308
patron,1,13.162908586816025,13.162908586816025
rulers,1,13.160238850141658,13.160238850141658
prevail,1,13.159634500392766,13.159634500392766
psychiatrist,1,13.158965046336222,13.158965046336222
jokes,1,13.158853618957846,13.158853618957846
shattering,1,13.158744928541616,13.158744928541616
submit,1,13.157928875055891,13.157928875055891
sparks,1,13.15748322354644,13.15748322354644
thence,1,13.156270369254376,13.156270369254376
persecuted,1,13.155024221717298,13.155024221717298
logs,1,13.154696601544481,13.154696601544481
thieving,1,13.154435713022188,13.154435713022188
cabbage,1,13.154435713022188,13.154435713022188
marston,1,13.154435713022188,13.154435713022188
anthea,1,13.153516301380831,13.153516301380831
danes,1,13.152500646046535,13.152500646046535
lung,1,13.152150902827502,13.152150902827502
sociological,1,13.152150902827502,13.152150902827502
fleeing,1,13.152150902827502,13.152150902827502
unfettered,1,13.15212921186669,13.15212921186669
swamp,1,13.15212921186669,13.15212921186669
adventurous,1,13.149647821848637,13.149647821848637
chavez,1,13.148334942638833,13.148334942638833
unscrupulous,1,13.148334942638833,13.148334942638833
peacefully,1,13.146710248578497,13.146710248578497
hexameter,1,13.143963121299313,13.143963121299313
roasted,1,13.143199043515363,13.143199043515363
bailing,1,13.143104082257215,13.143104082257215
breathed,1,13.136074782298799,13.136074782298799
bidders,1,13.134440154320016,13.134440154320016
rangoni,1,13.134117580999431,13.134117580999431
provokes,1,13.133797513402316,13.133797513402316
myriad,1,13.131967966841295,13.131967966841295
perfection,1,13.13087827725518,13.13087827725518
nozzle,1,13.123063228067162,13.123063228067162
debacle,1,13.122920778968087,13.122920778968087
retaliation,1,13.122710545698729,13.122710545698729
coaching,1,13.122607432525424,13.122607432525424
islanders,1,13.12201762932146,13.12201762932146
plywood,1,13.12047236139212,13.12047236139212
austere,1,13.1177314278563,13.1177314278563
advocating,1,13.11760084586287,13.11760084586287
realistically,1,13.116401339519943,13.116401339519943
standby,1,13.11588937981348,13.11588937981348
responsive,1,13.113510312263541,13.113510312263541
unobtainable,1,13.111967293467957,13.111967293467957
stance,1,13.107008777419553,13.107008777419553
understatement,1,13.105210511005078,13.105210511005078
spouses,1,13.103317556888475,13.103317556888475
engagement,1,13.098586517715962,13.098586517715962
overcame,1,13.095794439222358,13.095794439222358
candidacy,1,13.095382629631175,13.095382629631175
outing,1,13.095382629631175,13.095382629631175
influx,1,13.094227638858447,13.094227638858447
petty,1,13.094222540232337,13.094222540232337
munich,1,13.09371228971533,13.09371228971533
dismissal,1,13.093678678502993,13.093678678502993
westminster,2,13.093566084395363,6.546783042197681
consolidated,1,13.092615085667616,13.092615085667616
figuring,1,13.090004881717308,13.090004881717308
phosphor,2,13.089395268955563,6.544697634477782
modular,1,13.088941297803906,13.088941297803906
notable,1,13.08735135173092,13.08735135173092
triangular,1,13.084604468724512,13.084604468724512
medicines,1,13.084604468724512,13.084604468724512
decayed,1,13.084604468724512,13.084604468724512
microphone,1,13.081195639801205,13.081195639801205
decor,1,13.081195634801205,13.081195634801205
dtf,1,13.081195634801205,13.081195634801205
concerted,1,13.079218674008143,13.079218674008143
butler,1,13.079218674008143,13.079218674008143
distributing,1,13.078662742584267,13.078662742584267
dystopian,1,13.078401252451215,13.078401252451215
vitally,1,13.077336664568827,13.077336664568827
airfield,1,13.076989043273237,13.076989043273237
loyalties,1,13.075810618730642,13.075810618730642
lenient,1,13.075769984280694,13.075769984280694
footsteps,1,13.074256524249169,13.074256524249169
unloading,1,13.074256524249169,13.074256524249169
nodding,1,13.072547317933338,13.072547317933338
orthodontists,1,13.071675879460608,13.071675879460608
evoke,1,13.071298831745622,13.071298831745622
alphabetical,1,13.068690242125209,13.068690242125209
henderson,1,13.068663078537062,13.068663078537062
secants,1,13.06602651414661,13.06602651414661
earnest,1,13.065894781879553,13.065894781879553
architects,1,13.06559569910842,13.06559569910842
fanning,1,13.06301332238468,13.06301332238468
overreach,1,13.061248493392121,13.061248493392121
chopping,1,13.060334994889466,13.060334994889466
wolf,1,13.060334994889466,13.060334994889466
drained,1,13.056846308376112,13.056846308376112
skins,1,13.05643359259115,13.05643359259115
fisher,1,13.055412823670894,13.055412823670894
cliche,1,13.054810074263516,13.054810074263516
comic,1,13.054810074263516,13.054810074263516
participants,1,13.054810074263516,13.054810074263516
submission,1,13.05337630929834,13.05337630929834
pondered,1,13.053024764501174,13.053024764501174
firmness,1,13.051405707590078,13.051405707590078
telephones,1,13.050909854429882,13.050909854429882
sexton,1,13.050692528567785,13.050692528567785
hailed,1,13.049937956893412,13.049937956893412
lurking,1,13.049663706059471,13.049663706059471
courtiers,1,13.046768696208863,13.046768696208863
sway,1,13.046768696208863,13.046768696208863
unfriendly,1,13.046384156103118,13.046384156103118
mayflower,1,13.045576231065882,13.045576231065882
rebel,1,13.045388439212804,13.045388439212804
incessant,1,13.045293771261811,13.045293771261811
speculations,1,13.043425128771897,13.043425128771897
steamboat,1,13.042974426981006,13.042974426981006
expulsion,1,13.042974426981006,13.042974426981006
handwriting,1,13.042652201919575,13.042652201919575
ass,1,13.041696893463117,13.041696893463117
noisily,1,13.041349732920672,13.041349732920672
hosts,1,13.041341291266342,13.041341291266342
awaken,1,13.038487333597992,13.038487333597992
blasted,1,13.038487333597992,13.038487333597992
proposing,1,13.034658775355688,13.034658775355688
elemental,1,13.034367867310007,13.034367867310007
mammals,1,13.033231552576575,13.033231552576575
floorboards,1,13.032405470631772,13.032405470631772
campaigned,1,13.032221635204746,13.032221635204746
porto,1,13.031045856115732,13.031045856115732
cushion,1,13.031025821072664,13.031025821072664
macbeth,1,13.031025821072664,13.031025821072664
bells,1,13.030680197873055,13.030680197873055
vistas,1,13.029902340413654,13.029902340413654
obsolete,1,13.02584029791562,13.02584029791562
rating,1,13.025322226511895,13.025322226511895
boasted,1,13.024347140483158,13.024347140483158
harping,1,13.02423291247209,13.02423291247209
cumbersome,1,13.02423291247209,13.02423291247209
washizu,1,13.023894785963863,13.023894785963863
indecent,1,13.022454975144916,13.022454975144916
justifiable,1,13.022454975144916,13.022454975144916
obnoxious,1,13.020065948420275,13.020065948420275
aqueous,1,13.020065948420275,13.020065948420275
rotting,1,13.01883339808623,13.01883339808623
disregard,1,13.018603301574105,13.018603301574105
discomfort,1,13.018034493506837,13.018034493506837
dread,1,13.017098111242554,13.017098111242554
chisholm,1,13.01702089654016,13.01702089654016
shabby,1,13.016811154372128,13.016811154372128
barge,1,13.016659931886803,13.016659931886803
plump,1,13.016309893289696,13.016309893289696
grossly,1,13.014843055766962,13.014843055766962
healing,1,13.014640993449317,13.014640993449317
statue,1,13.014260935562204,13.014260935562204
bail,1,13.014184932018244,13.014184932018244
psychotherapy,1,13.01418493118491,13.01418493118491
slaughtered,1,13.011426258282015,13.011426258282015
fridays,1,13.01103912635941,13.01103912635941
inaccurate,1,13.010175557871909,13.010175557871909
modifier,1,13.009321234390763,13.009321234390763
switching,1,13.008370055430138,13.008370055430138
winners,1,13.006504748866282,13.006504748866282
farmhouse,1,13.004505616648688,13.004505616648688
frontiers,1,13.003016616647086,13.003016616647086
unquestionably,1,13.002543389852848,13.002543389852848
blended,1,13.00176850783655,13.00176850783655
undeveloped,1,13.00153063368831,13.00153063368831
methodical,1,13.000602590970331,13.000602590970331
tiled,1,12.9991306867469,12.9991306867469
newbury,1,12.998307979995436,12.998307979995436
postscript,1,12.998307974995436,12.998307974995436
revenue,3,12.99236278848901,4.330787596163003
flowed,1,12.99152795039596,12.99152795039596
witches,1,12.990022113973348,12.990022113973348
injection,1,12.987370438268727,12.987370438268727
jarrodsville,1,12.986598079436032,12.986598079436032
beatie,1,12.986064158960728,12.986064158960728
unemployed,1,12.984071151130374,12.984071151130374
crawling,1,12.983580783479413,12.983580783479413
ministries,1,12.98300361362199,12.98300361362199
shone,1,12.981971563175744,12.981971563175744
reputed,1,12.981938907081396,12.981938907081396
directory,1,12.980998404873343,12.980998404873343
villa,1,12.979960027370087,12.979960027370087
glorified,1,12.979570462377854,12.979570462377854
pituitary,1,12.97863450412074,12.97863450412074
kilometers,1,12.976651784049935,12.976651784049935
francs,1,12.976651784049935,12.976651784049935
cordial,1,12.976339699795941,12.976339699795941
attributing,1,12.974820713458783,12.974820713458783
bony,1,12.974279897139596,12.974279897139596
kayabashi,1,12.973635072402272,12.973635072402272
patrons,1,12.972561927804904,12.972561927804904
usages,1,12.972559311548673,12.972559311548673
iocsixg,1,12.972485900350495,12.972485900350495
portrayed,1,12.97243804587074,12.97243804587074
reactors,1,12.972375044250526,12.972375044250526
egyptian,1,12.97162852761541,12.97162852761541
epiphany,1,12.97162852761541,12.97162852761541
uncritical,1,12.97162852761541,12.97162852761541
paste,2,12.971452975134845,6.4857264875674225
bow,1,12.970060281336973,12.970060281336973
withdrawal,1,12.969807655906068,12.969807655906068
forceful,1,12.969218398996363,12.969218398996363
refreshed,1,12.967516015729414,12.967516015729414
organisms,1,12.966821434401464,12.966821434401464
straits,1,12.965836122451025,12.965836122451025
timing,1,12.964637347040718,12.964637347040718
knox,1,12.963412605811488,12.963412605811488
splendor,1,12.961530216342046,12.961530216342046
zing,1,12.961530216342046,12.961530216342046
perceive,1,12.96113038881873,12.96113038881873
dies,1,12.960534266221726,12.960534266221726
picasso,1,12.960235185672815,12.960235185672815
fallout,2,12.957349563190276,6.478674781595138
visceral,1,12.95505799120162,12.95505799120162
forlorn,1,12.954621610862006,12.954621610862006
maximizing,1,12.953750694899751,12.953750694899751
prosecution,1,12.95166457553691,12.95166457553691
desolate,1,12.948895016562814,12.948895016562814
arched,1,12.94811174636206,12.94811174636206
commenced,1,12.947725618194651,12.947725618194651
stimuli,1,12.946734675334726,12.946734675334726
flapping,1,12.945394100308809,12.945394100308809
beebread,1,12.942860501049523,12.942860501049523
comedian,1,12.942036703490956,12.942036703490956
treaties,1,12.941566667308564,12.941566667308564
classified,1,12.940402518169163,12.940402518169163
garth,1,12.937310793598323,12.937310793598323
rip,1,12.936169869417613,12.936169869417613
bracing,1,12.935786733406015,12.935786733406015
mansion,1,12.935116261146382,12.935116261146382
slit,1,12.933707341771937,12.933707341771937
antithyroid,1,12.933707341771937,12.933707341771937
economist,1,12.933707341771937,12.933707341771937
antelope,1,12.93346584070058,12.93346584070058
stamps,1,12.933126817940165,12.933126817940165
textures,1,12.933126817940165,12.933126817940165
mustache,1,12.933126817940165,12.933126817940165
diffuse,1,12.933126817940165,12.933126817940165
clergymen,1,12.933126817940165,12.933126817940165
twentieth,1,12.933126817940165,12.933126817940165
cushioning,1,12.933126817940165,12.933126817940165
adhered,1,12.933126817940165,12.933126817940165
shooter,1,12.933126817940165,12.933126817940165
cleverly,1,12.933126817940165,12.933126817940165
wartime,1,12.931517092202675,12.931517092202675
florentine,1,12.931426686044999,12.931426686044999
treasure,1,12.930825684480519,12.930825684480519
awkwardly,1,12.929743089646875,12.929743089646875
twist,1,12.929007351763293,12.929007351763293
bits,1,12.929007351763293,12.929007351763293
reduces,1,12.928103561771355,12.928103561771355
mistress,1,12.927248041487273,12.927248041487273
impress,1,12.926917824141237,12.926917824141237
frigid,1,12.925993663119675,12.925993663119675
payable,1,12.924414881292385,12.924414881292385
mute,1,12.924414881292385,12.924414881292385
cr,1,12.920076290657853,12.920076290657853
berated,1,12.920076290657853,12.920076290657853
swine,1,12.918941646058059,12.918941646058059
titled,1,12.914210188634978,12.914210188634978
juet,1,12.914006593912195,12.914006593912195
winslow,1,12.91324278591628,12.91324278591628
bogey,1,12.911414789567507,12.911414789567507
respectability,1,12.911147912054723,12.911147912054723
appalling,1,12.910964011670508,12.910964011670508
federation,1,12.908900420015488,12.908900420015488
mania,1,12.907812883030276,12.907812883030276
autistic,1,12.9075391909944,12.9075391909944
shriveled,1,12.907532145750364,12.907532145750364
unused,1,12.907070850211428,12.907070850211428
negotiated,1,12.907053573938136,12.907053573938136
denouncing,1,12.906845350858452,12.906845350858452
joshua,1,12.905794525851823,12.905794525851823
swirling,1,12.904815042214084,12.904815042214084
shiny,1,12.904247562131339,12.904247562131339
chaos,1,12.90228291383532,12.90228291383532
legally,1,12.902064009675527,12.902064009675527
beguiling,1,12.901918225388478,12.901918225388478
motley,1,12.89887407800725,12.89887407800725
salient,1,12.896886689004598,12.896886689004598
markedly,1,12.893932315096471,12.893932315096471
leaflets,1,12.893597020906405,12.893597020906405
sandwiches,1,12.892682114425996,12.892682114425996
stimulating,1,12.891934968705215,12.891934968705215
hurled,1,12.891587649803883,12.891587649803883
hurrying,1,12.88699657090325,12.88699657090325
prevails,1,12.884629620588631,12.884629620588631
lakes,1,12.884629620588631,12.884629620588631
bizarre,1,12.883704957685989,12.883704957685989
europeans,1,12.880582031683103,12.880582031683103
cautioned,1,12.87778858439818,12.87778858439818
underfoot,1,12.877064863612869,12.877064863612869
covenant,1,12.87611540326589,12.87611540326589
ancestry,1,12.875324525302817,12.875324525302817
erroneous,1,12.874522922053481,12.874522922053481
willard,1,12.874441529817828,12.874441529817828
nested,1,12.874441529817828,12.874441529817828
clattered,1,12.874441529817828,12.874441529817828
deteriorated,1,12.874441529817828,12.874441529817828
projecting,1,12.872516445664735,12.872516445664735
segovia,1,12.872062825556593,12.872062825556593
sublime,1,12.868554824695284,12.868554824695284
alligator,1,12.86712538469267,12.86712538469267
embodiment,1,12.867077530212915,12.867077530212915
goin,1,12.86570593970511,12.86570593970511
discontent,1,12.864447140748242,12.864447140748242
weider,1,12.864447140248242,12.864447140248242
vectors,1,12.864447140248242,12.864447140248242
confronts,1,12.86418852751936,12.86418852751936
noblest,1,12.86316333058311,12.86316333058311
huddled,1,12.862731887787666,12.862731887787666
carload,1,12.86232092728775,12.86232092728775
manservant,1,12.861697637839429,12.861697637839429
clapping,1,12.861627707157686,12.861627707157686
mocked,1,12.860974810416264,12.860974810416264
indicator,1,12.858299844808407,12.858299844808407
stettin,1,12.858280686041995,12.858280686041995
teller,1,12.858052088486994,12.858052088486994
withdrawn,1,12.856314468588455,12.856314468588455
fiberglas,1,12.854874667792767,12.854874667792767
elated,1,12.85473917521185,12.85473917521185
patting,1,12.854331122238516,12.854331122238516
reynolds,1,12.854331122238516,12.854331122238516
drafts,1,12.853999116778457,12.853999116778457
rabbits,1,12.852845147785183,12.852845147785183
tsunami,2,12.85023195188387,6.425115975941935
viewer,1,12.849721220562166,12.849721220562166
voltaic,1,12.846255319364458,12.846255319364458
chat,1,12.843621957267864,12.843621957267864
highlands,1,12.842784619356205,12.842784619356205
unsympathetic,1,12.842747128773963,12.842747128773963
pounded,1,12.839931549040466,12.839931549040466
throbbing,1,12.838043589770704,12.838043589770704
paradigm,1,12.837743678751806,12.837743678751806
adc,1,12.837191444075255,12.837191444075255
alteration,1,12.837191444075255,12.837191444075255
needless,1,12.836628943042456,12.836628943042456
fosdick,1,12.834816450278458,12.834816450278458
wives,1,12.833697172049876,12.833697172049876
unreconstructed,1,12.831526262593066,12.831526262593066
subscription,1,12.830975862147463,12.830975862147463
allowable,1,12.829994277803513,12.829994277803513
facto,1,12.829881211520298,12.829881211520298
peasant,1,12.828850522831575,12.828850522831575
allstates,1,12.827766302282338,12.827766302282338
purification,1,12.827766302282338,12.827766302282338
colts,1,12.825698980566036,12.825698980566036
outboard,1,12.825698980566036,12.825698980566036
assassin,1,12.825674616658997,12.825674616658997
intersections,2,12.825370194627165,6.412685097313583
defiance,1,12.825093274572762,12.825093274572762
intersect,1,12.821913043537789,12.821913043537789
scalp,1,12.821756025433382,12.821756025433382
completions,1,12.821491094510641,12.821491094510641
placid,1,12.820633147461848,12.820633147461848
sapped,1,12.819054365634559,12.819054365634559
elaborated,1,12.818831375333714,12.818831375333714
castles,1,12.81738302279937,12.81738302279937
unimpressed,1,12.815894971212225,12.815894971212225
straddling,1,12.8145329345735,12.8145329345735
contour,1,12.814023370184172,12.814023370184172
beans,1,12.811015561203607,12.811015561203607
cathodoluminescent,1,12.808722986012953,12.808722986012953
nailed,1,12.804573115892431,12.804573115892431
dynamics,1,12.803366645090046,12.803366645090046
novelists,1,12.80295396112851,12.80295396112851
lee,2,12.802675106584015,6.401337553292008
plasticity,1,12.80249495601402,12.80249495601402
perfected,1,12.801259226185458,12.801259226185458
manuel,1,12.799454526556257,12.799454526556257
recruited,1,12.799454526556257,12.799454526556257
staten,1,12.799454526556257,12.799454526556257
disabling,1,12.798403552643615,12.798403552643615
dating,1,12.798045560464478,12.798045560464478
populace,1,12.794271272375306,12.794271272375306
recreational,1,12.79401814333532,12.79401814333532
detrimental,1,12.793783465444974,12.793783465444974
admirer,1,12.793669829557727,12.793669829557727
sameness,1,12.793513567349423,12.793513567349423
koussevitzky,1,12.793513567349423,12.793513567349423
incorporates,1,12.793513567349423,12.793513567349423
catalogued,1,12.793513562349423,12.793513562349423
irrigation,1,12.793513562349423,12.793513562349423
clientele,1,12.793513562349423,12.793513562349423
awesome,1,12.793124215060619,12.793124215060619
manage,1,12.792913106632028,12.792913106632028
leona,1,12.791960721254437,12.791960721254437
soybean,1,12.791757642313826,12.791757642313826
warrior,1,12.791755149827516,12.791755149827516
lattimer,1,12.788332208607425,12.788332208607425
insinuations,1,12.78776515443856,12.78776515443856
briskly,1,12.787170095927248,12.787170095927248
diplomat,1,12.784172715554941,12.784172715554941
plow,1,12.78386778499435,12.78386778499435
romantics,1,12.783829979220377,12.783829979220377
mergers,1,12.783272074963893,12.783272074963893
fraternity,1,12.782182004339873,12.782182004339873
heyday,1,12.781745548915996,12.781745548915996
sr,1,12.781091047350866,12.781091047350866
narrowing,1,12.781091047350866,12.781091047350866
beatrice,1,12.77897613894624,12.77897613894624
skillful,1,12.778344442028164,12.778344442028164
nightly,1,12.778246095218636,12.778246095218636
rebelled,1,12.776815711167131,12.776815711167131
carrots,1,12.77618211266445,12.77618211266445
gothic,1,12.775701303473017,12.775701303473017
coldly,1,12.775068406940514,12.775068406940514
dozing,1,12.77246015815159,12.77246015815159
drastically,1,12.772054822164721,12.772054822164721
dived,1,12.771013409126262,12.771013409126262
pavilion,1,12.770754887608064,12.770754887608064
trenton,1,12.770754887608064,12.770754887608064
restrain,1,12.770754887608064,12.770754887608064
compromising,1,12.770754887608064,12.770754887608064
unstained,1,12.770754887608064,12.770754887608064
abortion,1,12.76996400964499,12.76996400964499
renovated,1,12.769449472335381,12.769449472335381
doyle,1,12.769446575581542,12.769446575581542
rapping,1,12.765342690382727,12.765342690382727
aging,1,12.761764869034844,12.761764869034844
universally,1,12.761654012934875,12.761654012934875
beckett,1,12.760345424047284,12.760345424047284
submitting,1,12.759086625090415,12.759086625090415
spared,1,12.758828011861533,12.758828011861533
carnegie,1,12.758828011861533,12.758828011861533
sandals,1,12.758276891064888,12.758276891064888
seals,1,12.757196728818096,12.757196728818096
potter,1,12.756557860826994,12.756557860826994
paula,1,12.756239038337384,12.756239038337384
monumental,1,12.754970130301126,12.754970130301126
honestly,1,12.753164913811808,12.753164913811808
gibbs,1,12.75279470468576,12.75279470468576
dismissing,1,12.752691572829168,12.752691572829168
weep,1,12.752039504907465,12.752039504907465
immature,1,12.750805261979544,12.750805261979544
architectural,1,12.750805261979544,12.750805261979544
sane,1,12.749543854170895,12.749543854170895
buddha,1,12.749410979761876,12.749410979761876
ft,1,12.74897060658069,12.74897060658069
substitutes,1,12.74897060658069,12.74897060658069
asserts,1,12.74897060658069,12.74897060658069
bluffs,1,12.74897060658069,12.74897060658069
gravy,1,12.74897060658069,12.74897060658069
blasphemy,1,12.74897060658069,12.74897060658069
anta,1,12.74897060658069,12.74897060658069
choreographers,1,12.74897060658069,12.74897060658069
specialization,1,12.748132234008063,12.748132234008063
pigs,1,12.746664105091858,12.746664105091858
idyllic,1,12.746233979152025,12.746233979152025
carriages,1,12.745752457777133,12.745752457777133
conspicuously,1,12.744377565251016,12.744377565251016
roosevelt,2,12.743314834988421,6.371657417494211
sprinkling,1,12.742869836197336,12.742869836197336
sheltered,1,12.741870334197586,12.741870334197586
sterile,1,12.739842627012886,12.739842627012886
horsemanship,1,12.739446346079148,12.739446346079148
slides,1,12.738899127791763,12.738899127791763
withdrew,1,12.738402553521967,12.738402553521967
affectionately,1,12.736355153509475,12.736355153509475
madeleine,1,12.73612409486035,12.73612409486035
gazing,1,12.732964786620757,12.732964786620757
pels,1,12.732456123311348,12.732456123311348
squat,1,12.731709239624621,12.731709239624621
needing,1,12.731381786242418,12.731381786242418
contests,1,12.730478940999468,12.730478940999468
prize,3,12.730385381231132,4.243461793743711
destroyers,1,12.728975046211852,12.728975046211852
stimulus,1,12.728227584430051,12.728227584430051
criterion,1,12.728227584430051,12.728227584430051
populations,1,12.728227584430051,12.728227584430051
vientiane,1,12.726938123909818,12.726938123909818
diversion,1,12.726502859566462,12.726502859566462
offices,2,12.723015341360867,6.361507670680433
flashy,1,12.722541622854049,12.722541622854049
airborne,1,12.722493486253462,12.722493486253462
keeler,1,12.722417645665693,12.722417645665693
merchants,2,12.71752447820974,6.35876223910487
newspaperman,1,12.716597716939699,12.716597716939699
enthusiasts,1,12.716552526213295,12.716552526213295
packet,1,12.716552526213295,12.716552526213295
indoors,1,12.714796602011031,12.714796602011031
unbelievable,1,12.712691519222503,12.712691519222503
mink,1,12.709278928003277,12.709278928003277
oslo,1,12.708662854526345,12.708662854526345
tolerate,1,12.707583857897202,12.707583857897202
hotels,1,12.70596495593262,12.70596495593262
peasants,1,12.704004540754424,12.704004540754424
bourbons,1,12.70346728666464,12.70346728666464
processor,1,12.70180566767049,12.70180566767049
punctuated,1,12.70042314428341,12.70042314428341
flames,1,12.698694469862687,12.698694469862687
accessories,1,12.698382087342281,12.698382087342281
sprawl,1,12.697593445470684,12.697593445470684
warehouses,1,12.696791837429425,12.696791837429425
warden,1,12.69643016276759,12.69643016276759
potent,1,12.69611193987917,12.69611193987917
educators,1,12.695499119515462,12.695499119515462
lolotte,1,12.69457362249452,12.69457362249452
napkin,1,12.691234718229005,12.691234718229005
debutante,1,12.69121392060564,12.69121392060564
crammed,1,12.688153051691597,12.688153051691597
tubing,1,12.688153051691597,12.688153051691597
onsets,1,12.687959702719452,12.687959702719452
rained,1,12.684803829565382,12.684803829565382
capacities,1,12.68455462103159,12.68455462103159
vicious,1,12.684029337507734,12.684029337507734
copernicus,1,12.684029337507734,12.684029337507734
buzzing,1,12.683863203852829,12.683863203852829
dialed,1,12.683326878584975,12.683326878584975
plodding,1,12.68265097620428,12.68265097620428
maple,1,12.682637772439806,12.682637772439806
argues,1,12.682416373430966,12.682416373430966
periodic,1,12.682131065524322,12.682131065524322
purposely,1,12.681834316297724,12.681834316297724
excused,1,12.68153989579988,12.68153989579988
avoids,1,12.68018488204242,12.68018488204242
sharper,1,12.68018488204242,12.68018488204242
pirates,1,12.679139361949682,12.679139361949682
bandage,1,12.678335776567343,12.678335776567343
destined,1,12.677400415746105,12.677400415746105
topic,1,12.67682518365354,12.67682518365354
giovanni,1,12.67573053169304,12.67573053169304
hopelessness,1,12.675315090264744,12.675315090264744
trembled,1,12.674883947699954,12.674883947699954
singular,1,12.67475070769485,12.67475070769485
stiffening,1,12.672631675788974,12.672631675788974
basin,1,12.672009566277895,12.672009566277895
evidences,1,12.671871556460664,12.671871556460664
regret,1,12.66908902609618,12.66908902609618
ego,1,12.668792547599852,12.668792547599852
barrels,1,12.668408759937929,12.668408759937929
discreet,1,12.668027083946372,12.668027083946372
praying,1,12.664680695506455,12.664680695506455
alight,1,12.660463059562252,12.660463059562252
pembina,1,12.657966049510586,12.657966049510586
plows,1,12.657712026190362,12.657712026190362
ounce,1,12.656189376486205,12.656189376486205
fiedler,1,12.655087046137963,12.655087046137963
weakest,1,12.654233761814037,12.654233761814037
confederation,1,12.653969039911527,12.653969039911527
completes,1,12.653467496203707,12.653467496203707
manually,1,12.652691741462222,12.652691741462222
richer,1,12.650412725375418,12.650412725375418
comptroller,1,12.649155885512263,12.649155885512263
gradients,1,12.648729929874534,12.648729929874534
sidewise,1,12.648487797799167,12.648487797799167
apprehensively,1,12.647559654726344,12.647559654726344
publishing,1,12.647108547429628,12.647108547429628
sculptured,1,12.645444746321719,12.645444746321719
susie,1,12.645444746321719,12.645444746321719
fishermen,1,12.645444746321719,12.645444746321719
stiffened,1,12.645444746321719,12.645444746321719
marina,1,12.645289510080694,12.645289510080694
strait,1,12.64463485157581,12.64463485157581
cursing,1,12.643644096643968,12.643644096643968
sovereignty,2,12.643515027260047,6.321757513630024
slugger,1,12.642444554059573,12.642444554059573
hospitable,1,12.642339199100347,12.642339199100347
originality,1,12.641303589434031,12.641303589434031
berth,1,12.640603991739088,12.640603991739088
fran,1,12.639591486743834,12.639591486743834
perceptions,1,12.639418755005371,12.639418755005371
outdated,1,12.639036036726642,12.639036036726642
depredations,1,12.63871003944936,12.63871003944936
configurations,1,12.636864365609595,12.636864365609595
aiming,1,12.63616493148685,12.63616493148685
retailing,1,12.63321716361804,12.63321716361804
peculiarly,1,12.632719809977528,12.632719809977528
throng,1,12.630994637851648,12.630994637851648
vents,1,12.629865017623278,12.629865017623278
pump,1,12.628197260030655,12.628197260030655
profanity,1,12.62740116199148,12.62740116199148
sorbed,1,12.625676945143503,12.625676945143503
flushing,1,12.625645291481213,12.625645291481213
specially,1,12.625560713797832,12.625560713797832
quantum,1,12.625510733402496,12.625510733402496
studded,1,12.623359794745365,12.623359794745365
enactment,1,12.622466087128688,12.622466087128688
verification,1,12.621663310422765,12.621663310422765
doubting,1,12.620241846075388,12.620241846075388
merchandising,1,12.620001253043,12.620001253043
frayed,1,12.619822899754745,12.619822899754745
harshly,1,12.618767806030593,12.618767806030593
impending,1,12.617181107196222,12.617181107196222
effected,1,12.617132970595636,12.617132970595636
forwarded,1,12.616825828273726,12.616825828273726
condemn,1,12.616825828273726,12.616825828273726
recognizing,1,12.61633846071065,12.61633846071065
pop,1,12.612330692610906,12.612330692610906
prophets,1,12.612192510889052,12.612192510889052
patter,1,12.611824295931775,12.611824295931775
vic,1,12.611555790098661,12.611555790098661
breakdowns,1,12.611192010555468,12.611192010555468
justifications,1,12.611192010555468,12.611192010555468
neatly,1,12.610846173459827,12.610846173459827
vineyards,1,12.609436086353204,12.609436086353204
envy,1,12.609068013309845,12.609068013309845
multiplication,1,12.60871982441008,12.60871982441008
voltages,1,12.607009155809727,12.607009155809727
parameter,1,12.606661991483719,12.606661991483719
utilities,1,12.60635695068337,12.60635695068337
gene,1,12.606079723683298,12.606079723683298
polarity,1,12.604043660194746,12.604043660194746
mastered,1,12.603905578185437,12.603905578185437
choppy,1,12.603856126282599,12.603856126282599
straws,1,12.603239682364974,12.603239682364974
groundwork,1,12.603028699916308,12.603028699916308
discrepancies,1,12.601713269100925,12.601713269100925
lids,1,12.600950519003272,12.600950519003272
ascending,1,12.599357552908465,12.599357552908465
foss,1,12.599357552908465,12.599357552908465
bliss,1,12.59909996479044,12.59909996479044
oppression,1,12.598769492223578,12.598769492223578
rods,1,12.598769492223578,12.598769492223578
tawny,1,12.598769490556911,12.598769490556911
rags,1,12.598669488556578,12.598669488556578
jammed,1,12.597751200420516,12.597751200420516
captivity,1,12.597549235818349,12.597549235818349
straightforward,1,12.59565462052089,12.59565462052089
quint,1,12.595599918295633,12.595599918295633
calvin,1,12.595577782753917,12.595577782753917
finale,1,12.595062628625586,12.595062628625586
pacers,1,12.593805790429098,12.593805790429098
tenderfoot,1,12.592842871887273,12.592842871887273
judges,1,12.592535115427793,12.592535115427793
calories,1,12.592513425597934,12.592513425597934
treacherous,1,12.58979082412404,12.58979082412404
tibetan,1,12.589132292490737,12.589132292490737
darted,1,12.588286332981768,12.588286332981768
galleys,1,12.585874204237845,12.585874204237845
descendants,1,12.585216525818876,12.585216525818876
stupidity,1,12.584874705809524,12.584874705809524
tally,1,12.584262598676837,12.584262598676837
photographs,1,12.584153252553461,12.584153252553461
pronoun,1,12.583827910558712,12.583827910558712
restaurants,1,12.583773037500643,12.583773037500643
expelled,1,12.58323790066162,12.58323790066162
longing,1,12.582930430098594,12.582930430098594
captive,1,12.582853054737003,12.582853054737003
grabbing,1,12.582599186228293,12.582599186228293
leases,1,12.580750985054234,12.580750985054234
terminals,1,12.579175798323178,12.579175798323178
duplication,1,12.578734927956948,12.578734927956948
donnybrook,1,12.578541242448107,12.578541242448107
hinted,1,12.578115675371247,12.578115675371247
behaving,1,12.576473800639898,12.576473800639898
apportioned,1,12.576473800639898,12.576473800639898
sly,1,12.575745261559721,12.575745261559721
hates,1,12.57503533248482,12.57503533248482
craftsmanship,1,12.57503533248482,12.57503533248482
cologne,1,12.573778846291855,12.573778846291855
microscope,1,12.570370016035215,12.570370016035215
spain,1,12.569965951636576,12.569965951636576
seas,1,12.569268828660213,12.569268828660213
barbarians,1,12.56891652740723,12.56891652740723
emperors,1,12.56891652740723,12.56891652740723
sportsmen,1,12.568745322808212,12.568745322808212
cobra,1,12.568632396136673,12.568632396136673
excitedly,1,12.566649050620068,12.566649050620068
extraction,1,12.566649050620068,12.566649050620068
entitle,1,12.566511040802837,12.566511040802837
cooks,1,12.565953226743291,12.565953226743291
organification,1,12.563432031108691,12.563432031108691
theologian,1,12.563432031108691,12.563432031108691
comforts,1,12.563227576940477,12.563227576940477
whiskers,1,12.562401846386036,12.562401846386036
vikings,1,12.562401846386036,12.562401846386036
crosses,1,12.562401846386036,12.562401846386036
kay,2,12.561858310266642,6.280929155133321
shoving,1,12.560548280236715,12.560548280236715
enterprising,1,12.558538279786603,12.558538279786603
nutrients,1,12.558538279786603,12.558538279786603
betray,1,12.55691512370103,12.55691512370103
curiously,1,12.555528170272606,12.555528170272606
coaches,1,12.554994582434707,12.554994582434707
habitual,1,12.554229285726356,12.554229285726356
beings,4,12.553245355527046,3.1383113388817616
danced,1,12.55260321474735,12.55260321474735
pennant,1,12.552399778375808,12.552399778375808
baptists,1,12.55218769861869,12.55218769861869
documented,1,12.552003140831804,12.552003140831804
fulfillment,1,12.551249733981827,12.551249733981827
mentions,1,12.551144864584103,12.551144864584103
ariadne,1,12.550320678489358,12.550320678489358
constantinople,1,12.54863564128274,12.54863564128274
skimming,1,12.548560796640832,12.548560796640832
streaked,1,12.548560796640832,12.548560796640832
presumes,1,12.548391109316439,12.548391109316439
positivists,1,12.547285774794204,12.547285774794204
coconut,1,12.546738789265675,12.546738789265675
throttle,1,12.546738789265675,12.546738789265675
specializing,1,12.54369000944219,12.54369000944219
peeled,1,12.543293790529017,12.543293790529017
readiness,1,12.542280179982484,12.542280179982484
blind,2,12.541370586625254,6.270685293312627
stew,1,12.540335787835849,12.540335787835849
decorated,1,12.540084230663892,12.540084230663892
dreary,1,12.540084230663892,12.540084230663892
lynn,1,12.540084230663892,12.540084230663892
dynamite,1,12.539733046573323,12.539733046573323
marksmanship,1,12.538621317720633,12.538621317720633
ethereal,1,12.537084038401748,12.537084038401748
statewide,1,12.536581150097627,12.536581150097627
vintage,1,12.53586629276007,12.53586629276007
rigorous,1,12.535684461047325,12.535684461047325
duel,1,12.535625808740836,12.535625808740836
chances,2,12.534531247797306,6.267265623898653
merrimack,1,12.53423096941934,12.53423096941934
fender,1,12.53423096941934,12.53423096941934
avocados,1,12.533859386361929,12.533859386361929
granite,1,12.533414309512784,12.533414309512784
vanished,1,12.53230351548096,12.53230351548096
scraped,1,12.531865918901996,12.531865918901996
implies,1,12.531845685906825,12.531845685906825
unsuccessful,1,12.531826579486916,12.531826579486916
affiliations,1,12.530796508637373,12.530796508637373
relaxes,1,12.530653148071456,12.530653148071456
fellowships,1,12.529361992307837,12.529361992307837
puritan,1,12.528668131126226,12.528668131126226
authoritative,1,12.528576719343828,12.528576719343828
seams,1,12.527974904698457,12.527974904698457
delights,1,12.527810401616417,12.527810401616417
seeds,2,12.527638556257251,6.263819278128626
probabilities,2,12.527597228979248,6.263798614489624
malta,1,12.527385207160618,12.527385207160618
repelled,1,12.524536906889775,12.524536906889775
dyer,1,12.52418063356584,12.52418063356584
conveyed,1,12.524083890388878,12.524083890388878
requiring,1,12.523995387874649,12.523995387874649
proportional,1,12.523984892496756,12.523984892496756
damnation,1,12.523223237609512,12.523223237609512
turkey,1,12.52157985486578,12.52157985486578
fink,1,12.520869372262183,12.520869372262183
holden,1,12.520353612642538,12.520353612642538
carter,1,12.519606654789845,12.519606654789845
inappropriate,1,12.518949774850888,12.518949774850888
attendants,1,12.518803207850182,12.518803207850182
computer,2,12.51580126356,6.25790063178
puzzling,1,12.515530894486357,12.515530894486357
chords,1,12.514470281468803,12.514470281468803
factual,1,12.512252066033899,12.512252066033899
allotments,1,12.512252066033899,12.512252066033899
undeniable,1,12.511772454937809,12.511772454937809
strangely,1,12.511772454937809,12.511772454937809
evasive,1,12.511772454937809,12.511772454937809
responding,1,12.511772454937809,12.511772454937809
chambers,1,12.510859345234412,12.510859345234412
surged,1,12.510800720610954,12.510800720610954
jaw,1,12.510272893083368,12.510272893083368
thyroxine,1,12.510257756263602,12.510257756263602
sweeping,1,12.50825548710699,12.50825548710699
ox,1,12.50802179241388,12.50802179241388
lightweight,1,12.505831494897643,12.505831494897643
approximations,1,12.505831494897643,12.505831494897643
diagonally,1,12.505831494897643,12.505831494897643
damages,1,12.505831494897642,12.505831494897642
cheers,1,12.505831494897642,12.505831494897642
maturing,1,12.5057948873217,12.5057948873217
mattered,1,12.5042198935033,12.5042198935033
frightening,1,12.503638011938659,12.503638011938659
presenting,1,12.503359309323683,12.503359309323683
proclaiming,1,12.501970486240182,12.501970486240182
clasped,1,12.501970486240182,12.501970486240182
pinched,1,12.501154634568453,12.501154634568453
maude,1,12.50071920802547,12.50071920802547
spiritually,1,12.499349935439252,12.499349935439252
additives,1,12.49878245568984,12.49878245568984
gratuitous,1,12.498495610624772,12.498495610624772
versatile,1,12.498495610624772,12.498495610624772
nutcracker,1,12.498495610624772,12.498495610624772
fertilized,1,12.498495610624772,12.498495610624772
cathedrals,1,12.498495610624772,12.498495610624772
ultrasonic,1,12.498346073060388,12.498346073060388
kehl,1,12.498110436310004,12.498110436310004
fare,1,12.496490644769827,12.496490644769827
churchill,1,12.496172879771443,12.496172879771443
misplaced,1,12.493408977399085,12.493408977399085
brett,1,12.492408474565503,12.492408474565503
hectic,1,12.490942882403893,12.490942882403893
grecian,1,12.490114079002232,12.490114079002232
concealed,1,12.490104798619964,12.490104798619964
elbows,1,12.489550000500042,12.489550000500042
schooling,1,12.488469881141699,12.488469881141699
woodrow,1,12.48617343812484,12.48617343812484
pose,1,12.484372569283662,12.484372569283662
detection,1,12.482450018513259,12.482450018513259
ryusenji,1,12.481685595483082,12.481685595483082
flourished,1,12.481398942541553,12.481398942541553
accents,1,12.481398942541553,12.481398942541553
bonner,1,12.479922749238595,12.479922749238595
johns,1,12.478141502768297,12.478141502768297
knot,1,12.475576501603529,12.475576501603529
baggy,1,12.475059836230889,12.475059836230889
penalties,1,12.475059836230889,12.475059836230889
wheelock,1,12.474082796583062,12.474082796583062
insufficient,1,12.472755159713422,12.472755159713422
smoothed,1,12.471695342115314,12.471695342115314
wistfully,1,12.470384745901894,12.470384745901894
impeded,1,12.470384745901894,12.470384745901894
litigation,1,12.470172781940686,12.470172781940686
supervisors,1,12.469557760743571,12.469557760743571
transcends,1,12.468976423042996,12.468976423042996
residing,1,12.46841833063403,12.46841833063403
assuredly,1,12.468091166914796,12.468091166914796
housewife,1,12.467091666581712,12.467091666581712
boxell,1,12.465826160283942,12.465826160283942
jointly,1,12.465070019580619,12.465070019580619
decree,1,12.46433176399089,12.46433176399089
operetta,2,12.463466240788485,6.231733120394242
comprising,1,12.463271880478846,12.463271880478846
homogeneous,1,12.463132810591445,12.463132810591445
macpherson,1,12.46215643139498,12.46215643139498
strewn,1,12.461877043657353,12.461877043657353
rude,1,12.461288535462243,12.461288535462243
overweight,1,12.461288534962243,12.461288534962243
librarian,1,12.461288534962243,12.461288534962243
sextet,1,12.459000195213543,12.459000195213543
nineteen,1,12.457545907269662,12.457545907269662
geology,1,12.457041330728211,12.457041330728211
insuring,1,12.455187764578888,12.455187764578888
quarreling,1,12.455187764578888,12.455187764578888
striving,1,12.454006428699723,12.454006428699723
mat,1,12.453563066351885,12.453563066351885
coolly,1,12.451764273627367,12.451764273627367
actor,2,12.449567124619126,6.224783562309563
brotherhood,1,12.449409561017935,12.449409561017935
intently,1,12.448534010336958,12.448534010336958
puny,1,12.446699979433479,12.446699979433479
identify,2,12.446662417472108,6.223331208736054
eminently,1,12.445572305046113,12.445572305046113
collectively,1,12.445572305046113,12.445572305046113
moons,1,12.444618810729654,12.444618810729654
centralization,1,12.44396415611366,12.44396415611366
sprouting,1,12.443349445861228,12.443349445861228
gaze,1,12.443239157420544,12.443239157420544
topography,1,12.44311633919132,12.44311633919132
prosodic,1,12.441727393112753,12.441727393112753
mist,1,12.441354038302944,12.441354038302944
inexperience,1,12.436838623410692,12.436838623410692
beckstrom,1,12.436838623410692,12.436838623410692
dramatize,1,12.436838623410692,12.436838623410692
dirksen,1,12.436838623410692,12.436838623410692
scarce,1,12.436446250069972,12.436446250069972
rhodes,1,12.435184390147455,12.435184390147455
boast,1,12.434662450985074,12.434662450985074
friendliness,1,12.434565322272173,12.434565322272173
producers,1,12.432279284768157,12.432279284768157
listener,1,12.43158459622408,12.43158459622408
neutrality,1,12.431090210499827,12.431090210499827
raucous,1,12.430854476315153,12.430854476315153
antonio,3,12.430801010215374,4.143600336738458
lilac,1,12.430505777102246,12.430505777102246
miracle,1,12.430323945389498,12.430323945389498
vickery,1,12.428870453761514,12.428870453761514
shrilly,1,12.428870453761514,12.428870453761514
innovations,1,12.42728733192687,12.42728733192687
rector,1,12.425735659400587,12.425735659400587
hopefully,1,12.424775753961416,12.424775753961416
blushed,1,12.424416106412135,12.424416106412135
ensembles,1,12.423980468467322,12.423980468467322
clapped,1,12.42267848518026,12.42267848518026
provocative,1,12.422301195507508,12.422301195507508
sailors,1,12.422301195507508,12.422301195507508
airplane,1,12.422301195507508,12.422301195507508
drives,1,12.422301195507508,12.422301195507508
drexel,1,12.422301195507508,12.422301195507508
fix,1,12.422301195507508,12.422301195507508
bravado,1,12.422301195507508,12.422301195507508
arches,1,12.422301195507508,12.422301195507508
frankness,1,12.420838283730916,12.420838283730916
gateway,1,12.41461548662598,12.41461548662598
unclean,1,12.414298378500646,12.414298378500646
swaggered,1,12.414298378500646,12.414298378500646
subconsciously,1,12.413589259193062,12.413589259193062
brands,1,12.411859109601645,12.411859109601645
disrupt,1,12.41127291477263,12.41127291477263
buttons,1,12.410886767969897,12.410886767969897
integrity,1,12.410084101773583,12.410084101773583
deductions,1,12.410073612803831,12.410073612803831
ledge,1,12.40785108653744,12.40785108653744
disillusionment,1,12.407714253794202,12.407714253794202
vinegar,1,12.406891550376072,12.406891550376072
agglutination,1,12.40574803634066,12.40574803634066
beauclerk,1,12.404048802254367,12.404048802254367
connecting,1,12.400738987885305,12.400738987885305
barcus,1,12.399882916888261,12.399882916888261
charcoal,1,12.399583774255497,12.399583774255497
traps,1,12.398324683367312,12.398324683367312
sands,1,12.398277495725276,12.398277495725276
topics,1,12.397983139158429,12.397983139158429
bias,1,12.397973935280426,12.397973935280426
premises,1,12.39761791275741,12.39761791275741
shaky,1,12.397484734721868,12.397484734721868
patriot,1,12.39698726059762,12.39698726059762
pretended,1,12.394217421564973,12.394217421564973
trustees,1,12.394184899523625,12.394184899523625
conferred,1,12.394152244679278,12.394152244679278
retrieved,1,12.393989420114758,12.393989420114758
holdings,1,12.3936084434598,12.3936084434598
sipping,1,12.39322964666095,12.39322964666095
lowering,1,12.393148291601571,12.393148291601571
lengthening,1,12.393135094966947,12.393135094966947
arnold,1,12.391691454686427,12.391691454686427
invariant,1,12.391569592639838,12.391569592639838
tricks,1,12.391457289831234,12.391457289831234
viscosity,1,12.391457289831234,12.391457289831234
gracious,1,12.391457289831234,12.391457289831234
squeezing,1,12.390302655325302,12.390302655325302
outlived,1,12.389629487238578,12.389629487238578
antique,1,12.38871283754352,12.38871283754352
disadvantage,1,12.388048460907926,12.388048460907926
fingerprint,1,12.388048460907926,12.388048460907926
ideologies,1,12.38804845924126,12.38804845924126
impudent,1,12.38804845924126,12.38804845924126
tomato,1,12.38804845924126,12.38804845924126
unheard,1,12.38804845924126,12.38804845924126
intensities,1,12.38804845924126,12.38804845924126
domes,1,12.387133549427515,12.387133549427515
venus,1,12.386292535538994,12.386292535538994
pipes,1,12.386292535538994,12.386292535538994
earthquakes,1,12.386292535538994,12.386292535538994
manpower,1,12.384871040630365,12.384871040630365
puncher,1,12.384753563344406,12.384753563344406
perennial,1,12.384478908477742,12.384478908477742
propagandist,1,12.38441869119068,12.38441869119068
beef,2,12.38172985351431,6.190864926757155
redundancy,1,12.381202696982536,12.381202696982536
stiffly,1,12.379308390146834,12.379308390146834
forge,1,12.37634396843868,12.37634396843868
obscured,1,12.376072271194543,12.376072271194543
wits,1,12.375297595467844,12.375297595467844
narratives,1,12.373607775086464,12.373607775086464
revelations,1,12.37310687924306,12.37310687924306
glamour,1,12.372331045012515,12.372331045012515
courtenay,1,12.37230010227312,12.37230010227312
affecting,1,12.371241342591544,12.371241342591544
remind,1,12.36810131616551,12.36810131616551
endure,1,12.367931318748326,12.367931318748326
graveyard,1,12.36720027112457,12.36720027112457
photograph,1,12.36718781557952,12.36718781557952
triumphant,1,12.366995051710093,12.366995051710093
profoundly,1,12.366036184194668,12.366036184194668
banished,1,12.365289782499898,12.365289782499898
borough,1,12.365289781166567,12.365289781166567
bending,1,12.365289781166567,12.365289781166567
accelerate,1,12.365289781166567,12.365289781166567
expressway,1,12.36399446417148,12.36399446417148
mediocre,1,12.36251405426139,12.36251405426139
baseman,1,12.360649485053145,12.360649485053145
ambivalence,1,12.359877584774562,12.359877584774562
lurid,1,12.359877582274562,12.359877582274562
skirt,1,12.35903043798003,12.35903043798003
repel,1,12.358922626045961,12.358922626045961
dramas,1,12.356608313861413,12.356608313861413
unsinkable,1,12.356299762593345,12.356299762593345
moderates,1,12.356299762593345,12.356299762593345
unnecessary,1,12.355951104554263,12.355951104554263
polished,1,12.354765295830962,12.354765295830962
reinforcements,1,12.354146907565578,12.354146907565578
articulate,1,12.353743868473924,12.353743868473924
arrange,1,12.353425279846661,12.353425279846661
proximity,1,12.35336290125337,12.35336290125337
ascertained,1,12.352686649963115,12.352686649963115
promotes,1,12.352686649963115,12.352686649963115
sod,1,12.35233037663918,12.35233037663918
editorials,1,12.352146592368532,12.352146592368532
plucked,1,12.351680815070385,12.351680815070385
newman,1,12.349827249421061,12.349827249421061
marie,1,12.349827248921061,12.349827248921061
jockey,1,12.349827248921061,12.349827248921061
tame,1,12.349621084607374,12.349621084607374
un,1,12.345815699189416,12.345815699189416
prosperous,1,12.34534977543506,12.34534977543506
pelts,1,12.34404904536011,12.34404904536011
pasadena,1,12.34404904536011,12.34404904536011
electrostatic,1,12.34404904536011,12.34404904536011
psychic,1,12.343842366736764,12.343842366736764
molesworth,1,12.34350549980586,12.34350549980586
prevailed,1,12.34350549980586,12.34350549980586
album,1,12.34350549980586,12.34350549980586
affectionate,1,12.343173494679133,12.343173494679133
eternity,1,12.342019525352526,12.342019525352526
quivering,1,12.342019525352526,12.342019525352526
usable,1,12.342019525352526,12.342019525352526
pension,1,12.340288480294483,12.340288480294483
tappets,1,12.34008437451663,12.34008437451663
upside,1,12.339976431290602,12.339976431290602
summoned,1,12.339274722398352,12.339274722398352
liquidation,2,12.339205570009703,6.169602785004852
glistening,1,12.338603640455833,12.338603640455833
seaboard,1,12.338603640455833,12.338603640455833
bodybuilder,1,12.338603640455833,12.338603640455833
preamble,1,12.338603640455833,12.338603640455833
forbes,1,12.33750237194099,12.33750237194099
burke,1,12.337404729422504,12.337404729422504
centrifuged,1,12.336628218890267,12.336628218890267
partially,1,12.336201127860047,12.336201127860047
pointer,1,12.335780030695503,12.335780030695503
interruption,1,12.333123060970786,12.333123060970786
surveillance,1,12.332198258661101,12.332198258661101
interdependent,1,12.332127672321661,12.332127672321661
simms,2,12.331269780880689,6.165634890440344
cowboys,1,12.330890045401311,12.330890045401311
warrants,1,12.33061448760857,12.33061448760857
examining,1,12.329844972538199,12.329844972538199
lengthy,1,12.329307796251637,12.329307796251637
absolutes,1,12.323509938103689,12.323509938103689
unlined,1,12.323509938103689,12.323509938103689
jargon,1,12.323509938103689,12.323509938103689
buster,1,12.323509938103689,12.323509938103689
untrammeled,1,12.323509938103689,12.323509938103689
programmed,1,12.323509938103689,12.323509938103689
gavin,1,12.323187366171991,12.323187366171991
twitched,1,12.3211377556253,12.3211377556253
illuminated,1,12.320186741986923,12.320186741986923
peacetime,1,12.31954055381619,12.31954055381619
wedge,1,12.319055589420975,12.319055589420975
dominate,1,12.316940679849681,12.316940679849681
aaron,1,12.316940679849681,12.316940679849681
exchanged,1,12.316940679849681,12.316940679849681
wales,1,12.316940679849681,12.316940679849681
sadness,1,12.316940679849681,12.316940679849681
embroidered,1,12.316449901192962,12.316449901192962
bronze,1,12.314496249111773,12.314496249111773
rains,1,12.312460104417102,12.312460104417102
argiento,1,12.31230030104318,12.31230030104318
identifying,1,12.311675480456685,12.311675480456685
baton,1,12.311302981873638,12.311302981873638
unsatisfactory,1,12.311302981873638,12.311302981873638
dictates,1,12.311302981873638,12.311302981873638
quote,1,12.311243683884863,12.311243683884863
vaughan,1,12.311087418105132,12.311087418105132
investigator,1,12.311087418105132,12.311087418105132
southpaw,1,12.311087418105132,12.311087418105132
gee,1,12.310889380361308,12.310889380361308
reminder,1,12.310030757450368,12.310030757450368
twenties,1,12.309807525029191,12.309807525029191
telegram,1,12.30800575323439,12.30800575323439
edwards,1,12.308005751567723,12.308005751567723
del,1,12.307509599257246,12.307509599257246
bundles,1,12.306557400700047,12.306557400700047
frustration,1,12.306299481729022,12.306299481729022
corpse,1,12.306148324347744,12.306148324347744
souls,1,12.305818302021363,12.305818302021363
midway,1,12.304831353384248,12.304831353384248
investigating,1,12.3029220994474,12.3029220994474
plates,2,12.302668380825093,6.1513341904125465
sexuality,1,12.302289709068269,12.302289709068269
significantly,1,12.301687760694213,12.301687760694213
endured,1,12.301381916034545,12.301381916034545
planks,1,12.301037082251629,12.301037082251629
retribution,1,12.301037082251629,12.301037082251629
define,1,12.297555635074866,12.297555635074866
observable,1,12.297076681035533,12.297076681035533
assented,1,12.297076681035533,12.297076681035533
fiasco,1,12.296488620350646,12.296488620350646
fever,1,12.294107390449843,12.294107390449843
feedback,1,12.29327005291397,12.29327005291397
fortified,1,12.2932603391199,12.2932603391199
othon,1,12.29291698006745,12.29291698006745
archbishop,1,12.292274672187801,12.292274672187801
dearly,1,12.292124219064041,12.292124219064041
wonderfully,1,12.291132034913147,12.291132034913147
famed,1,12.290626347900456,12.290626347900456
questionable,1,12.2904336032528,12.2904336032528
blamed,1,12.2886289041236,12.2886289041236
marines,1,12.287353260866372,12.287353260866372
analysts,1,12.287219939198488,12.287219939198488
vigorous,1,12.28715346606458,12.28715346606458
portuguese,1,12.28709020238468,12.28709020238468
resigned,1,12.28649965468178,12.28649965468178
pretense,1,12.285943076513353,12.285943076513353
bede,1,12.285892517178212,12.285892517178212
bloodshed,1,12.285769610120841,12.285769610120841
warsaw,1,12.284654164036976,12.284654164036976
fearfully,1,12.2826879452501,12.2826879452501
lena,1,12.282687943583433,12.282687943583433
hygiene,1,12.282687943583433,12.282687943583433
rugs,1,12.282687943583433,12.282687943583433
bulletins,1,12.282687943583433,12.282687943583433
minnie,1,12.282687943583433,12.282687943583433
comprises,1,12.282687943583433,12.282687943583433
centralized,1,12.281785410675031,12.281785410675031
cooperating,1,12.280932019881169,12.280932019881169
occurrence,2,12.28013291708019,6.140066458540095
sauce,1,12.279290866310795,12.279290866310795
conspicuous,1,12.278828969184389,12.278828969184389
excerpt,1,12.278481349555465,12.278481349555465
ok,1,12.27829759778214,12.27829759778214
singly,1,12.278020814704353,12.278020814704353
capitalism,1,12.275748829281397,12.275748829281397
scraps,1,12.273168183242838,12.273168183242838
mentally,1,12.272754259302518,12.272754259302518
pouring,1,12.272335986150408,12.272335986150408
lunged,1,12.270265425251543,12.270265425251543
smash,1,12.270265425251543,12.270265425251543
depletion,1,12.26897593442167,12.26897593442167
lucian,1,12.268701704108693,12.268701704108693
mulch,1,12.268640730857873,12.268640730857873
communicating,1,12.268438319145567,12.268438319145567
uniformity,1,12.267088004557314,12.267088004557314
smiles,1,12.267088004557314,12.267088004557314
susceptible,1,12.266212454376337,12.266212454376337
seating,1,12.265048288974254,12.265048288974254
monei,1,12.264505627000242,12.264505627000242
contended,1,12.264055276501962,12.264055276501962
malraux,1,12.263326309421728,12.263326309421728
boots,1,12.262447626042478,12.262447626042478
geographic,1,12.262168216352256,12.262168216352256
virtual,1,12.261140198307153,12.261140198307153
workouts,1,12.260709036864657,12.260709036864657
kent,1,12.2557639533213,12.2557639533213
wasteful,1,12.254517069116737,12.254517069116737
ceramics,1,12.254517066616737,12.254517066616737
unafraid,1,12.254517066616737,12.254517066616737
accented,1,12.254517066616737,12.254517066616737
touchdown,1,12.250724270044707,12.250724270044707
norman,1,12.249404780062026,12.249404780062026
apocalyptic,1,12.249287018866351,12.249287018866351
feathered,1,12.24705779096891,12.24705779096891
photographer,1,12.246548898634225,12.246548898634225
highways,1,12.24550337776371,12.24550337776371
choreographic,1,12.244947615600585,12.244947615600585
awkward,1,12.244621442612512,12.244621442612512
warping,1,12.243467230430152,12.243467230430152
assets,1,12.243189198912011,12.243189198912011
speeches,1,12.24221488556012,12.24221488556012
poking,1,12.242094548284847,12.242094548284847
needle,2,12.241846980311195,6.120923490155597
nashville,1,12.241836184564358,12.241836184564358
moderately,1,12.24144498671605,12.24144498671605
approximation,1,12.241243846404533,12.241243846404533
resented,1,12.240583621723355,12.240583621723355
subsidized,1,12.240128330831304,12.240128330831304
blowing,1,12.240070153324181,12.240070153324181
trooper,1,12.239979639046886,12.239979639046886
sullen,1,12.239979639046886,12.239979639046886
discriminating,1,12.239979639046886,12.239979639046886
dense,1,12.239979639046886,12.239979639046886
pamphlets,1,12.239979639046886,12.239979639046886
dependable,1,12.239979639046886,12.239979639046886
satire,1,12.239979639046886,12.239979639046886
dialect,1,12.239979639046886,12.239979639046886
vocabulary,1,12.239232755776827,12.239232755776827
doctrines,1,12.23791797420034,12.23791797420034
vigilance,1,12.236498562780724,12.236498562780724
esteem,1,12.234365135735564,12.234365135735564
chilled,1,12.233897782414001,12.233897782414001
musicianship,1,12.233897779414,12.233897779414
inferences,1,12.23363977377624,12.23363977377624
splinter,1,12.233243124798006,12.233243124798006
reds,1,12.233243124798006,12.233243124798006
generator,1,12.23268461353335,12.23268461353335
violating,1,12.23069982504535,12.23069982504535
stacked,1,12.230677246801239,12.230677246801239
unavoidable,1,12.23010706685563,12.23010706685563
wreck,1,12.228625224140771,12.228625224140771
amusement,1,12.226445034244062,12.226445034244062
innocently,1,12.225529529743485,12.225529529743485
spoon,1,12.225268968492761,12.225268968492761
adventure,1,12.224569993998784,12.224569993998784
genesis,1,12.224399911181779,12.224399911181779
virginity,1,12.224399911181779,12.224399911181779
vacant,1,12.223974634384053,12.223974634384053
adaptations,1,12.223894209402754,12.223894209402754
reconstruction,1,12.222494152448958,12.222494152448958
achieving,1,12.22166302298931,12.22166302298931
strict,1,12.220115643470832,12.220115643470832
treatments,1,12.219831512378846,12.219831512378846
booked,1,12.219265574113436,12.219265574113436
neglecting,1,12.218972130863992,12.218972130863992
cherry,1,12.218149425445862,12.218149425445862
celery,1,12.218149422445862,12.218149422445862
twitch,1,12.218149422445862,12.218149422445862
overhauling,1,12.218149422445862,12.218149422445862
specialties,1,12.217561362594306,12.217561362594306
unrest,1,12.215579982687926,12.215579982687926
excellently,1,12.214776739633889,12.214776739633889
illusions,1,12.214310648638696,12.214310648638696
disappear,1,12.213923672984816,12.213923672984816
correspondence,1,12.213207467161086,12.213207467161086
whistled,1,12.213107012744928,12.213107012744928
childishness,1,12.211716000754725,12.211716000754725
flowering,1,12.211701798229075,12.211701798229075
addressing,1,12.211667863320805,12.211667863320805
drifting,1,12.209135733453946,12.209135733453946
warmly,1,12.20799191241149,12.20799191241149
gorgeous,1,12.20724474029474,12.20724474029474
accounted,1,12.205726904947305,12.205726904947305
greetings,1,12.205726904947305,12.205726904947305
locale,1,12.205726902447305,12.205726902447305
cryptic,1,12.205726902447305,12.205726902447305
hopping,1,12.205726902447305,12.205726902447305
seduction,1,12.205726902447305,12.205726902447305
ecstatic,1,12.205726902447305,12.205726902447305
sadism,1,12.205726902447305,12.205726902447305
coefficients,1,12.205726902447305,12.205726902447305
gillespie,1,12.205726902447305,12.205726902447305
qualify,1,12.20483270183912,12.20483270183912
differential,1,12.20254948383641,12.20254948383641
sidewalks,1,12.202073264682392,12.202073264682392
prevalent,1,12.200787808689917,12.200787808689917
waved,1,12.198726261509075,12.198726261509075
plotted,1,12.198440470910604,12.198440470910604
strolled,1,12.198307629598029,12.198307629598029
bat,1,12.19799591277937,12.19799591277937
tyranny,1,12.197923331638375,12.197923331638375
merchandise,1,12.196111771566684,12.196111771566684
keyboard,1,12.195676566593804,12.195676566593804
membrane,1,12.19521680248113,12.19521680248113
tolerated,1,12.194210462885746,12.194210462885746
crisp,1,12.193750714733921,12.193750714733921
divorced,1,12.193664033569458,12.193664033569458
cumulative,1,12.193135392246393,12.193135392246393
grits,1,12.192465408351316,12.192465408351316
pawnshop,1,12.191439487732502,12.191439487732502
praised,1,12.191167651474116,12.191167651474116
kissing,1,12.190459432816516,12.190459432816516
forgive,2,12.189939599476011,6.0949697997380055
jets,1,12.187377763779107,12.187377763779107
bloom,1,12.186789704998983,12.186789704998983
apportionment,1,12.185498881494546,12.185498881494546
hostility,1,12.185045591856165,12.185045591856165
respectful,1,12.18271012689959,12.18271012689959
pins,1,12.181992745708547,12.181992745708547
indignant,1,12.181568785932884,12.181568785932884
frustrate,1,12.181378146739139,12.181378146739139
dispelled,1,12.18129435092455,12.18129435092455
slack,1,12.180236529976431,12.180236529976431
optimism,1,12.17813579540783,12.17813579540783
formosa,1,12.177762632898487,12.177762632898487
alignment,1,12.17693740665121,12.17693740665121
grudgingly,1,12.175715827031265,12.175715827031265
survived,1,12.174474362276534,12.174474362276534
inning,1,12.173098443159812,12.173098443159812
singing,1,12.172689069691893,12.172689069691893
pipe,1,12.171299960938297,12.171299960938297
muffled,1,12.171299960938295,12.171299960938295
additions,1,12.171299960938295,12.171299960938295
clicked,1,12.17115615255907,12.17115615255907
linen,1,12.170831529596688,12.170831529596688
reflections,1,12.170809462900404,12.170809462900404
doubted,1,12.170340183359288,12.170340183359288
tangents,1,12.169592484508934,12.169592484508934
terrific,1,12.169575577106134,12.169575577106134
radii,1,12.169447496770799,12.169447496770799
attends,1,12.16923579636489,12.16923579636489
predicting,1,12.16782763235632,12.16782763235632
perched,1,12.166430512839877,12.166430512839877
hez,1,12.166324357081276,12.166324357081276
pictorial,1,12.166061648554873,12.166061648554873
sometime,1,12.165493156781332,12.165493156781332
jist,1,12.164904909593716,12.164904909593716
founding,1,12.162853580499444,12.162853580499444
variant,1,12.162774953919207,12.162774953919207
mistakes,1,12.162566739231258,12.162566739231258
slumped,1,12.162416523680792,12.162416523680792
lethargy,1,12.16205184061131,12.16205184061131
barren,1,12.161727488899489,12.161727488899489
gestures,1,12.161183943345238,12.161183943345238
transposed,1,12.158618826127524,12.158618826127524
pint,1,12.157936241610956,12.157936241610956
gyp,1,12.156936741277873,12.156936741277873
diminishing,1,12.156609890815682,12.156609890815682
anxiously,1,12.155243000348646,12.155243000348646
adulthood,1,12.153558809760158,12.153558809760158
grocery,1,12.152621116044896,12.152621116044896
accord,1,12.152238219162985,12.152238219162985
cubans,1,12.151659682843695,12.151659682843695
dissuade,1,12.150911379976506,12.150911379976506
banker,1,12.150279355510985,12.150279355510985
nothingness,1,12.15009097601915,12.15009097601915
gnp,1,12.15009097601915,12.15009097601915
trusted,1,12.149650306979268,12.149650306979268
inspections,1,12.14915655095891,12.14915655095891
overt,1,12.14863793879651,12.14863793879651
drunkenness,1,12.148568490274023,12.148568490274023
persists,1,12.147994438278733,12.147994438278733
synonymous,1,12.14653803272364,12.14653803272364
dizzy,1,12.146120128323792,12.146120128323792
picturesque,1,12.145014899304538,12.145014899304538
accumulated,1,12.144960550802585,12.144960550802585
cunning,1,12.14397834470454,12.14397834470454
unexpectedly,1,12.143902524188965,12.143902524188965
denying,1,12.143734368273831,12.143734368273831
glistened,1,12.143449974592457,12.143449974592457
plug,1,12.143134565386873,12.143134565386873
pulse,1,12.142485977437369,12.142485977437369
owes,1,12.141965618647463,12.141965618647463
dixieland,1,12.141751602952333,12.141751602952333
engages,1,12.141188384643067,12.141188384643067
affords,1,12.141188383809734,12.141188383809734
cracks,1,12.1411883829764,12.1411883829764
inference,1,12.140774443497358,12.140774443497358
intensely,1,12.139260926954686,12.139260926954686
consumers,1,12.138766300478286,12.138766300478286
attempting,1,12.138224904000692,12.138224904000692
bleak,1,12.137828683254185,12.137828683254185
attendance,1,12.136847098910234,12.136847098910234
spacing,1,12.136843490038288,12.136843490038288
yelling,1,12.136145971108798,12.136145971108798
considerate,1,12.135873076913056,12.135873076913056
shielding,1,12.135213119786313,12.135213119786313
reviews,1,12.13461912338906,12.13461912338906
appreciate,1,12.13461912338906,12.13461912338906
liberated,1,12.13461912338906,12.13461912338906
uneasily,1,12.133972538688415,12.133972538688415
delicacy,1,12.13315621211247,12.13315621211247
tides,1,12.132584649080208,12.132584649080208
cellulose,1,12.131946094584245,12.131946094584245
premiere,1,12.130985619716157,12.130985619716157
tomas,1,12.130219351605826,12.130219351605826
serge,1,12.127504033990753,12.127504033990753
lace,1,12.126683698106852,12.126683698106852
bidding,1,12.126265711330007,12.126265711330007
errand,1,12.126265711330007,12.126265711330007
tweed,1,12.126265711330007,12.126265711330007
photographers,1,12.125684197273769,12.125684197273769
sonofabitch,1,12.124399910418575,12.124399910418575
incentives,1,12.12234529517492,12.12234529517492
teachings,1,12.116381803778122,12.116381803778122
intellectually,1,12.113786981756526,12.113786981756526
chapters,1,12.113338100297574,12.113338100297574
dreamed,1,12.112000013645158,12.112000013645158
legendary,1,12.111752484819585,12.111752484819585
borne,1,12.111442607696699,12.111442607696699
woe,1,12.106610127555344,12.106610127555344
smoked,1,12.106448246839031,12.106448246839031
marker,1,12.106293007125783,12.106293007125783
ole,1,12.10502840239529,12.10502840239529
loosen,1,12.104391364341614,12.104391364341614
conversion,2,12.10383069755558,6.05191534877779
gods,2,12.102983781393352,6.051491890696676
attributes,1,12.10248728169195,12.10248728169195
hamburger,1,12.10083909128729,12.10083909128729
convent,1,12.10069892656362,12.10069892656362
monetary,1,12.100366389289478,12.100366389289478
schaefer,1,12.100366388456145,12.100366388456145
northward,1,12.100366388456145,12.100366388456145
cutter,1,12.100366388456145,12.100366388456145
diminishes,1,12.100366386789478,12.100366386789478
mystique,1,12.100366386789478,12.100366386789478
aviator,1,12.100366386789478,12.100366386789478
advocacy,1,12.100366386789478,12.100366386789478
overtures,1,12.100366386789478,12.100366386789478
savages,1,12.100366386789478,12.100366386789478
accusations,1,12.100366386789478,12.100366386789478
calibers,1,12.100366386789478,12.100366386789478
triamcinolone,1,12.100366386789478,12.100366386789478
keo,1,12.100366386789478,12.100366386789478
contingent,1,12.100366386789478,12.100366386789478
diversions,1,12.100366386789478,12.100366386789478
fingered,1,12.100366386789478,12.100366386789478
bayonets,1,12.100366386789478,12.100366386789478
pebbles,1,12.100366386789478,12.100366386789478
fairy,1,12.100366386789478,12.100366386789478
coughing,1,12.100366386789478,12.100366386789478
parisian,1,12.100366386789478,12.100366386789478
rocker,1,12.100366386789478,12.100366386789478
empires,1,12.100366386789478,12.100366386789478
chimneys,1,12.100366386789478,12.100366386789478
jurists,1,12.100366386789478,12.100366386789478
schooner,1,12.100366386789478,12.100366386789478
torsos,1,12.100366386789478,12.100366386789478
shortsighted,1,12.100366386789478,12.100366386789478
highball,1,12.100366386789478,12.100366386789478
resolves,1,12.100366386789478,12.100366386789478
mom,1,12.100366386789478,12.100366386789478
praisegod,1,12.100366386789478,12.100366386789478
integrals,1,12.100366386789478,12.100366386789478
dependency,1,12.100366386789478,12.100366386789478
nurses,1,12.100366386789478,12.100366386789478
convulsively,1,12.100366386789478,12.100366386789478
foibles,1,12.100366386789478,12.100366386789478
overlapping,1,12.100366386789478,12.100366386789478
ronnie,1,12.100366386789478,12.100366386789478
computers,1,12.100366386789478,12.100366386789478
veneration,1,12.100366386789478,12.100366386789478
gravely,1,12.098892239291025,12.098892239291025
disguised,1,12.096645422624333,12.096645422624333
ordinance,1,12.096159793594843,12.096159793594843
markets,1,12.096098229393405,12.096098229393405
conducting,1,12.095689527015844,12.095689527015844
sharpened,1,12.095437842254995,12.095437842254995
feared,1,12.095407867331982,12.095407867331982
scornful,1,12.092931409968626,12.092931409968626
schizophrenic,1,12.092784651153515,12.092784651153515
incite,1,12.092695324578422,12.092695324578422
drunken,1,12.092067586974784,12.092067586974784
soberly,1,12.091555758773989,12.091555758773989
restatement,1,12.089505525664995,12.089505525664995
productions,1,12.087943869790921,12.087943869790921
stealing,1,12.087943869790921,12.087943869790921
profitably,1,12.087943868457588,12.087943868457588
suffocating,1,12.087943868457588,12.087943868457588
treason,1,12.08607713997612,12.08607713997612
consciously,1,12.086075640946719,12.086075640946719
sunrise,1,12.085828959457723,12.085828959457723
congregational,1,12.085828959457723,12.085828959457723
buns,1,12.085828959457723,12.085828959457723
tougher,1,12.084762525527735,12.084762525527735
helper,1,12.084648972560736,12.084648972560736
whites,1,12.084567552077646,12.084567552077646
bowed,1,12.08408489322521,12.08408489322521
formulated,1,12.083668532273853,12.083668532273853
competently,1,12.083124582854973,12.083124582854973
committeemen,1,12.082310050739332,12.082310050739332
replaces,1,12.0819992280698,12.0819992280698
hymns,1,12.079685076198338,12.079685076198338
choir,1,12.079685076198338,12.079685076198338
foes,1,12.079159039735188,12.079159039735188
superseded,1,12.07889403293767,12.07889403293767
attributed,1,12.078620170939553,12.078620170939553
counters,1,12.077607709548118,12.077607709548118
despotism,1,12.077607709548118,12.077607709548118
recognizes,1,12.075933835266722,12.075933835266722
humphrey,1,12.074390902052885,12.074390902052885
exterior,1,12.073611865723798,12.073611865723798
sonata,1,12.072967415601363,12.072967415601363
lacks,1,12.072195512322782,12.072195512322782
dismiss,1,12.071240554427513,12.071240554427513
conjugate,1,12.069925364621575,12.069925364621575
chord,1,12.06992536295491,12.06992536295491
trapped,1,12.069075385486538,12.069075385486538
dimension,1,12.069069338630307,12.069069338630307
betrayed,1,12.067399340892623,12.067399340892623
cherished,1,12.067083223545849,12.067083223545849
stunning,1,12.066464836780463,12.066464836780463
dialectic,1,12.065824286681407,12.065824286681407
exotic,1,12.065275069978208,12.065275069978208
barre,1,12.064905079060102,12.064905079060102
conclusive,1,12.064667565481207,12.064667565481207
salutary,1,12.064218181921037,12.064218181921037
attire,1,12.064209710052163,12.064209710052163
herford,1,12.063998745118603,12.063998745118603
heir,1,12.063279733503698,12.063279733503698
obeyed,1,12.06325125670055,12.06325125670055
ecclesiastical,1,12.06282896705749,12.06282896705749
recalls,1,12.06126386242012,12.06126386242012
creations,1,12.060544894269473,12.060544894269473
bargaining,1,12.059673436424093,12.059673436424093
prose,1,12.0576580826696,12.0576580826696
impersonal,1,12.056084313765261,12.056084313765261
polls,1,12.055823427687411,12.055823427687411
generalizations,1,12.055317392613617,12.055317392613617
orthography,1,12.055123982652647,12.055123982652647
spotlight,1,12.055123982652647,12.055123982652647
imaginary,1,12.055120227672473,12.055120227672473
oxford,1,12.054879916531227,12.054879916531227
sunset,1,12.053516925420801,12.053516925420801
derivation,1,12.051576224286713,12.051576224286713
logic,1,12.049722657859611,12.049722657859611
fuller,1,12.049722657304057,12.049722657304057
wider,1,12.048734084801895,12.048734084801895
lush,1,12.048061740745004,12.048061740745004
howe,1,12.047855258454902,12.047855258454902
lemon,1,12.047725176916344,12.047725176916344
spacious,1,12.047712657353946,12.047712657353946
unnatural,1,12.047712657353946,12.047712657353946
prisoner,1,12.047666492982877,12.047666492982877
piping,1,12.045762255254626,12.045762255254626
frustrations,1,12.045103709781095,12.045103709781095
lather,1,12.044730460361324,12.044730460361324
assent,1,12.044276921805102,12.044276921805102
fundamentalist,1,12.043737775953092,12.043737775953092
monk,1,12.04320797694953,12.04320797694953
clippings,1,12.043207974616196,12.043207974616196
hysteria,1,12.042407974119149,12.042407974119149
adjunct,1,12.041658787629366,12.041658787629366
councils,1,12.041423853656028,12.041423853656028
guild,1,12.041423852822694,12.041423852822694
secretarial,1,12.041423852822694,12.041423852822694
squad,1,12.041298991770265,12.041298991770265
sterilization,1,12.040526388933461,12.040526388933461
nutmeg,1,12.038698921939133,12.038698921939133
wolves,1,12.038698921939133,12.038698921939133
accuracy,1,12.037953390040862,12.037953390040862
posted,1,12.036944017736149,12.036944017736149
rococo,1,12.036451192153317,12.036451192153317
stalin,1,12.03550529399799,12.03550529399799
va,1,12.035302150885208,12.035302150885208
ginning,1,12.03512110059125,12.03512110059125
wins,1,12.034878368342516,12.034878368342516
guessed,1,12.034012076694367,12.034012076694367
recording,1,12.03393101643728,12.03393101643728
vaguely,1,12.030854903897703,12.030854903897703
cooler,1,12.029346307193517,12.029346307193517
slash,1,12.027430323205484,12.027430323205484
digging,1,12.023405348986683,12.023405348986683
maneuver,1,12.023405347320017,12.023405347320017
hatch,1,12.023405347320017,12.023405347320017
foreman,1,12.023405347320017,12.023405347320017
seller,1,12.02090682624078,12.02090682624078
applicant,1,12.0188753290816,12.0188753290816
awed,1,12.018429484572897,12.018429484572897
gasping,1,12.017520720707552,12.017520720707552
ratification,1,12.017135735139755,12.017135735139755
youths,1,12.015286834975857,12.015286834975857
responsiveness,1,12.014671667351262,12.014671667351262
clash,1,12.014671667351262,12.014671667351262
undefined,1,12.013835896303865,12.013835896303865
dc,1,12.013355011466516,12.013355011466516
flashlight,1,12.012535675916446,12.012535675916446
missions,1,12.011476778878984,12.011476778878984
bravery,1,12.011021288120295,12.011021288120295
scots,1,12.010722781348635,12.010722781348635
uncertain,1,12.010621940132948,12.010621940132948
terrifying,1,12.009990041169658,12.009990041169658
stalked,1,12.008124152418231,12.008124152418231
automobiles,1,12.006584549798266,12.006584549798266
nostalgic,1,12.005633978729106,12.005633978729106
peculiarities,1,12.005056208651819,12.005056208651819
garlic,1,12.005056208651819,12.005056208651819
scout,1,12.004721509200005,12.004721509200005
predictable,1,12.004442148278928,12.004442148278928
pigment,1,12.003490038452409,12.003490038452409
justly,1,12.003490038452409,12.003490038452409
reluctantly,1,12.00293407681159,12.00293407681159
urging,1,12.002751531217687,12.002751531217687
lesson,1,12.000962045296118,12.000962045296118
dylan,1,12.00093249337272,12.00093249337272
drains,1,12.000932491467958,12.000932491467958
subservient,1,11.999408129932899,11.999408129932899
fragrant,1,11.999408129932899,11.999408129932899
disarmed,1,11.999408129932899,11.999408129932899
tony,1,11.998414702138295,11.998414702138295
gin,1,11.997755071815396,11.997755071815396
ptolemy,1,11.995005874131651,11.995005874131651
emphasized,1,11.99469345758644,11.99469345758644
installment,1,11.993260644184142,11.993260644184142
utopian,1,11.992116586667017,11.992116586667017
ambulance,1,11.991317032768515,11.991317032768515
incorporated,1,11.990329011358018,11.990329011358018
chronic,1,11.989003922269351,11.989003922269351
charging,1,11.987202300322723,11.987202300322723
luis,1,11.987202300322723,11.987202300322723
vein,1,11.986899955039382,11.986899955039382
kick,1,11.986818217599147,11.986818217599147
fluent,1,11.98650776226366,11.98650776226366
continental,1,11.985992182278626,11.985992182278626
practitioners,1,11.985627496514324,11.985627496514324
herbert,1,11.98275017460699,11.98275017460699
complexion,1,11.982583354133094,11.982583354133094
raked,1,11.982583352799761,11.982583352799761
greasy,1,11.982583352799761,11.982583352799761
baths,1,11.982583352799761,11.982583352799761
disability,1,11.982583352799761,11.982583352799761
jensen,1,11.982583352799761,11.982583352799761
informally,1,11.982583352799761,11.982583352799761
stripe,1,11.982583352799761,11.982583352799761
sniffed,1,11.981640155963442,11.981640155963442
investors,1,11.980468443799898,11.980468443799898
sings,1,11.980468443799898,11.980468443799898
childish,1,11.980468443799898,11.980468443799898
skipped,1,11.980313206169985,11.980313206169985
scenic,1,11.9794059325222,11.9794059325222
clusters,1,11.979288456902909,11.979288456902909
demographic,1,11.979147461659439,11.979147461659439
alternatives,1,11.97872437798405,11.97872437798405
simplified,1,11.978122625375079,11.978122625375079
totaling,1,11.977764067197146,11.977764067197146
meats,1,11.977376412514616,11.977376412514616
torrent,1,11.976218834885119,11.976218834885119
prejudiced,1,11.974615183150584,11.974615183150584
marcus,1,11.973786816337093,11.973786816337093
spectral,1,11.973614682817,11.973614682817
desegregated,1,11.972112052932466,11.972112052932466
olympic,1,11.971676714992437,11.971676714992437
militant,1,11.971676714992437,11.971676714992437
vowel,1,11.971676714992437,11.971676714992437
legion,1,11.967343255054763,11.967343255054763
slowed,2,11.966571800001146,5.983285900000573
motivated,1,11.966016907650044,11.966016907650044
sinking,1,11.965880038769686,11.965880038769686
yuri,1,11.964564848130417,11.964564848130417
businessman,1,11.964118520250004,11.964118520250004
notions,1,11.964015879100955,11.964015879100955
hyde,1,11.96316526694266,11.96316526694266
sprayed,1,11.961903148895557,11.961903148895557
blew,1,11.96049892411169,11.96049892411169
caring,1,11.959824674391735,11.959824674391735
swam,1,11.958866827015779,11.958866827015779
bruised,1,11.958849194394336,11.958849194394336
uptown,1,11.957265544815472,11.957265544815472
vividly,1,11.955507126876897,11.955507126876897
toy,1,11.955141045546057,11.955141045546057
pious,1,11.95477212546568,11.95477212546568
debentures,1,11.954412475833065,11.954412475833065
preference,1,11.95424802652999,11.95424802652999
pitchers,1,11.95343695769446,11.95343695769446
bosses,1,11.95331297133298,11.95331297133298
platforms,1,11.95331297133298,11.95331297133298
subgroups,2,11.95302678229132,5.97651339114566
expended,1,11.952297567011772,11.952297567011772
prayed,1,11.952297567011772,11.952297567011772
limitation,1,11.951036159203124,11.951036159203124
reese,1,11.950979127886846,11.950979127886846
handstands,1,11.950979127886846,11.950979127886846
goodis,1,11.950979127886846,11.950979127886846
citing,1,11.950979127886846,11.950979127886846
giorgio,1,11.950979127886846,11.950979127886846
lastly,1,11.950979127886846,11.950979127886846
justices,1,11.950979127886846,11.950979127886846
django,1,11.950979127886846,11.950979127886846
um,1,11.950979127886846,11.950979127886846
dag,1,11.94896674283411,11.94896674283411
retarded,1,11.948181926915762,11.948181926915762
unstable,1,11.947665912086194,11.947665912086194
condensed,1,11.947584037769433,11.947584037769433
rebellion,1,11.946969561352486,11.946969561352486
offensive,1,11.946444307850555,11.946444307850555
bore,1,11.94518000842421,11.94518000842421
wealthy,1,11.944459783831384,11.944459783831384
congenial,1,11.943138400093181,11.943138400093181
whip,1,11.94230597732505,11.94230597732505
annoyed,1,11.940316057509241,11.940316057509241
tips,1,11.940069984308096,11.940069984308096
thurber,1,11.940023739214299,11.940023739214299
coercion,1,11.940023738380965,11.940023738380965
animated,1,11.940023738380965,11.940023738380965
turquoise,1,11.939369944703497,11.939369944703497
metabolite,1,11.938480763545549,11.938480763545549
olive,1,11.938480763545549,11.938480763545549
stroll,1,11.936522314828085,11.936522314828085
noel,1,11.93639397116372,11.93639397116372
straightening,1,11.933338406281308,11.933338406281308
java,1,11.933338406281308,11.933338406281308
drowning,1,11.93129005841221,11.93129005841221
squared,1,11.93129005841221,11.93129005841221
norm,1,11.930948238402861,11.930948238402861
prosperity,1,11.929824711298602,11.929824711298602
unreal,1,11.928095167515691,11.928095167515691
lanes,1,11.928095167515691,11.928095167515691
delivers,1,11.927523576950067,11.927523576950067
deegan,2,11.926425314145009,5.963212657072504
ratings,1,11.926413083237469,11.926413083237469
constituents,1,11.926131482334485,11.926131482334485
render,1,11.9260130026447,11.9260130026447
indulged,1,11.925424939793146,11.925424939793146
knuckles,1,11.924033929136277,11.924033929136277
gymnastic,1,11.923223507140642,11.923223507140642
anna,1,11.92291102298003,11.92291102298003
accelerated,1,11.922586045554722,11.922586045554722
weighed,1,11.920282772883976,11.920282772883976
kinship,1,11.918630402896541,11.918630402896541
reformation,1,11.918044832495523,11.918044832495523
iodide,1,11.918044832495523,11.918044832495523
heiser,1,11.918044832495523,11.918044832495523
bazaar,1,11.918044832495523,11.918044832495523
resin,1,11.91804483166219,11.91804483166219
bluff,1,11.915152138520217,11.915152138520217
clarify,1,11.914717043474278,11.914717043474278
kimmell,1,11.91406377599904,11.91406377599904
sesame,1,11.91406377599904,11.91406377599904
grazie,1,11.91406377599904,11.91406377599904
jerome,1,11.91406377599904,11.91406377599904
ultracentrifugation,1,11.91406377599904,11.91406377599904
karipo,1,11.91406377599904,11.91406377599904
sposato,1,11.91406377599904,11.91406377599904
traits,1,11.912493118028015,11.912493118028015
baked,1,11.910407533221075,11.910407533221075
rodgers,1,11.910012661298259,11.910012661298259
bacterial,2,11.90654713642731,5.953273568213655
showered,1,11.906068641448808,11.906068641448808
graduated,1,11.90460402061057,11.90460402061057
reserves,1,11.903446032241037,11.903446032241037
brightly,1,11.902044491149082,11.902044491149082
doubtless,1,11.901480202064029,11.901480202064029
nursing,1,11.900415371795155,11.900415371795155
dimaggio,1,11.90005126744751,11.90005126744751
supervisor,1,11.899988494778711,11.899988494778711
drugstore,1,11.899352699483371,11.899352699483371
lasted,1,11.898335879015821,11.898335879015821
quarrel,1,11.896244388145531,11.896244388145531
interstate,1,11.896187889414767,11.896187889414767
divorce,1,11.895601529638292,11.895601529638292
motionless,1,11.89482654322685,11.89482654322685
mortal,1,11.894380394621944,11.894380394621944
gunmen,1,11.894047614275072,11.894047614275072
jumping,1,11.89163607135556,11.89163607135556
applaud,1,11.889011510466581,11.889011510466581
rebuild,1,11.889011510466581,11.889011510466581
morton,1,11.888396138573393,11.888396138573393
pumps,1,11.887273172995437,11.887273172995437
misfortune,1,11.8867781393024,11.8867781393024
hopelessly,1,11.883326621746619,11.883326621746619
anew,1,11.881487237261727,11.881487237261727
neon,1,11.880631666620799,11.880631666620799
brakes,1,11.878462790940345,11.878462790940345
marr,1,11.878462790940345,11.878462790940345
tolley,1,11.878462790940345,11.878462790940345
northerners,1,11.878462790940345,11.878462790940345
askington,1,11.878462790940345,11.878462790940345
willings,1,11.878462790940345,11.878462790940345
hettie,1,11.878462790940345,11.878462790940345
walitzee,1,11.878462790940345,11.878462790940345
collins,1,11.878039497881824,11.878039497881824
entertain,2,11.877626292011744,5.938813146005872
mityukh,1,11.87722283797527,11.87722283797527
disappearance,1,11.877222837141936,11.877222837141936
schillinger,1,11.877222837141936,11.877222837141936
kitten,1,11.877222837141936,11.877222837141936
delicious,1,11.877222837141936,11.877222837141936
greens,1,11.876279640305617,11.876279640305617
employs,1,11.875769350180619,11.875769350180619
patent,1,11.874016816540271,11.874016816540271
outsiders,1,11.873363861909558,11.873363861909558
overrun,1,11.873308938654132,11.873308938654132
viewpoint,1,11.872757299948722,11.872757299948722
semester,1,11.872757299948722,11.872757299948722
flattered,1,11.868724727107278,11.868724727107278
subsidiary,1,11.868137588888384,11.868137588888384
separating,1,11.86710690362754,11.86710690362754
displeased,1,11.866316199334612,11.866316199334612
pitching,1,11.864707859811894,11.864707859811894
whirling,1,11.861512304560764,11.861512304560764
partial,1,11.860384274683867,11.860384274683867
singled,1,11.85920433247259,11.85920433247259
walnut,1,11.856388751072426,11.856388751072426
dan,2,11.856071561405168,5.928035780702584
moisture,1,11.854464158733908,11.854464158733908
enlarged,1,11.854464158733908,11.854464158733908
montpelier,1,11.854464158733908,11.854464158733908
pathological,1,11.854464158733908,11.854464158733908
hemorrhage,1,11.853125285562875,11.853125285562875
solemn,1,11.85284623016067,11.85284623016067
container,1,11.85242087420954,11.85242087420954
hardest,1,11.850692650466032,11.850692650466032
overlook,1,11.850467339736538,11.850467339736538
hover,1,11.850467339736538,11.850467339736538
confuse,1,11.850467339736538,11.850467339736538
angrily,1,11.849051961841905,11.849051961841905
fingerprints,1,11.849051960175238,11.849051960175238
tapped,1,11.848583870354714,11.848583870354714
zenith,1,11.847397725245335,11.847397725245335
irresponsible,1,11.847397725245335,11.847397725245335
maxwell,1,11.846937051353946,11.846937051353946
cliff,1,11.845782691428756,11.845782691428756
straw,1,11.845156463079489,11.845156463079489
goldberg,1,11.844713559909975,11.844713559909975
rusk,1,11.844085785946366,11.844085785946366
conant,1,11.844085785946366,11.844085785946366
duclos,1,11.844085785946366,11.844085785946366
drifts,1,11.844085785946366,11.844085785946366
taxing,1,11.844085785946366,11.844085785946366
salts,1,11.843936860341802,11.843936860341802
gala,1,11.843303548097708,11.843303548097708
rogers,1,11.842173418124831,11.842173418124831
registration,1,11.841524014416997,11.841524014416997
traded,1,11.83800212565532,11.83800212565532
f,1,11.837876325909022,11.837876325909022
enabled,1,11.834536457815283,11.834536457815283
awards,1,11.834514531494278,11.834514531494278
ideals,1,11.834514531494278,11.834514531494278
psychology,1,11.834514531494278,11.834514531494278
austin,1,11.834514531494278,11.834514531494278
narrowed,1,11.83386794707141,11.83386794707141
antisubmarine,1,11.833120247887722,11.833120247887722
sport,1,11.833097989660205,11.833097989660205
grapes,1,11.831357323905506,11.831357323905506
blunt,1,11.830558874094388,11.830558874094388
curtain,1,11.830558874094388,11.830558874094388
grinding,1,11.828432674305837,11.828432674305837
manages,1,11.828432672972504,11.828432672972504
catskill,1,11.827977890623481,11.827977890623481
augustine,1,11.827977890623481,11.827977890623481
impassioned,1,11.827702070401138,11.827702070401138
theologians,1,11.827702070401138,11.827702070401138
landed,1,11.827556153692505,11.827556153692505
caper,1,11.826237283242401,11.826237283242401
unanimous,1,11.825572609124134,11.825572609124134
frost,1,11.822240704057915,11.822240704057915
annoying,1,11.821195006505606,11.821195006505606
moriarty,1,11.820064423301986,11.820064423301986
inhabitants,1,11.818917398205906,11.818917398205906
thanked,1,11.818610935507337,11.818610935507337
resumed,1,11.818028258274058,11.818028258274058
crumpled,1,11.816262137352249,11.816262137352249
fascination,1,11.81574912186656,11.81574912186656
oak,1,11.815375584765139,11.815375584765139
donated,1,11.81465053479124,11.81465053479124
pains,1,11.814615529324124,11.814615529324124
dorset,1,11.813025134349504,11.813025134349504
scan,1,11.812684316837696,11.812684316837696
suds,1,11.812684316837696,11.812684316837696
aloof,1,11.812684316837696,11.812684316837696
ranked,1,11.812684316004365,11.812684316004365
richly,1,11.812684316004365,11.812684316004365
bellows,1,11.81085138876958,11.81085138876958
congratulations,1,11.81085138876958,11.81085138876958
consultation,1,11.81085138876958,11.81085138876958
tied,1,11.8103369518313,11.8103369518313
freak,1,11.809236189804441,11.809236189804441
runaway,1,11.80825031098341,11.80825031098341
song,2,11.808207578578962,5.904103789289481
stevenson,2,11.805154764764978,5.902577382382489
abstention,1,11.804100572312972,11.804100572312972
hairy,1,11.804042519679045,11.804042519679045
irresistible,1,11.803873687155543,11.803873687155543
rounded,1,11.8029379080719,11.8029379080719
gay,1,11.802675819491512,11.802675819491512
mel,1,11.801943883855458,11.801943883855458
astonishingly,1,11.80184282483646,11.80184282483646
inseparable,1,11.800261796005806,11.800261796005806
goose,1,11.800261796005806,11.800261796005806
orgasm,1,11.800261796005806,11.800261796005806
slice,1,11.797316287442717,11.797316287442717
kimpton,1,11.796683974657922,11.796683974657922
aviation,1,11.794984739738297,11.794984739738297
lavender,1,11.794984738904963,11.794984738904963
pathology,3,11.794353802082496,3.9314512673608317
larkin,1,11.79261065135362,11.79261065135362
alarm,1,11.791152661295191,11.791152661295191
attorneys,1,11.790552983545513,11.790552983545513
humming,1,11.790211461485638,11.790211461485638
golfers,1,11.790211460152305,11.790211460152305
senses,1,11.790056115626442,11.790056115626442
telephoned,1,11.788285607292424,11.788285607292424
voluntarily,1,11.788251763231608,11.788251763231608
depths,1,11.787994516061405,11.787994516061405
penetrate,1,11.787991704247325,11.787991704247325
lucia,1,11.78777388321449,11.78777388321449
regretted,1,11.787176557790485,11.787176557790485
drifted,1,11.784994325541685,11.784994325541685
slums,1,11.784513439871,11.784513439871
shoe,1,11.782091356968126,11.782091356968126
marijuana,1,11.781593730839095,11.781593730839095
peanut,1,11.781462714906322,11.781462714906322
conveniently,1,11.780891729536837,11.780891729536837
farewell,1,11.780341333794839,11.780341333794839
softness,1,11.780001669407339,11.780001669407339
margin,1,11.780001669407339,11.780001669407339
pageants,1,11.780001669407339,11.780001669407339
fundamentally,1,11.779458670459377,11.779458670459377
crowds,1,11.778686081424915,11.778686081424915
pam,1,11.778686081424915,11.778686081424915
katie,1,11.778055631811949,11.778055631811949
manufacture,1,11.777873380369558,11.777873380369558
viable,1,11.774943988021517,11.774943988021517
yokuts,1,11.773463603684416,11.773463603684416
interlocking,1,11.77189017273719,11.77189017273719
freeman,1,11.771880505372344,11.771880505372344
magician,1,11.76953716002881,11.76953716002881
giveaway,1,11.768414195284185,11.768414195284185
reversible,1,11.768414195284185,11.768414195284185
ceylon,1,11.766663239823131,11.766663239823131
dale,1,11.766663239823131,11.766663239823131
intimidation,1,11.766663239823131,11.766663239823131
peeling,1,11.766663239823131,11.766663239823131
guessing,1,11.76607043316229,11.76607043316229
vulgar,1,11.765632935455095,11.765632935455095
andrena,1,11.76392266739231,11.76392266739231
employing,1,11.762040585268942,11.762040585268942
steep,1,11.761705106847696,11.761705106847696
trig,1,11.759903794501588,11.759903794501588
irregularity,1,11.759439801485552,11.759439801485552
criticized,1,11.758851741356219,11.758851741356219
coral,1,11.758617095567422,11.758617095567422
qualification,1,11.758589101510001,11.758589101510001
gorham,1,11.755525902164415,11.755525902164415
ptc,1,11.753850316594493,11.753850316594493
spaced,1,11.753495445447367,11.753495445447367
theories,1,11.752500686100182,11.752500686100182
gore,1,11.752059695521263,11.752059695521263
upwards,1,11.752059695521263,11.752059695521263
negligible,1,11.748626681608906,11.748626681608906
eleanor,1,11.747523220800401,11.747523220800401
undue,1,11.747227101773962,11.747227101773962
faint,1,11.746210788596043,11.746210788596043
snapped,1,11.746118412936902,11.746118412936902
peru,1,11.74510682407871,11.74510682407871
preclude,1,11.74510682407871,11.74510682407871
outward,1,11.742691945517663,11.742691945517663
deaths,1,11.74203720958751,11.74203720958751
minus,1,11.739313107658743,11.739313107658743
analytic,1,11.739204351891972,11.739204351891972
beloved,1,11.739204351891972,11.739204351891972
hikes,1,11.737460894766777,11.737460894766777
commands,1,11.736781318162725,11.736781318162725
immediacy,1,11.736232168536253,11.736232168536253
fathers,1,11.735960453611382,11.735960453611382
bean,1,11.734906615795014,11.734906615795014
uncomfortable,1,11.733788268597486,11.733788268597486
oriented,1,11.731381991357626,11.731381991357626
flanked,1,11.73100628582343,11.73100628582343
verbs,1,11.730846182573224,11.730846182573224
athletic,1,11.729154015947563,11.729154015947563
minority,1,11.729154015947563,11.729154015947563
housed,1,11.728507431413583,11.728507431413583
formidable,1,11.727964747232408,11.727964747232408
intervals,1,11.727297646977874,11.727297646977874
commit,1,11.72675460696881,11.72675460696881
tilted,1,11.725003548378519,11.725003548378519
endorse,1,11.721020828220404,11.721020828220404
pilgrimage,1,11.720800604055176,11.720800604055176
diversified,1,11.719186773550918,11.719186773550918
mild,1,11.718916158218521,11.718916158218521
wired,1,11.718756096034479,11.718756096034479
claude,1,11.71730220732061,11.71730220732061
drug,1,11.71730220732061,11.71730220732061
weston,1,11.717207039195612,11.717207039195612
greeting,1,11.71695044878524,11.71695044878524
entries,1,11.716014322499646,11.716014322499646
compounded,1,11.715103989570261,11.715103989570261
specificity,1,11.713574288749122,11.713574288749122
screeched,1,11.71325041984951,11.71325041984951
withheld,1,11.712293024393183,11.712293024393183
harm,1,11.710495901626318,11.710495901626318
voted,1,11.70747431427893,11.70747431427893
basketball,1,11.707171374606462,11.707171374606462
strode,1,11.704951617034816,11.704951617034816
prey,1,11.703930688734042,11.703930688734042
expenditure,1,11.703835379896061,11.703835379896061
shocked,1,11.703343901146718,11.703343901146718
padded,1,11.703061336624573,11.703061336624573
asserted,1,11.702646939184016,11.702646939184016
glinting,1,11.701821724025887,11.701821724025887
tentative,1,11.700842240110369,11.700842240110369
shelves,1,11.700202704957034,11.700202704957034
mineral,1,11.69897460806895,11.69897460806895
taxpayers,1,11.698310110104622,11.698310110104622
courage,1,11.696954517863045,11.696954517863045
sanctuary,1,11.694901282014648,11.694901282014648
pensions,1,11.694901282014648,11.694901282014648
seaman,1,11.694901281681314,11.694901281681314
jenks,1,11.694901281681314,11.694901281681314
interviewing,1,11.694901281681314,11.694901281681314
troopers,1,11.694901281681314,11.694901281681314
titan,1,11.694901281681314,11.694901281681314
budgets,1,11.694901281181314,11.694901281181314
psychoanalysis,1,11.694901281181314,11.694901281181314
invoking,1,11.694901280347981,11.694901280347981
mobilized,1,11.694901280347981,11.694901280347981
amounted,1,11.694901280347981,11.694901280347981
roadside,1,11.694901280347981,11.694901280347981
thrusts,1,11.694901280347981,11.694901280347981
antiseptic,1,11.694901280347981,11.694901280347981
acquiescence,1,11.694901280347981,11.694901280347981
drunkenly,1,11.694901280347981,11.694901280347981
anecdotes,1,11.694901280347981,11.694901280347981
rousing,1,11.694901280347981,11.694901280347981
resides,1,11.694901280347981,11.694901280347981
gyros,1,11.694901280347981,11.694901280347981
visibility,1,11.694901280347981,11.694901280347981
publishes,1,11.694901280347981,11.694901280347981
defines,1,11.694901280347981,11.694901280347981
ike,1,11.694901280347981,11.694901280347981
virile,1,11.694901280347981,11.694901280347981
eccentricity,1,11.694901280347981,11.694901280347981
git,1,11.694901280347981,11.694901280347981
boyd,1,11.694901280347981,11.694901280347981
heaped,1,11.694901280347981,11.694901280347981
unwarranted,1,11.694901280347981,11.694901280347981
revered,1,11.694901280347981,11.694901280347981
stint,1,11.694901280347981,11.694901280347981
inhumane,1,11.694901280347981,11.694901280347981
glove,1,11.694901280347981,11.694901280347981
dei,1,11.694901280347981,11.694901280347981
gamma,1,11.694901280347981,11.694901280347981
melodious,1,11.694901280347981,11.694901280347981
exhibiting,1,11.694901280347981,11.694901280347981
throats,1,11.694901280347981,11.694901280347981
barrage,1,11.694901280347981,11.694901280347981
bounced,1,11.693998746606246,11.693998746606246
insured,1,11.691247642249735,11.691247642249735
speakers,1,11.687967775592037,11.687967775592037
shy,1,11.687967775592037,11.687967775592037
affirm,1,11.687710348274628,11.687710348274628
publicized,1,11.686933111532136,11.686933111532136
hazardous,1,11.686933111532136,11.686933111532136
stressed,1,11.686122925205384,11.686122925205384
ivory,1,11.68429780044006,11.68429780044006
decorations,1,11.683352140976107,11.683352140976107
stimulated,1,11.682478761682757,11.682478761682757
slashed,1,11.680182549993836,11.680182549993836
lethal,1,11.679210120802393,11.679210120802393
contend,1,11.67829047915093,11.67829047915093
linger,1,11.67829047915093,11.67829047915093
expired,1,11.676882775678635,11.676882775678635
haze,1,11.674985971980373,11.674985971980373
passengers,1,11.674114587198408,11.674114587198408
wing,1,11.672922375533966,11.672922375533966
ambiguity,1,11.672142602273286,11.672142602273286
compressed,1,11.671651916368447,11.671651916368447
streaming,1,11.671050066192468,11.671050066192468
broadcast,1,11.670468727825224,11.670468727825224
clouded,1,11.670386715917727,11.670386715917727
manifested,1,11.669583473197024,11.669583473197024
jupiter,1,11.66788439439869,11.66788439439869
ink,1,11.66788439439869,11.66788439439869
eyed,1,11.66788439439869,11.66788439439869
domain,1,11.666730405464618,11.666730405464618
lovers,1,11.666630848314487,11.666630848314487
storms,1,11.666080842645822,11.666080842645822
mechanic,1,11.665048318031634,11.665048318031634
expecting,1,11.664495173464736,11.664495173464736
patiently,1,11.663352924696387,11.663352924696387
seal,1,11.66208307832859,11.66208307832859
matilda,1,11.661302724165305,11.661302724165305
catcher,2,11.660049341259956,5.830024670629978
revival,1,11.659809961870044,11.659809961870044
freed,1,11.659469386163268,11.659469386163268
protesting,1,11.658562151734483,11.658562151734483
preventing,1,11.656680069611117,11.656680069611117
viola,1,11.656680069611117,11.656680069611117
ingredient,1,11.65577501507136,11.65577501507136
imply,1,11.654079287161059,11.654079287161059
disagree,1,11.652341666762517,11.652341666762517
unchanged,1,11.650695189176819,11.650695189176819
accounting,1,11.650386014234842,11.650386014234842
cooled,1,11.650358320134803,11.650358320134803
superb,1,11.650358320134803,11.650358320134803
disposition,1,11.645499375943977,11.645499375943977
sentiments,1,11.645380513940516,11.645380513940516
accompaniment,1,11.64485260987387,11.64485260987387
consultants,1,11.64485260987387,11.64485260987387
g,1,11.644417377249322,11.644417377249322
magnum,1,11.641594432014504,11.641594432014504
refund,1,11.639142448529121,11.639142448529121
equity,1,11.63766033871401,11.63766033871401
inevitably,1,11.63669021248331,11.63669021248331
shakespeare,1,11.63613744478949,11.63613744478949
obstacles,1,11.635309184479068,11.635309184479068
proceedings,1,11.635034674793374,11.635034674793374
filter,1,11.634199255415188,11.634199255415188
blows,1,11.633532335305022,11.633532335305022
brood,1,11.633100880775867,11.633100880775867
gaining,1,11.631760701582257,11.631760701582257
louisville,1,11.630703577555549,11.630703577555549
evacuation,1,11.630362760043743,11.630362760043743
pleasing,1,11.62904867727785,11.62904867727785
levy,1,11.627912114367458,11.627912114367458
indispensable,1,11.625516035353643,11.625516035353643
taxes,2,11.623277233217376,5.811638616608688
bushes,1,11.62324166415424,11.62324166415424
shower,1,11.623125608189056,11.623125608189056
generous,1,11.62300487133162,11.62300487133162
humble,1,11.622874922505863,11.622874922505863
thesis,1,11.622376958344551,11.622376958344551
likewise,1,11.61896346132466,11.61896346132466
deduction,1,11.617940240545186,11.617940240545186
molotov,1,11.617940240045186,11.617940240045186
deterministic,1,11.617940240045186,11.617940240045186
nickel,1,11.617118428934715,11.617118428934715
fairway,1,11.614944446612796,11.614944446612796
exchequer,1,11.613400163483215,11.613400163483215
sunny,1,11.610736183175845,11.610736183175845
ash,2,11.609620586895584,5.804810293447792
concord,1,11.609558266259128,11.609558266259128
recipe,1,11.60955796236381,11.60955796236381
disagreement,1,11.609206560576432,11.609206560576432
jenny,1,11.608213773091297,11.608213773091297
adaptation,1,11.60730698457715,11.60730698457715
circulation,1,11.606874765582207,11.606874765582207
compiled,1,11.606652281342763,11.606652281342763
poland,1,11.606070069308032,11.606070069308032
displayed,1,11.605233590720514,11.605233590720514
glancing,1,11.604517220546379,11.604517220546379
rub,1,11.599591101376989,11.599591101376989
curse,1,11.598522155438083,11.598522155438083
wrinkled,1,11.597171975828495,11.597171975828495
taut,1,11.595880522813786,11.595880522813786
tan,1,11.59443075081768,11.59443075081768
harsh,1,11.593944138606957,11.593944138606957
kikuyu,1,11.593573171422413,11.593573171422413
protecting,1,11.593573171422413,11.593573171422413
embassies,1,11.592795897620075,11.592795897620075
emancipation,1,11.591964754713354,11.591964754713354
kicked,1,11.590926771384202,11.590926771384202
castle,1,11.589540766023488,11.589540766023488
wrists,1,11.589540766023488,11.589540766023488
lamb,1,11.589540765523488,11.589540765523488
airplanes,1,11.58860662360312,11.58860662360312
equilibrium,1,11.58533417024552,11.58533417024552
fearless,1,11.584612219822338,11.584612219822338
discouraged,1,11.583222029851838,11.583222029851838
shake,1,11.57799162531828,11.57799162531828
exploited,1,11.57799162531828,11.57799162531828
continuance,1,11.577724083785936,11.577724083785936
dazzling,1,11.57770902885821,11.57770902885821
spatial,1,11.57766325282425,11.57766325282425
posed,1,11.577118246358264,11.577118246358264
ballplayer,1,11.57711824552493,11.57711824552493
hogan,1,11.575841921665326,11.575841921665326
fbi,1,11.57394867076365,11.57394867076365
acute,1,11.572911650385851,11.572911650385851
actively,1,11.572842909063418,11.572842909063418
enrollment,1,11.571222184999803,11.571222184999803
unmarried,1,11.57068735569464,11.57068735569464
proceed,1,11.569593620364403,11.569593620364403
clip,1,11.568034560802523,11.568034560802523
relatives,1,11.565849706353617,11.565849706353617
olga,1,11.562523878740864,11.562523878740864
explicitly,1,11.562523878740864,11.562523878740864
writhing,1,11.562523878740864,11.562523878740864
moreland,1,11.562225493474445,11.562225493474445
buds,1,11.561369888556792,11.561369888556792
provinces,1,11.560947146194492,11.560947146194492
responds,1,11.560414931494856,11.560414931494856
stirred,1,11.560207774967523,11.560207774967523
suggesting,1,11.558426113901666,11.558426113901666
hong,1,11.557845035784784,11.557845035784784
inclination,1,11.55770016016783,11.55770016016783
thrilling,1,11.557693163968533,11.557693163968533
rite,1,11.557693163968533,11.557693163968533
daring,1,11.555591686086748,11.555591686086748
slapped,1,11.554449446212217,11.554449446212217
hanford,1,11.553704938529393,11.553704938529393
deeds,1,11.55180043804064,11.55180043804064
constitutional,1,11.551707979520055,11.551707979520055
cohesive,1,11.55137915137681,11.55137915137681
ledger,1,11.550320052370207,11.550320052370207
rendered,2,11.546648441623878,5.773324220811939
broadly,1,11.54547467395899,11.54547467395899
glory,1,11.541112442255749,11.541112442255749
sewing,1,11.540750602425485,11.540750602425485
frontage,1,11.540750601854056,11.540750601854056
frankie,1,11.539978699964362,11.539978699964362
interpretations,1,11.538897034204732,11.538897034204732
keen,1,11.53889703409362,11.53889703409362
midnight,1,11.53889703409362,11.53889703409362
bark,1,11.537921899796526,11.537921899796526
conceivable,1,11.534558631606135,11.534558631606135
ripe,1,11.533099455868536,11.533099455868536
tuxapoka,1,11.532299823056183,11.532299823056183
buried,1,11.530318841243318,11.530318841243318
bottles,1,11.52848332057632,11.52848332057632
letch,1,11.528019543622296,11.528019543622296
whichever,1,11.52582495163738,11.52582495163738
osaka,1,11.525343061897724,11.525343061897724
ailments,1,11.525002244385917,11.525002244385917
artie,1,11.524849817812507,11.524849817812507
phones,1,11.52385380179391,11.52385380179391
undergoing,1,11.523151703018327,11.523151703018327
stature,1,11.523067237281833,11.523067237281833
chickens,1,11.523067237281833,11.523067237281833
pays,1,11.522769751266353,11.522769751266353
organs,1,11.520624713566159,11.520624713566159
danish,1,11.520176072112626,11.520176072112626
popped,1,11.519959832184982,11.519959832184982
afflicted,1,11.518213542938948,11.518213542938948
tail,1,11.518083046098392,11.518083046098392
fatigue,1,11.517991922684125,11.517991922684125
formerly,1,11.51649362562026,11.51649362562026
taxable,1,11.514799481625673,11.514799481625673
adjoining,1,11.512579725220693,11.512579725220693
wink,1,11.512579725220693,11.512579725220693
persecution,1,11.51257972438736,11.51257972438736
dissatisfied,1,11.51257972438736,11.51257972438736
interplay,1,11.51257972438736,11.51257972438736
insofar,1,11.51257972438736,11.51257972438736
poll,1,11.51257972438736,11.51257972438736
snarled,1,11.511288569123739,11.511288569123739
chuck,1,11.509993935213958,11.509993935213958
adlai,1,11.509498058349951,11.509498058349951
guides,1,11.50824132386019,11.50824132386019
cops,1,11.507028010753185,11.507028010753185
prohibition,1,11.506849050749803,11.506849050749803
breeze,1,11.503010274442637,11.503010274442637
carrier,1,11.503010274204541,11.503010274204541
bass,1,11.501072119126789,11.501072119126789
shaking,1,11.500516853813084,11.500516853813084
legends,1,11.500195665687638,11.500195665687638
excluding,1,11.500157205888803,11.500157205888803
ideology,1,11.496684654749965,11.496684654749965
suburbs,1,11.495517284653328,11.495517284653328
conscientious,1,11.495517284653328,11.495517284653328
crimson,1,11.495517284653328,11.495517284653328
clerical,1,11.495517284653328,11.495517284653328
bounded,1,11.495517284653328,11.495517284653328
intellectuals,1,11.495517284653328,11.495517284653328
threats,1,11.492788017180478,11.492788017180478
hunt,1,11.491302326773408,11.491302326773408
objections,1,11.491229834779924,11.491229834779924
continuation,1,11.489821045895999,11.489821045895999
specifications,1,11.489765047692616,11.489765047692616
screamed,1,11.488147171197937,11.488147171197937
poise,1,11.487887112296988,11.487887112296988
tank,1,11.486209029313699,11.486209029313699
junk,1,11.485768467770036,11.485768467770036
gran,1,11.485018925641821,11.485018925641821
origins,1,11.48496796210391,11.48496796210391
manifold,1,11.484180250365661,11.484180250365661
jackson,2,11.48315918892393,5.741579594461965
s,1,11.481327182614024,11.481327182614024
ultraviolet,1,11.481174184012744,11.481174184012744
enforced,1,11.480509092349113,11.480509092349113
pockets,1,11.479509200808108,11.479509200808108
familiarity,1,11.476289724371048,11.476289724371048
usage,1,11.476212081466484,11.476212081466484
prescribed,1,11.475986067476626,11.475986067476626
utah,1,11.47456511648504,11.47456511648504
apartments,1,11.473739892856809,11.473739892856809
larry,1,11.473577567417424,11.473577567417424
yielded,1,11.473359012484078,11.473359012484078
politely,1,11.47317717777133,11.47317717777133
swelling,1,11.472715126656764,11.472715126656764
scraping,1,11.472631109660453,11.472631109660453
professionals,1,11.472558441856334,11.472558441856334
shaping,1,11.471757730700437,11.471757730700437
breasted,1,11.471757730367104,11.471757730367104
diagrams,1,11.471757730367104,11.471757730367104
mound,1,11.471757730367104,11.471757730367104
hardware,1,11.470623045845212,11.470623045845212
qualifications,1,11.468481918661288,11.468481918661288
remedies,1,11.464377622569481,11.464377622569481
voyage,1,11.463462710672404,11.463462710672404
assuring,1,11.461286430833143,11.461286430833143
outset,2,11.461155058339534,5.730577529169767
lectures,1,11.46087371281946,11.46087371281946
accommodations,1,11.458512503950416,11.458512503950416
fur,1,11.45722471182889,11.45722471182889
patterned,1,11.456490258236316,11.456490258236316
symbolized,1,11.45542131179741,11.45542131179741
thieves,1,11.454310817513383,11.454310817513383
elimination,1,11.450704321169273,11.450704321169273
endlessly,1,11.449778823648328,11.449778823648328
invented,1,11.448818439754184,11.448818439754184
hamilton,1,11.448041204638677,11.448041204638677
motivations,1,11.448041203249788,11.448041203249788
damage,1,11.446499022392594,11.446499022392594
roadway,1,11.443740690427937,11.443740690427937
sidney,1,11.443586853733741,11.443586853733741
dozens,1,11.443242804267074,11.443242804267074
programing,1,11.443242804267074,11.443242804267074
rival,1,11.441625202212954,11.441625202212954
declined,1,11.441471943662448,11.441471943662448
nails,1,11.438309797299564,11.438309797299564
peck,1,11.435390085696229,11.435390085696229
mailing,1,11.434618183417648,11.434618183417648
documents,1,11.42949665787389,11.42949665787389
comparative,1,11.428852999338659,11.428852999338659
highlights,1,11.428839452539332,11.428839452539332
concentrations,1,11.4275865123873,11.4275865123873
thy,1,11.42556834864773,11.42556834864773
derives,1,11.425568348231064,11.425568348231064
measurement,1,11.425449034559374,11.425449034559374
gangs,1,11.422967566197672,11.422967566197672
pratt,1,11.4201144975486,11.4201144975486
nicely,1,11.419329751457662,11.419329751457662
incest,1,11.417680983397897,11.417680983397897
screeching,1,11.416262942478983,11.416262942478983
murphy,1,11.415316419795486,11.415316419795486
reject,1,11.414709881530118,11.414709881530118
whispered,1,11.412713032188938,11.412713032188938
supplementary,1,11.41132599151552,11.41132599151552
implied,1,11.408104463588502,11.408104463588502
participated,1,11.407219209800962,11.407219209800962
enormously,1,11.407219209562866,11.407219209562866
embarrassed,1,11.407219209229533,11.407219209229533
quacks,1,11.407219209229533,11.407219209229533
episodes,1,11.407219208729533,11.407219208729533
tentatively,1,11.407219208729533,11.407219208729533
roofs,1,11.407219208729533,11.407219208729533
desperation,1,11.407219208729533,11.407219208729533
calf,1,11.407219208729533,11.407219208729533
limbs,1,11.407219208729533,11.407219208729533
narragansett,1,11.407219208729533,11.407219208729533
shreds,1,11.407219208729533,11.407219208729533
murderers,1,11.407219208729533,11.407219208729533
hostilities,1,11.407219208729533,11.407219208729533
hibachi,1,11.407219208729533,11.407219208729533
unwelcome,1,11.407219208729533,11.407219208729533
amplifier,1,11.407219208729533,11.407219208729533
stole,1,11.407219208729533,11.407219208729533
barney,1,11.407219208729533,11.407219208729533
differentiated,1,11.407219208729533,11.407219208729533
lamps,1,11.407219208729533,11.407219208729533
disbelief,1,11.407219208729533,11.407219208729533
soaring,1,11.407219208729533,11.407219208729533
indulgence,1,11.407219208729533,11.407219208729533
companions,1,11.407219208729533,11.407219208729533
defenders,1,11.407219208729533,11.407219208729533
beards,1,11.407219208729533,11.407219208729533
mates,1,11.407219208729533,11.407219208729533
carts,1,11.407219208729533,11.407219208729533
assignments,1,11.406401120250337,11.406401120250337
delivery,1,11.406266085821384,11.406266085821384
squares,1,11.404144975453816,11.404144975453816
idol,1,11.403846524750893,11.403846524750893
surround,1,11.401762170761781,11.401762170761781
complaints,1,11.400073746903248,11.400073746903248
lantern,1,11.399251040330356,11.399251040330356
lublin,1,11.399251040330356,11.399251040330356
reactivity,1,11.398485529260778,11.398485529260778
reinforced,1,11.39479668956431,11.39479668956431
creator,1,11.394796689230976,11.394796689230976
confronting,1,11.394796689230976,11.394796689230976
baroque,1,11.394796689230976,11.394796689230976
stain,1,11.394796689230976,11.394796689230976
credited,1,11.39449047788895,11.39449047788895
personalities,1,11.393033247173346,11.393033247173346
indiana,1,11.387788784218793,11.387788784218793
refugee,1,11.386594770322882,11.386594770322882
exposure,1,11.386590188222518,11.386590188222518
essays,1,11.382704643799281,11.382704643799281
neurotic,1,11.382374169982418,11.382374169982418
accidental,1,11.381724608235052,11.381724608235052
anticipation,1,11.37823167335628,11.37823167335628
jastrow,2,11.37694288892074,5.68847144446037
avoiding,1,11.37644755131278,11.37644755131278
expectations,1,11.374569936738038,11.374569936738038
billy,1,11.374333528741532,11.374333528741532
manifestations,1,11.373229984243629,11.373229984243629
entertaining,1,11.37281778340109,11.37281778340109
wrecked,1,11.37223631626953,11.37223631626953
mornings,1,11.369703122204747,11.369703122204747
overall,1,11.369478881580019,11.369478881580019
saves,1,11.369246873732601,11.369246873732601
correspondent,1,11.366901656017019,11.366901656017019
peers,1,11.366397214709277,11.366397214709277
suits,1,11.365437676626343,11.365437676626343
embroidery,1,11.36408404031494,11.36408404031494
missouri,1,11.362676247960799,11.362676247960799
convenient,1,11.362155755038938,11.362155755038938
afterward,1,11.36133391384364,11.36133391384364
patricia,1,11.359966324378988,11.359966324378988
angles,1,11.35842904563153,11.35842904563153
downward,1,11.358102195431245,11.358102195431245
fantasy,1,11.35687970095139,11.35687970095139
incubation,1,11.356602817288103,11.356602817288103
privacy,1,11.3540434711232,11.3540434711232
filtering,1,11.35397469471072,11.35397469471072
homesick,1,11.352970134166428,11.352970134166428
thermostat,1,11.35112985556766,11.35112985556766
rustling,1,11.3485380852199,11.3485380852199
reproduction,1,11.348276673596082,11.348276673596082
hiding,1,11.346085329677708,11.346085329677708
competing,1,11.344915617911955,11.344915617911955
radically,1,11.344915617911955,11.344915617911955
agreements,1,11.344353438007241,11.344353438007241
overnight,1,11.342428704880327,11.342428704880327
distortion,1,11.342299663130218,11.342299663130218
gordon,1,11.337037855650212,11.337037855650212
crises,1,11.336689059709409,11.336689059709409
plight,1,11.333315058447775,11.333315058447775
szolds,1,11.333315058447775,11.333315058447775
hypotheses,1,11.333315058447775,11.333315058447775
norms,1,11.333012366918013,11.333012366918013
contributes,1,11.330258168843404,11.330258168843404
aggression,1,11.330258168664834,11.330258168664834
contributors,1,11.328878509445286,11.328878509445286
upturn,1,11.328878509445286,11.328878509445286
oven,1,11.328878509445286,11.328878509445286
snapping,1,11.328351590394252,11.328351590394252
realities,1,11.325545454079093,11.325545454079093
timber,1,11.3254205760845,11.3254205760845
revenues,1,11.323688908172732,11.323688908172732
locally,1,11.322661821534803,11.322661821534803
ribbon,1,11.318423710779735,11.318423710779735
supplying,1,11.314649744652753,11.314649744652753
polaris,1,11.313509604251298,11.313509604251298
ranged,1,11.312577703365614,11.312577703365614
transaction,1,11.310557300200001,11.310557300200001
cunard,1,11.310557300200001,11.310557300200001
politicians,1,11.309759647711731,11.309759647711731
fond,1,11.30963888164067,11.30963888164067
exceeds,1,11.309638881462098,11.309638881462098
blindness,1,11.30920472454985,11.30920472454985
replies,1,11.30609101723472,11.30609101723472
refrain,1,11.30511382558496,11.30511382558496
acknowledged,1,11.304940360859115,11.304940360859115
ties,1,11.302743947930676,11.302743947930676
packages,1,11.301858693571706,11.301858693571706
wounds,1,11.301270631553486,11.301270631553486
benson,1,11.299979809537144,11.299979809537144
apex,1,11.297367255410233,11.297367255410233
indefinite,1,11.289436173906482,11.289436173906482
putt,1,11.289436173573149,11.289436173573149
diffraction,1,11.289436173573149,11.289436173573149
hanged,1,11.289436173573149,11.289436173573149
soiled,1,11.288305954077627,11.288305954077627
treasurer,1,11.287758193746459,11.287758193746459
elders,1,11.284321073477807,11.284321073477807
shallow,1,11.282056067442193,11.282056067442193
involvement,1,11.278497701235976,11.278497701235976
heated,1,11.27719081893388,11.27719081893388
countryside,1,11.274609497162459,11.274609497162459
obelisk,1,11.274609497162459,11.274609497162459
observes,1,11.272714079992882,11.272714079992882
pulls,1,11.2714176686419,11.2714176686419
humidity,1,11.271087034904953,11.271087034904953
constitutes,1,11.270460272685572,11.270460272685572
underwater,1,11.270111901837655,11.270111901837655
southward,1,11.267457267187707,11.267457267187707
sore,1,11.266313756723724,11.266313756723724
luxury,1,11.266179311742215,11.266179311742215
conservation,1,11.264743561732779,11.264743561732779
educated,1,11.261482062512634,11.261482062512634
irregular,1,11.2592032878132,11.2592032878132
clues,1,11.257175311926357,11.257175311926357
allied,1,11.255569909361046,11.255569909361046
repression,1,11.254479403442177,11.254479403442177
influences,1,11.253068529973703,11.253068529973703
inorganic,1,11.252664995001922,11.252664995001922
beaten,1,11.24959026577595,11.24959026577595
ringing,1,11.249207521316244,11.249207521316244
assessment,1,11.2469332933429,11.2469332933429
hostess,1,11.245235715745626,11.245235715745626
sprawled,1,11.244700280481759,11.244700280481759
maker,1,11.242916159029166,11.242916159029166
spun,1,11.24146267047694,11.24146267047694
ally,1,11.240646009975146,11.240646009975146
brazil,1,11.24064600973705,11.24064600973705
veto,1,11.24053846107194,11.24053846107194
throws,1,11.237299137816846,11.237299137816846
shades,1,11.23718548432018,11.23718548432018
enlisted,1,11.237167745916281,11.237167745916281
hazards,1,11.235368952874301,11.235368952874301
freezing,1,11.23494798903908,11.23494798903908
mistaken,1,11.229632422299721,11.229632422299721
ate,1,11.228802026613339,11.228802026613339
rounds,1,11.228155743244026,11.228155743244026
precautions,1,11.22663527233412,11.22663527233412
bothering,1,11.225549902693377,11.225549902693377
torrio,1,11.224897653185579,11.224897653185579
calculation,1,11.224493219930947,11.224493219930947
founder,1,11.224376837817632,11.224376837817632
subjected,1,11.220419256910779,11.220419256910779
burn,1,11.219791989726161,11.219791989726161
gradual,1,11.218481650898745,11.218481650898745
retirement,1,11.218062173093292,11.218062173093292
symmetric,1,11.216826254149368,11.216826254149368
climbing,1,11.216266728751691,11.216266728751691
warming,1,11.212475132770354,11.212475132770354
embodied,1,11.212475132770354,11.212475132770354
grill,1,11.212475132770354,11.212475132770354
psyche,1,11.209393466232946,11.209393466232946
frenchman,1,11.207359865944102,11.207359865944102
emission,3,11.20717983739944,3.7357266124664803
superintendent,1,11.204862790135985,11.204862790135985
plasma,1,11.200640675678907,11.200640675678907
happier,1,11.19982401545489,11.19982401545489
territorial,1,11.19982401545489,11.19982401545489
dental,1,11.19697906332266,11.19697906332266
argue,1,11.19487759228147,11.19487759228147
preaching,1,11.194125994768825,11.194125994768825
delegation,1,11.19305704732992,11.19305704732992
expressing,1,11.192660645906678,11.192660645906678
integrated,1,11.191855846123174,11.191855846123174
consequences,1,11.190405027399134,11.190405027399134
makers,1,11.189789521340627,11.189789521340627
freud,1,11.189341360441423,11.189341360441423
insists,1,11.188965644098404,11.188965644098404
knives,1,11.188340057035115,11.188340057035115
blocked,1,11.187157325202731,11.187157325202731
lifetime,1,11.185282207279915,11.185282207279915
lined,1,11.184075658915322,11.184075658915322
contrasts,1,11.184075658665323,11.184075658665323
hose,1,11.184075657915324,11.184075657915324
alas,1,11.184075657915324,11.184075657915324
curved,1,11.184075657915324,11.184075657915324
moritz,1,11.184075657915324,11.184075657915324
apologetically,1,11.184075657915324,11.184075657915324
esprit,1,11.184075657915324,11.184075657915324
eh,1,11.184075657915324,11.184075657915324
drain,1,11.172860625969651,11.172860625969651
appropriations,1,11.170668998206637,11.170668998206637
translation,1,11.16590472589479,11.16590472589479
ellis,1,11.164273030952478,11.164273030952478
rows,1,11.163949691170098,11.163949691170098
tomb,1,11.162684468505434,11.162684468505434
purchasing,1,11.162031881213288,11.162031881213288
optical,1,11.162031881213288,11.162031881213288
enjoying,1,11.162031881213288,11.162031881213288
rhythms,1,11.161316979173963,11.161316979173963
romance,1,11.161316979173963,11.161316979173963
conformity,1,11.161316979173963,11.161316979173963
tempted,1,11.16035913163134,11.16035913163134
beaches,1,11.158724067808818,11.158724067808818
smoothly,1,11.156818942446924,11.156818942446924
mercenaries,1,11.155904781837515,11.155904781837515
unpopular,1,11.154878631739603,11.154878631739603
dogtown,1,11.153851152081717,11.153851152081717
engagements,1,11.150174106572974,11.150174106572974
thompson,1,11.148821866043034,11.148821866043034
ed,1,11.14793661204945,11.14793661204945
turnpike,1,11.144854945512042,11.144854945512042
rocks,1,11.143482262235784,11.143482262235784
burglary,1,11.142444408982493,11.142444408982493
ratios,1,11.1399044408879,11.1399044408879
valued,1,11.13755564337134,11.13755564337134
generalized,1,11.13528549431732,11.13528549431732
pit,1,11.13528549431732,11.13528549431732
implicit,1,11.134513591856198,11.134513591856198
hormone,1,11.134513591300642,11.134513591300642
acted,1,11.131010157181203,11.131010157181203
forecasting,1,11.13081121410097,11.13081121410097
safely,1,11.126917245075374,11.126917245075374
singers,1,11.126051818548945,11.126051818548945
proteases,1,11.125337496366043,11.125337496366043
dangers,1,11.125311976719992,11.125311976719992
promptly,1,11.122570368145059,11.122570368145059
pepper,1,11.122040267567298,11.122040267567298
orderly,1,11.120537637861336,11.120537637861336
discount,1,11.119537137527752,11.119537137527752
democrat,1,11.116164453188002,11.116164453188002
confessed,1,11.112979736564926,11.112979736564926
sprang,1,11.110556961859057,11.110556961859057
ill,1,11.10944994897061,11.10944994897061
proudly,1,11.107114617350623,11.107114617350623
ph,1,11.107114617112527,11.107114617112527
masterpiece,1,11.107114617112527,11.107114617112527
periphery,1,11.106837412308195,11.106837412308195
inspired,1,11.104410651635762,11.104410651635762
profession,1,11.103693730790685,11.103693730790685
struggling,1,11.102115387222666,11.102115387222666
wheat,1,11.100724819251852,11.100724819251852
advancement,1,11.09869666469528,11.09869666469528
patrolman,1,11.09869666469528,11.09869666469528
confirmed,1,11.098531913956467,11.098531913956467
pity,1,11.097064281675694,11.097064281675694
nicolas,1,11.096643318078566,11.096643318078566
symbolism,1,11.096064781164038,11.096064781164038
possessions,1,11.095840540955976,11.095840540955976
composers,1,11.095439585948691,11.095439585948691
proves,1,11.090019041414374,11.090019041414374
urgency,1,11.086495330147887,11.086495330147887
curled,1,11.086061208331362,11.086061208331362
walker,1,11.085643830338814,11.085643830338814
substitute,1,11.084220797802232,11.084220797802232
grands,1,11.083303615097872,11.083303615097872
properly,1,11.082117084698726,11.082117084698726
vegetable,1,11.081796809544905,11.081796809544905
entity,1,11.080697304032917,11.080697304032917
location,1,11.080190624454561,11.080190624454561
sloan,1,11.07961442412441,11.07961442412441
helpful,2,11.076495134800055,5.5382475674000275
parochial,1,11.074431970237725,11.074431970237725
applying,1,11.070297995383214,11.070297995383214
justification,1,11.070288632572321,11.070288632572321
insulation,1,11.068328592494039,11.068328592494039
attempted,1,11.066753201276528,11.066753201276528
stripped,1,11.066006799460547,11.066006799460547
greville,1,11.063054627735164,11.063054627735164
oder,1,11.06163301224793,11.06163301224793
peas,1,11.060773455860199,11.060773455860199
annually,1,11.058324453498651,11.058324453498651
urgent,1,11.054585590409163,11.054585590409163
heaven,1,11.054585590409163,11.054585590409163
dad,1,11.051759604137391,11.051759604137391
halfway,1,11.051586475619244,11.051586475619244
beginnings,1,11.04827411732769,11.04827411732769
anatomy,1,11.04827411732769,11.04827411732769
alveoli,1,11.04721702275624,11.04721702275624
boris,1,11.04648999571276,11.04648999571276
doses,2,11.046328400216055,5.523164200108027
policemen,1,11.045458536244986,11.045458536244986
picking,1,11.045314216873749,11.045314216873749
coal,2,11.045303983660453,5.522651991830227
necessities,1,11.044771486955058,11.044771486955058
examinations,1,11.044313715873498,11.044313715873498
leveled,1,11.042997060655418,11.042997060655418
lever,1,11.041759436485068,11.041759436485068
faster,1,11.039842680382035,11.039842680382035
pie,1,11.039375484060022,11.039375484060022
swiss,1,11.03932246703543,11.03932246703543
commanding,1,11.038121746292243,11.038121746292243
resembled,1,11.038121745625576,11.038121745625576
thiouracil,1,11.038093076690075,11.038093076690075
competitors,1,11.036845421682639,11.036845421682639
erected,1,11.03476068985054,11.03476068985054
consisted,1,11.029463683993573,11.029463683993573
statistical,1,11.028508503900053,11.028508503900053
port,1,11.028140857385472,11.028140857385472
pretending,1,11.02689007548382,11.02689007548382
sculpture,1,11.025972973588583,11.025972973588583
cloak,1,11.02476640251128,11.02476640251128
custom,1,11.02423043380281,11.02423043380281
divide,1,11.020187803810206,11.020187803810206
cycle,1,11.019349864102656,11.019349864102656
lessons,1,11.017021574482927,11.017021574482927
characteristically,1,11.015945778125335,11.015945778125335
operational,1,11.014369553937682,11.014369553937682
explanations,1,11.014024194602072,11.014024194602072
exhibits,1,11.010427608691277,11.010427608691277
analogy,1,11.004165217828719,11.004165217828719
shells,1,11.001754102288036,11.001754102288036
brooks,1,11.001754102010258,11.001754102010258
uncertainty,1,11.001754102010258,11.001754102010258
tense,1,11.001754101871368,11.001754101871368
privileges,1,11.001754101692796,11.001754101692796
akin,1,11.001754101692796,11.001754101692796
amendments,1,11.001754101454702,11.001754101454702
bourbon,1,11.001754101454702,11.001754101454702
frantically,1,11.001754101454702,11.001754101454702
encounters,1,11.001754101454702,11.001754101454702
canvases,1,11.001754101454702,11.001754101454702
victorian,1,11.001754101454702,11.001754101454702
oscar,1,11.001754101454702,11.001754101454702
appraisal,1,11.001754101454702,11.001754101454702
canoe,1,11.001754101454702,11.001754101454702
abolition,1,11.001754101454702,11.001754101454702
reliance,1,11.001754101454702,11.001754101454702
celestial,1,11.001754101454702,11.001754101454702
clinging,1,11.001754101454702,11.001754101454702
mysterious,1,11.001505825611485,11.001505825611485
eighteen,1,10.994520375651211,10.994520375651211
imagined,1,10.991355801727257,10.991355801727257
physics,1,10.989331581872811,10.989331581872811
produces,1,10.988766906594558,10.988766906594558
collections,1,10.981134814490062,10.981134814490062
sharpe,3,10.979556450024923,3.6598521500083074
emergence,1,10.979504623804813,10.979504623804813
crimes,1,10.97912179063542,10.97912179063542
dumb,1,10.978860282144405,10.978860282144405
photographic,1,10.976239131155534,10.976239131155534
florence,1,10.975028860802096,10.975028860802096
jenkins,1,10.973583224904672,10.973583224904672
folly,1,10.970982443343503,10.970982443343503
intermediate,1,10.970654098104,10.970654098104
systematically,1,10.969913496154598,10.969913496154598
pairs,1,10.968712294808965,10.968712294808965
combinations,1,10.963014274091153,10.963014274091153
tactics,1,10.961877436403936,10.961877436403936
aiding,1,10.957436093906532,10.957436093906532
rigors,1,10.95465534059972,10.95465534059972
possession,1,10.95296393823765,10.95296393823765
journalist,1,10.952963937523364,10.952963937523364
accomplish,1,10.952963937523364,10.952963937523364
sons,1,10.950692383400769,10.950692383400769
fostered,1,10.950538416110277,10.950538416110277
register,1,10.95046080806715,10.95046080806715
priority,1,10.950363156251878,10.950363156251878
nomenclature,2,10.950210120210052,5.475105060105026
psychoanalytic,1,10.94785533574666,10.94785533574666
despise,1,10.946499351776247,10.946499351776247
hottest,1,10.941646337880602,10.941646337880602
packed,1,10.938977696352197,10.938977696352197
planted,1,10.937215580733797,10.937215580733797
entourage,1,10.93344640788316,10.93344640788316
echo,1,10.932761230384417,10.932761230384417
hampshire,2,10.932244413002854,5.466122206501427
bedside,1,10.93195476435474,10.93195476435474
agenda,1,10.931897582351946,10.931897582351946
borders,1,10.931795513264458,10.931795513264458
turkish,1,10.929407032777458,10.929407032777458
cambridge,1,10.927646129856535,10.927646129856535
debt,1,10.927646129717646,10.927646129717646
floors,1,10.927646129539076,10.927646129539076
woods,1,10.927012817723552,10.927012817723552
facility,1,10.927012817612441,10.927012817612441
calmly,1,10.925381123086794,10.925381123086794
brutality,1,10.924793060874128,10.924793060874128
retreat,1,10.924793060874128,10.924793060874128
assemblies,1,10.92479306073524,10.92479306073524
absorption,1,10.92479306073524,10.92479306073524
mediterranean,1,10.922178435599161,10.922178435599161
juniors,2,10.920384661948201,5.460192330974101
sanction,1,10.916596293352491,10.916596293352491
appreciated,1,10.91525098454696,10.91525098454696
accomplishments,1,10.912688753089377,10.912688753089377
politically,1,10.91214194300311,10.91214194300311
fuses,1,10.90766111838359,10.90766111838359
composition,1,10.906578504437157,10.906578504437157
deputies,1,10.906443922067043,10.906443922067043
financing,1,10.902908267896501,10.902908267896501
methodist,1,10.90232020502207,10.90232020502207
spell,1,10.90121287289949,10.90121287289949
puppet,1,10.899828607736863,10.899828607736863
screw,1,10.898952714937241,10.898952714937241
hunger,1,10.892739947031963,10.892739947031963
checks,1,10.891753207073707,10.891753207073707
brushed,1,10.891234503744423,10.891234503744423
luncheon,1,10.890991032578098,10.890991032578098
inescapable,1,10.888322187177332,10.888322187177332
handles,1,10.883971066214984,10.883971066214984
matsuo,1,10.882233446941443,10.882233446941443
representing,1,10.88221514036272,10.88221514036272
resemblance,1,10.880676170568133,10.880676170568133
carries,1,10.879695729059028,10.879695729059028
egg,1,10.878160107552706,10.878160107552706
theoretical,1,10.876383530682332,10.876383530682332
recipients,1,10.876233612738176,10.876233612738176
stalag,1,10.872639765785015,10.872639765785015
truman,2,10.871440332613508,5.435720166306754
ambiguous,1,10.870997173412205,10.870997173412205
maximization,2,10.86921377620111,5.434606888100555
defensive,1,10.868222709663513,10.868222709663513
carroll,1,10.862492034787861,10.862492034787861
chase,1,10.859638966036224,10.859638966036224
protestations,1,10.859565886497437,10.859565886497437
lunar,1,10.859006613216609,10.859006613216609
finances,1,10.850103979082704,10.850103979082704
waco,1,10.849345862759085,10.849345862759085
intima,1,10.848531532290261,10.848531532290261
transmutation,1,10.848531532290261,10.848531532290261
dancers,1,10.847832020224113,10.847832020224113
females,1,10.847703317637137,10.847703317637137
bunks,1,10.847703317637137,10.847703317637137
trick,1,10.847603422182999,10.847603422182999
gripped,1,10.84760342204411,10.84760342204411
ladder,1,10.84760342186554,10.84760342186554
knit,1,10.84760342186554,10.84760342186554
entails,1,10.84760342186554,10.84760342186554
compartment,1,10.84760342186554,10.84760342186554
organ,1,10.84760342186554,10.84760342186554
selfish,1,10.84760342186554,10.84760342186554
invoked,1,10.847182829078138,10.847182829078138
civilized,1,10.844763363950898,10.844763363950898
lightly,1,10.843737317678643,10.843737317678643
lordship,1,10.84362021834201,10.84362021834201
galaxies,1,10.843379762806368,10.843379762806368
mature,1,10.83743596267313,10.83743596267313
ma,1,10.83518090246222,10.83518090246222
heroes,1,10.833274476836495,10.833274476836495
franklin,2,10.832873814953988,5.416436907476994
spokesmen,1,10.831702638010137,10.831702638010137
cigarette,2,10.82982038525104,5.41491019262552
restraint,1,10.829382876180581,10.829382876180581
stricken,1,10.828674696914725,10.828674696914725
willow,1,10.828388827121884,10.828388827121884
solar,1,10.82740071497659,10.82740071497659
foundations,1,10.819432545077413,10.819432545077413
reunion,1,10.819432545077413,10.819432545077413
carpet,1,10.819432545077413,10.819432545077413
dwight,1,10.819432545077413,10.819432545077413
liberalism,1,10.819432545077413,10.819432545077413
reviewing,1,10.817096959592021,10.817096959592021
performers,1,10.816831763516245,10.816831763516245
ensemble,1,10.815263067047791,10.815263067047791
sympathize,1,10.813671024389427,10.813671024389427
aided,1,10.813280040223757,10.813280040223757
streams,1,10.811710498983503,10.811710498983503
dew,1,10.811467974796756,10.811467974796756
structural,1,10.809863094596977,10.809863094596977
truly,1,10.809176045803081,10.809176045803081
anxious,1,10.807020151989494,10.807020151989494
detecting,1,10.802038056016192,10.802038056016192
auto,1,10.800350537674333,10.800350537674333
calendar,1,10.79754775182691,10.79754775182691
wit,1,10.795615302375076,10.795615302375076
striking,1,10.79558133005069,10.79558133005069
height,1,10.78776986171603,10.78776986171603
manifest,1,10.787151246361747,10.787151246361747
construed,1,10.786248358168377,10.786248358168377
marinas,1,10.781221313737332,10.781221313737332
waterfront,1,10.78077777390531,10.78077777390531
afforded,1,10.778610550807159,10.778610550807159
farmer,1,10.778610550807159,10.778610550807159
impulses,1,10.778610550696047,10.778610550696047
focused,1,10.77861055055716,10.77861055055716
beethoven,1,10.775665040577401,10.775665040577401
sensitivity,1,10.77421493983412,10.77421493983412
nut,1,10.768139250939862,10.768139250939862
protein,1,10.76497840210801,10.76497840210801
wiped,1,10.76497840210801,10.76497840210801
observance,1,10.760443942754051,10.760443942754051
milling,1,10.759192464950058,10.759192464950058
distinctions,1,10.758807923510979,10.758807923510979
domination,1,10.758807923399868,10.758807923399868
diseases,1,10.757833423032068,10.757833423032068
eliminate,2,10.75087617639145,5.375438088195725
emergency,1,10.750439674215462,10.750439674215462
conversations,1,10.750439673729351,10.750439673729351
deviation,2,10.7482467653867,5.37412338269335
fourteen,1,10.746861852825912,10.746861852825912
ruin,1,10.744708999020366,10.744708999020366
artificial,1,10.742342801979312,10.742342801979312
bitten,1,10.728635735950434,10.728635735950434
silver,1,10.728460767566132,10.728460767566132
sinned,1,10.727794451746126,10.727794451746126
saturn,1,10.7275496466669,10.7275496466669
privately,1,10.727317256419608,10.727317256419608
continually,1,10.72719030840061,10.72719030840061
excuse,1,10.72590648769159,10.72590648769159
safest,1,10.725724103028714,10.725724103028714
italians,1,10.725070592136207,10.725070592136207
stains,1,10.724122365411977,10.724122365411977
apprehensions,1,10.722948803597456,10.722948803597456
anterior,1,10.72125860719715,10.72125860719715
economics,1,10.719250705036927,10.719250705036927
dealings,1,10.717098380702376,10.717098380702376
buggy,1,10.716574912320933,10.716574912320933
nurse,1,10.716038247289797,10.716038247289797
stiff,1,10.714072029836254,10.714072029836254
adherence,1,10.714072029419588,10.714072029419588
oppose,1,10.714072029419587,10.714072029419587
repetition,1,10.714072029419587,10.714072029419587
employer,1,10.714072029419587,10.714072029419587
pan,1,10.714072029419587,10.714072029419587
verses,1,10.714072029419587,10.714072029419587
sociology,1,10.714072029419587,10.714072029419587
haste,1,10.7121138136096,10.7121138136096
tremendous,1,10.710230550243223,10.710230550243223
neat,1,10.709733628161898,10.709733628161898
warmed,1,10.70164950955992,10.70164950955992
characterized,1,10.69672096384488,10.69672096384488
deerstalker,1,10.696602030258186,10.696602030258186
unstructured,1,10.694206686503522,10.694206686503522
vernon,1,10.693350706947244,10.693350706947244
targets,1,10.692955106561998,10.692955106561998
particle,1,10.692034051062498,10.692034051062498
belonged,1,10.690318398996144,10.690318398996144
fogg,1,10.686746104399225,10.686746104399225
electron,1,10.686145323468399,10.686145323468399
fee,1,10.685084492796335,10.685084492796335
relied,1,10.684629480791378,10.684629480791378
rescued,1,10.684629480791378,10.684629480791378
taxpayer,1,10.684498036768549,10.684498036768549
surplus,1,10.683300371093743,10.683300371093743
thrust,1,10.680549337916657,10.680549337916657
squeezed,1,10.680549337861713,10.680549337861713
garibaldi,1,10.677257413076404,10.677257413076404
mainland,1,10.672906524266752,10.672906524266752
riverside,1,10.672538799554458,10.672538799554458
quotes,1,10.671918214840739,10.671918214840739
admittedly,1,10.668554548504112,10.668554548504112
toys,1,10.660827515039664,10.660827515039664
profits,1,10.657982563018544,10.657982563018544
speaks,1,10.65650689324826,10.65650689324826
cytoplasm,1,10.655083427096224,10.655083427096224
cake,1,10.65507834375126,10.65507834375126
porous,1,10.65455838031949,10.65455838031949
notorious,1,10.653930462246178,10.653930462246178
dashed,1,10.653930462246178,10.653930462246178
profound,1,10.653447408264917,10.653447408264917
outline,1,10.6521966259515,10.6521966259515
beds,1,10.651551672779162,10.651551672779162
imposed,1,10.646932726922868,10.646932726922868
retained,1,10.646121367927746,10.646121367927746
sustained,1,10.645079158349303,10.645079158349303
bees,1,10.637531952547253,10.637531952547253
nightmare,1,10.634684171921103,10.634684171921103
insights,1,10.634029321996051,10.634029321996051
reflects,1,10.631321768002659,10.631321768002659
ecliptic,1,10.630348486719384,10.630348486719384
folks,1,10.629630378249482,10.629630378249482
injured,1,10.629544876689355,10.629544876689355
swarthy,1,10.629105071102837,10.629105071102837
chapel,1,10.6244598709799,10.6244598709799
ranks,1,10.622339671304056,10.622339671304056
withholding,1,10.61971007647838,10.61971007647838
wax,1,10.614798286848869,10.614798286848869
revised,1,10.614798286848869,10.614798286848869
colonies,1,10.614123854446598,10.614123854446598
sucked,1,10.61410142424638,10.61410142424638
inception,1,10.6128241854987,10.6128241854987
grown,1,10.611036379811019,10.611036379811019
instruction,1,10.608267117785266,10.608267117785266
detected,1,10.605163807745564,10.605163807745564
officially,1,10.600743344648299,10.600743344648299
representation,1,10.59628899417987,10.59628899417987
erect,1,10.596288994013204,10.596288994013204
saint,1,10.596288994013204,10.596288994013204
plantation,1,10.596288993902093,10.596288993902093
irony,1,10.596288993902093,10.596288993902093
andrew,1,10.596288993902093,10.596288993902093
jerry,1,10.596288993902093,10.596288993902093
institutionalized,1,10.595786426698481,10.595786426698481
stresses,1,10.593822901684677,10.593822901684677
paramount,1,10.592356872522517,10.592356872522517
convenience,1,10.587990191289418,10.587990191289418
grave,1,10.587790883089657,10.587790883089657
vases,1,10.584253067506697,10.584253067506697
pittsburgh,1,10.584018901796389,10.584018901796389
soda,1,10.582392806047242,10.582392806047242
collective,1,10.579134423615377,10.579134423615377
loyalty,1,10.578594357195852,10.578594357195852
typewriter,1,10.578239689976437,10.578239689976437
mountainous,1,10.574318070282786,10.574318070282786
haven,2,10.574317937477343,5.287158968738671
surrounded,1,10.574157447163524,10.574157447163524
homely,1,10.571589799367086,10.571589799367086
exclaimed,1,10.570971186028913,10.570971186028913
trustee,1,10.570619602360262,10.570619602360262
bones,1,10.569971685981544,10.569971685981544
orthodontist,1,10.569513097857174,10.569513097857174
autonomy,1,10.56667714019733,10.56667714019733
comparatively,1,10.566288759740045,10.566288759740045
furious,1,10.563495419984035,10.563495419984035
negotiations,1,10.559921350128043,10.559921350128043
mechanisms,1,10.549827536958825,10.549827536958825
optimum,1,10.546421113417129,10.546421113417129
baffling,1,10.539035768944423,10.539035768944423
englishman,1,10.53493713190136,10.53493713190136
rendering,1,10.533488092774174,10.533488092774174
orange,1,10.5317504730423,10.5317504730423
cloud,1,10.528230752420837,10.528230752420837
remembering,1,10.52633040557296,10.52633040557296
motel,1,10.524262724300256,10.524262724300256
knight,1,10.520099855941371,10.520099855941371
fastest,1,10.519245037921946,10.519245037921946
metaphysics,1,10.519099355322075,10.519099355322075
hal,2,10.519047184161,5.2595235920805
winooski,1,10.512703852298094,10.512703852298094
threaten,1,10.510715118122118,10.510715118122118
customers,1,10.506692677179638,10.506692677179638
faded,1,10.503786639253642,10.503786639253642
courthouse,1,10.502580551714503,10.502580551714503
inadequacy,1,10.502580551714503,10.502580551714503
dragging,1,10.490928478522045,10.490928478522045
walks,1,10.490928478355377,10.490928478355377
gasoline,1,10.490928478355377,10.490928478355377
fringe,1,10.490928478355377,10.490928478355377
lightning,1,10.487083982512102,10.487083982512102
clothing,1,10.485145007617973,10.485145007617973
rejected,1,10.481106740640211,10.481106740640211
menu,1,10.479292792874178,10.479292792874178
headwaters,1,10.479292792874178,10.479292792874178
strasbourg,1,10.476598762887335,10.476598762887335
mice,1,10.47571508790186,10.47571508790186
interestingly,1,10.475094855940121,10.475094855940121
undertaken,1,10.466634423285006,10.466634423285006
donna,1,10.466535926029412,10.466535926029412
cease,1,10.463401271560791,10.463401271560791
abruptly,1,10.462757601763682,10.462757601763682
trains,1,10.462757601555348,10.462757601555348
albany,1,10.461391365884433,10.461391365884433
savings,1,10.458222446454059,10.458222446454059
lyttleton,1,10.458049630169805,10.458049630169805
pausing,1,10.458049630169805,10.458049630169805
erikson,1,10.458049630169805,10.458049630169805
pleura,1,10.456535034626402,10.456535034626402
intervention,1,10.453458416237076,10.453458416237076
advantageous,1,10.449763128197786,10.449763128197786
annapolis,1,10.449634745932425,10.449634745932425
hr,2,10.449585370804469,5.224792685402234
elizabeth,1,10.44213831447166,10.44213831447166
ideally,1,10.441290081491214,10.441290081491214
digby,1,10.441290081491214,10.441290081491214
macklin,1,10.441290081491214,10.441290081491214
hague,1,10.441290081491214,10.441290081491214
offend,1,10.440173979380459,10.440173979380459
retard,1,10.440173979380459,10.440173979380459
forestall,1,10.438032875485451,10.438032875485451
purity,1,10.434839011795242,10.434839011795242
elevator,1,10.434725701573333,10.434725701573333
simulated,1,10.43428368850403,10.43428368850403
smelled,1,10.433543045088287,10.433543045088287
hansen,1,10.433014474609884,10.433014474609884
stall,1,10.427440765562812,10.427440765562812
races,1,10.426389957592807,10.426389957592807
michelangelo,1,10.426298049907498,10.426298049907498
barnett,1,10.424806791670436,10.424806791670436
indictment,1,10.42402988397681,10.42402988397681
tenth,1,10.423302828067955,10.423302828067955
uninterrupted,1,10.420280632318233,10.420280632318233
ensuing,1,10.42016824917178,10.42016824917178
ethics,1,10.419619450881365,10.419619450881365
severely,1,10.41682050648737,10.41682050648737
hino,1,10.416665926741231,10.416665926741231
proceeding,1,10.416665926741231,10.416665926741231
cleaned,1,10.408590800682685,10.408590800682685
uneasiness,1,10.407748424205812,10.407748424205812
welcomed,1,10.404946527331184,10.404946527331184
murky,1,10.404128134181995,10.404128134181995
oersted,1,10.400580360288787,10.400580360288787
screen,1,10.400544417220441,10.400544417220441
respiratory,2,10.397516148835514,5.198758074417757
magistrate,1,10.397220036056677,10.397220036056677
farms,1,10.395618298641962,10.395618298641962
cabinet,1,10.395618298641962,10.395618298641962
link,1,10.395618298641962,10.395618298641962
displays,1,10.395618298641962,10.395618298641962
unlimited,1,10.392922655227347,10.392922655227347
relating,1,10.390845020131728,10.390845020131728
bottoms,1,10.390806895813485,10.390806895813485
irish,1,10.389372636995919,10.389372636995919
memorial,1,10.386257856077204,10.386257856077204
references,1,10.384749448425026,10.384749448425026
typically,1,10.384749448425026,10.384749448425026
couplers,2,10.38458035193085,5.192290175965425
owen,1,10.38319577899694,10.38319577899694
findings,1,10.38319577888583,10.38319577888583
geological,1,10.38210610284039,10.38210610284039
honored,1,10.377599793334088,10.377599793334088
newly,1,10.377599793334088,10.377599793334088
lighting,1,10.376926992952628,10.376926992952628
sweat,1,10.376926992952628,10.376926992952628
preliminary,1,10.376926992952628,10.376926992952628
pilgrims,1,10.376400823879834,10.376400823879834
ambition,1,10.375424460683234,10.375424460683234
completeness,1,10.373932277216351,10.373932277216351
incidence,1,10.373932277216351,10.373932277216351
destructive,1,10.373067926797306,10.373067926797306
buying,1,10.365177273573627,10.365177273573627
ritual,1,10.362095606743178,10.362095606743178
salesmen,1,10.358948553044824,10.358948553044824
jet,1,10.35866394656832,10.35866394656832
sampling,1,10.35512693748203,10.35512693748203
universal,1,10.35334281581458,10.35334281581458
collecting,1,10.351326628207959,10.351326628207959
attached,1,10.349888580868061,10.349888580868061
stride,1,10.347634985646108,10.347634985646108
sugar,1,10.34623508655154,10.34623508655154
staring,1,10.340668854494771,10.340668854494771
sunnyvale,1,10.339142259222761,10.339142259222761
observers,1,10.338238719453509,10.338238719453509
workable,1,10.333211719204781,10.333211719204781
exploding,1,10.332329638534045,10.332329638534045
exaggeration,1,10.330322581871835,10.330322581871835
aborigines,1,10.318991973052368,10.318991973052368
sara,1,10.318724462167973,10.318724462167973
insult,1,10.30935409449003,10.30935409449003
adding,1,10.30860692172809,10.30860692172809
twisted,1,10.30860692172809,10.30860692172809
messages,1,10.30860692172809,10.30860692172809
proportions,1,10.30860692172809,10.30860692172809
introject,1,10.307819413370003,10.307819413370003
neocortex,1,10.306143557964278,10.306143557964278
fatal,1,10.302774307477213,10.302774307477213
trembling,1,10.296772464326185,10.296772464326185
prevailing,1,10.296423488948614,10.296423488948614
constitute,1,10.296184402007311,10.296184402007311
tissue,2,10.294502676576851,5.1472513382884255
audiences,1,10.293102735256227,10.293102735256227
habit,1,10.293102735256227,10.293102735256227
gains,1,10.291015485825945,10.291015485825945
excessive,1,10.288432170853712,10.288432170853712
dreadnought,1,10.285121917254136,10.285121917254136
manipulate,1,10.280330775741284,10.280330775741284
secretariat,1,10.277402962875783,10.277402962875783
arabic,1,10.27549392536493,10.27549392536493
bunched,1,10.272561699783353,10.272561699783353
rigidly,1,10.265015683342362,10.265015683342362
aged,1,10.263465621401984,10.263465621401984
stockings,1,10.255995656070489,10.255995656070489
secondary,1,10.255963188520445,10.255963188520445
forthcoming,1,10.254597281358876,10.254597281358876
physically,1,10.249793328934517,10.249793328934517
expert,1,10.246829562388989,10.246829562388989
sponsor,1,10.244891107508648,10.244891107508648
trotted,1,10.242677182173514,10.242677182173514
discrete,1,10.236542651910995,10.236542651910995
argon,1,10.236542651910995,10.236542651910995
fulton,1,10.234172036521693,10.234172036521693
sizes,1,10.233364770067928,10.233364770067928
hydrogens,1,10.228879955449315,10.228879955449315
whisky,1,10.228564214118656,10.228564214118656
thyroglobulin,1,10.228564214118656,10.228564214118656
stillness,1,10.223597100649945,10.223597100649945
annihilation,1,10.217715937733542,10.217715937733542
adapt,1,10.217072000903428,10.217072000903428
steadily,1,10.214534366151133,10.214534366151133
install,1,10.213792309914634,10.213792309914634
shopping,1,10.209077326547723,10.209077326547723
wealth,1,10.207056373386076,10.207056373386076
australian,1,10.205781791899243,10.205781791899243
spilling,1,10.204453930309095,10.204453930309095
tucson,1,10.204453930309095,10.204453930309095
thrown,1,10.20324640648693,10.20324640648693
rivers,1,10.201602602640008,10.201602602640008
planets,1,10.19694582972269,10.19694582972269
slob,1,10.196902937358663,10.196902937358663
unhappily,1,10.195738498638327,10.195738498638327
southeastern,1,10.194380040876627,10.194380040876627
loaned,1,10.193534803557762,10.193534803557762
conflict,1,10.18585656933652,10.18585656933652
mouthpiece,1,10.182127743830518,10.182127743830518
rubbing,1,10.178549202852869,10.178549202852869
taxation,1,10.178549202852869,10.178549202852869
slacks,1,10.177271407218807,10.177271407218807
larvae,1,10.177173201614558,10.177173201614558
confederacy,1,10.175931944447315,10.175931944447315
rejection,1,10.174182365638133,10.174182365638133
aisle,1,10.17326755274353,10.17326755274353
springs,1,10.172474747570176,10.172474747570176
grouped,1,10.167201184125526,10.167201184125526
ralph,1,10.167021749729967,10.167021749729967
auditorium,1,10.166387718340577,10.166387718340577
friday,1,10.163198015853734,10.163198015853734
cult,1,10.159845148553535,10.159845148553535
patients,1,10.158034063682049,10.158034063682049
herd,1,10.15445624201988,10.15445624201988
collar,1,10.15445624201988,10.15445624201988
ussr,1,10.154275349270746,10.154275349270746
freeze,1,10.14904191595916,10.14904191595916
growl,1,10.143688409064733,10.143688409064733
snap,1,10.143618078434804,10.143618078434804
definition,1,10.136649796533542,10.136649796533542
attach,1,10.131051759619181,10.131051759619181
malocclusion,1,10.129094049831046,10.129094049831046
eugene,1,10.126285365142468,10.126285365142468
inform,1,10.123510902603828,10.123510902603828
advent,1,10.122537004572294,10.122537004572294
wheel,2,10.117647488286877,5.058823744143439
acropolis,1,10.112358492292945,10.112358492292945
synthesis,1,10.111815934350304,10.111815934350304
purchases,1,10.111403132258525,10.111403132258525
ward,1,10.105275972326334,10.105275972326334
admire,1,10.098436560715005,10.098436560715005
dome,1,10.095568459472709,10.095568459472709
exceed,1,10.093273278897321,10.093273278897321
avocado,1,10.09205281880005,10.09205281880005
juvenile,1,10.090739119821663,10.090739119821663
brooding,1,10.087520785122623,10.087520785122623
grateful,1,10.085463370580547,10.085463370580547
finals,1,10.080865177569594,10.080865177569594
territory,1,10.08027360890117,10.08027360890117
enclosure,1,10.080251416561707,10.080251416561707
nazis,1,10.079776085029355,10.079776085029355
fearful,1,10.076167037599095,10.076167037599095
verbal,1,10.073319169290015,10.073319169290015
wars,1,10.073040850748656,10.073040850748656
examination,1,10.07019589856087,10.07019589856087
sang,1,10.065660743362798,10.065660743362798
sew,1,10.063996012205935,10.063996012205935
conversely,1,10.061507488970845,10.061507488970845
prisoners,1,10.061377903782649,10.061377903782649
favors,1,10.056706918287414,10.056706918287414
retire,1,10.046354186412854,10.046354186412854
fences,1,10.045976702875665,10.045976702875665
illness,1,10.045502503858568,10.045502503858568
ignition,1,10.034672227673264,10.034672227673264
poker,1,10.032468461805623,10.032468461805623
contracts,1,10.020924849484642,10.020924849484642
dying,1,10.020924849484642,10.020924849484642
dromozoa,1,10.00633305768781,10.00633305768781
prove,2,10.006323778379633,5.003161889189816
andrus,1,10.001671305877657,10.001671305877657
troublesome,1,10.000020565037993,10.000020565037993
branches,1,9.994668090337159,9.994668090337159
frieze,1,9.987849594405532,9.987849594405532
hearty,1,9.98454971932029,9.98454971932029
consisting,1,9.980102855189386,9.980102855189386
suitcase,1,9.978221808895212,9.978221808895212
trio,1,9.976258264178618,9.976258264178618
presiding,1,9.976258264178618,9.976258264178618
odds,1,9.976258264178618,9.976258264178618
separation,1,9.97526331136858,9.97526331136858
marches,1,9.968349151973621,9.968349151973621
stream,1,9.967244700169829,9.967244700169829
neglected,1,9.962351462876953,9.962351462876953
rupee,1,9.957225732666915,9.957225732666915
scanned,1,9.95711736192225,9.95711736192225
accuse,1,9.956881896129607,9.956881896129607
hull,1,9.956540894183924,9.956540894183924
torque,1,9.955261848823529,9.955261848823529
comprehend,1,9.949066045531959,9.949066045531959
stairway,1,9.948772152749893,9.948772152749893
attendant,1,9.948407544484366,9.948407544484366
cancel,1,9.946212976549551,9.946212976549551
bastards,1,9.943908762451919,9.943908762451919
hypothesis,1,9.941323205841929,9.941323205841929
gazette,1,9.94038943720711,9.94038943720711
dumped,1,9.938146213826258,9.938146213826258
bryan,1,9.938103246253462,9.938103246253462
vaginal,1,9.935836286852776,9.935836286852776
dugout,1,9.931718121696456,9.931718121696456
transit,1,9.926595120011987,9.926595120011987
delegate,1,9.923680559618973,9.923680559618973
occupational,1,9.918321470637034,9.918321470637034
northeast,1,9.915654839489617,9.915654839489617
noteworthy,1,9.911118630528126,9.911118630528126
fragile,1,9.910257100942212,9.910257100942212
contributions,1,9.903141813897703,9.903141813897703
equipped,1,9.903141813897703,9.903141813897703
grey,1,9.899246352375146,9.899246352375146
classical,1,9.89607084606209,9.89607084606209
aesthetic,1,9.895572162421571,9.895572162421571
forerunner,1,9.894052774883976,9.894052774883976
grabski,1,9.893653384438172,9.893653384438172
sandman,1,9.893653384438172,9.893653384438172
ephesians,1,9.893653384438172,9.893653384438172
tablespoonful,1,9.890764142126217,9.890764142126217
indonesia,1,9.888859130364247,9.888859130364247
emerson,1,9.884087751536315,9.884087751536315
monotony,1,9.879223514854854,9.879223514854854
mouths,1,9.87658180991311,9.87658180991311
ritter,1,9.87461275367034,9.87461275367034
premise,1,9.874514689408713,9.874514689408713
attrition,1,9.874400817698273,9.874400817698273
award,1,9.874321375463222,9.874321375463222
stereo,1,9.86990870930147,9.86990870930147
thrill,1,9.86774671278829,9.86774671278829
foliage,1,9.865226689402364,9.865226689402364
prayer,1,9.862303415417683,9.862303415417683
mahogany,1,9.861040993794811,9.861040993794811
payne,1,9.860566488695376,9.860566488695376
byron,1,9.855927904759467,9.855927904759467
tories,1,9.854832061730695,9.854832061730695
interfacial,1,9.854832061730695,9.854832061730695
traditions,1,9.852539319983284,9.852539319983284
historically,1,9.851310737977444,9.851310737977444
pansy,1,9.850898662750408,9.850898662750408
materialism,1,9.847857304247315,9.847857304247315
assuming,1,9.846714791484427,9.846714791484427
cuts,1,9.845571962177235,9.845571962177235
pipeline,1,9.842836034021934,9.842836034021934
crashing,1,9.842836034021934,9.842836034021934
aborigine,1,9.842579764684587,9.842579764684587
tops,1,9.842579764684587,9.842579764684587
legislators,1,9.84213987111747,9.84213987111747
folklore,1,9.841788715971404,9.841788715971404
adjustment,1,9.840340912779446,9.840340912779446
storehouse,1,9.840153293143777,9.840153293143777
sheep,1,9.837585785366338,9.837585785366338
mental,1,9.835085618928423,9.835085618928423
switched,1,9.834296467414346,9.834296467414346
thighs,1,9.832942299102374,9.832942299102374
quirt,1,9.828159332438696,9.828159332438696
voltaire,1,9.827786933605767,9.827786933605767
exploded,1,9.827415347596151,9.827415347596151
blazing,1,9.820966891913022,9.820966891913022
alleged,1,9.818471399892172,9.818471399892172
bent,1,9.817996710500768,9.817996710500768
regulations,1,9.805042608642523,9.805042608642523
bucket,1,9.801278777487397,9.801278777487397
proportionate,1,9.798717675025294,9.798717675025294
hardship,1,9.798351578564713,9.798351578564713
hanover,2,9.789741793198807,4.894870896599404
curb,1,9.789438124681789,9.789438124681789
strongest,1,9.785374369582929,9.785374369582929
vociferous,1,9.784031341720018,9.784031341720018
jew,1,9.783473738796419,9.783473738796419
chewing,1,9.769757946276775,9.769757946276775
icy,1,9.766151189132012,9.766151189132012
theft,1,9.765904327471468,9.765904327471468
strain,1,9.762080919453165,9.762080919453165
mucosa,1,9.761875825965726,9.761875825965726
enlarge,1,9.759033852107997,9.759033852107997
murderer,1,9.75165993777331,9.75165993777331
changing,2,9.751559151214643,4.8757795756073214
agriculture,1,9.750951650561628,9.750951650561628
measurements,1,9.75060599572425,9.75060599572425
traversed,1,9.749876378265498,9.749876378265498
collaboration,1,9.74295143644466,9.74295143644466
escort,1,9.741331878909754,9.741331878909754
merge,1,9.73625237404872,9.73625237404872
tub,1,9.720921877850932,9.720921877850932
rubbed,1,9.715459171778221,9.715459171778221
brandywine,1,9.715003380759127,9.715003380759127
excited,1,9.714912432741455,9.714912432741455
grief,1,9.714125941914974,9.714125941914974
anglican,1,9.713156018323033,9.713156018323033
rush,1,9.71191504518047,9.71191504518047
extensively,1,9.708627746536003,9.708627746536003
rotating,1,9.70760043932138,9.70760043932138
sitter,1,9.701008901965347,9.701008901965347
discourage,1,9.697467495081291,9.697467495081291
commonplace,1,9.688772745330342,9.688772745330342
wages,1,9.686709163971587,9.686709163971587
railway,1,9.68140977057885,9.68140977057885
santa,1,9.679065918018129,9.679065918018129
float,1,9.6769859334317,9.6769859334317
exciting,1,9.675666271637613,9.675666271637613
nutritional,1,9.668069224265501,9.668069224265501
cheap,1,9.662919192846166,9.662919192846166
generalize,1,9.661383973080177,9.661383973080177
arouse,1,9.661383973080177,9.661383973080177
lash,1,9.661383973080177,9.661383973080177
flowers,1,9.658501492947545,9.658501492947545
basket,1,9.657629183815175,9.657629183815175
dissolve,1,9.653673336450172,9.653673336450172
cone,1,9.653673336450172,9.653673336450172
holder,1,9.653237593314097,9.653237593314097
convince,1,9.64189700849539,9.64189700849539
knights,1,9.6417126352007,9.6417126352007
plainly,1,9.638323604249372,9.638323604249372
toxic,1,9.638011624009788,9.638011624009788
furnace,1,9.630609555481394,9.630609555481394
cluster,1,9.608844611103734,9.608844611103734
commended,1,9.608643564458209,9.608643564458209
melting,1,9.606866134393657,9.606866134393657
champagne,1,9.600635209391175,9.600635209391175
transom,1,9.585424108414665,9.585424108414665
truncated,1,9.581828726168638,9.581828726168638
spectacular,1,9.57487629583152,9.57487629583152
wears,1,9.574186548868747,9.574186548868747
thinks,1,9.569380995005718,9.569380995005718
tons,1,9.569003879006663,9.569003879006663
verify,1,9.563794010260871,9.563794010260871
penetration,1,9.56144432364469,9.56144432364469
expressive,1,9.560836346391705,9.560836346391705
pavement,2,9.555658726060319,4.777829363030159
wept,1,9.554019952109847,9.554019952109847
seventeenth,1,9.55181981572141,9.55181981572141
contradiction,1,9.54914715920067,9.54914715920067
crazy,1,9.540382083541909,9.540382083541909
believer,1,9.540325766441295,9.540325766441295
kennings,1,9.531132244663855,9.531132244663855
landing,1,9.53106078185072,9.53106078185072
telegraph,2,9.525699442257265,4.7628497211286325
lauren,1,9.521731506445311,9.521731506445311
skorich,1,9.518423849539241,9.518423849539241
shunts,1,9.516772704237606,9.516772704237606
deficiencies,1,9.514936945380162,9.514936945380162
kremlin,1,9.511427375833264,9.511427375833264
alice,1,9.508566020087152,9.508566020087152
acceptable,1,9.506282394650835,9.506282394650835
kitti,1,9.502047710290913,9.502047710290913
allotment,1,9.49788946925563,9.49788946925563
rent,1,9.49788946925563,9.49788946925563
tennis,1,9.492776725944081,9.492776725944081
verdict,1,9.490430597156086,9.490430597156086
similitude,1,9.481806002938578,9.481806002938578
contestants,1,9.481806002938578,9.481806002938578
louisiana,1,9.481468640954521,9.481468640954521
penny,1,9.479562516702197,9.479562516702197
maris,1,9.479562516702197,9.479562516702197
compiler,1,9.473352423021554,9.473352423021554
adolescent,1,9.467153313231494,9.467153313231494
archaeological,1,9.46496970747877,9.46496970747877
weekly,1,9.464021297100556,9.464021297100556
korea,1,9.455485350390099,9.455485350390099
epic,1,9.44950315626857,9.44950315626857
muzzle,1,9.437236158896727,9.437236158896727
alleviate,1,9.431610782163574,9.431610782163574
blade,1,9.430951255429363,9.430951255429363
terminate,1,9.429398442606669,9.429398442606669
pickled,1,9.424773316113578,9.424773316113578
sentence,1,9.420873130214135,9.420873130214135
sante,1,9.416612570870175,9.416612570870175
lumber,1,9.413980274021844,9.413980274021844
accelerometer,1,9.412375942555052,9.412375942555052
alter,1,9.412316913820954,9.412316913820954
fighter,1,9.408946839045175,9.408946839045175
consent,1,9.408179486535957,9.408179486535957
variation,1,9.405176100938437,9.405176100938437
selden,1,9.402498658634778,9.402498658634778
memorable,1,9.398123579788082,9.398123579788082
pinch,1,9.384935439887483,9.384935439887483
assures,1,9.383031741219346,9.383031741219346
distinguish,1,9.379954458176158,9.379954458176158
improving,1,9.378652443549809,9.378652443549809
expedition,1,9.373310188214152,9.373310188214152
sensed,1,9.371260526408447,9.371260526408447
hint,1,9.370340083151257,9.370340083151257
fille,1,9.367991907363729,9.367991907363729
reveals,1,9.361533697189225,9.361533697189225
altar,1,9.356600905015245,9.356600905015245
skiff,1,9.347546795611317,9.347546795611317
soothing,1,9.344888344797289,9.344888344797289
forecast,1,9.336949215095247,9.336949215095247
pagan,1,9.335598194732379,9.335598194732379
shear,1,9.33455437820899,9.33455437820899
stems,1,9.332995948830028,9.332995948830028
mammoth,1,9.325768945563498,9.325768945563498
lodge,1,9.319345034596608,9.319345034596608
jo,1,9.317193596515898,9.317193596515898
essence,1,9.316091838058867,9.316091838058867
rough,1,9.306666452496172,9.306666452496172
accompany,1,9.304985436727817,9.304985436727817
construct,1,9.301333714402011,9.301333714402011
gap,1,9.300393366870521,9.300393366870521
entertained,1,9.28929339596925,9.28929339596925
microscopically,1,9.269106849920396,9.269106849920396
lucille,1,9.268861095973781,9.268861095973781
skyros,1,9.255154468106495,9.255154468106495
dryly,1,9.253374702672303,9.253374702672303
diameter,2,9.247733764213368,4.623866882106684
elmer,1,9.247174153005707,9.247174153005707
willis,1,9.246209442039802,9.246209442039802
meadow,1,9.245507770667551,9.245507770667551
breadth,1,9.242008525143563,9.242008525143563
pa,1,9.241191552364795,9.241191552364795
wart,1,9.239163546736053,9.239163546736053
workout,1,9.238718835041647,9.238718835041647
dish,1,9.236668334095345,9.236668334095345
brink,1,9.233479574014561,9.233479574014561
theresa,1,9.231230684739458,9.231230684739458
yourselves,1,9.22488524477026,9.22488524477026
searching,1,9.224820960820724,9.224820960820724
reputable,1,9.205766874754612,9.205766874754612
narrator,1,9.197882331420965,9.197882331420965
mathematics,1,9.19130080611796,9.19130080611796
newer,1,9.187166429347938,9.187166429347938
programmer,1,9.184870736458834,9.184870736458834
perpetuate,1,9.180266653411914,9.180266653411914
gospel,1,9.178890716545382,9.178890716545382
guerrillas,1,9.178890716545382,9.178890716545382
hire,1,9.170365262228245,9.170365262228245
giants,1,9.16097199525497,9.16097199525497
deck,1,9.15411692297493,9.15411692297493
convert,1,9.152617407888702,9.152617407888702
protest,1,9.141192896912573,9.141192896912573
raymond,1,9.128956337477467,9.128956337477467
archaeology,1,9.120493628457938,9.120493628457938
perception,1,9.11294106623113,9.11294106623113
commute,1,9.112009943204415,9.112009943204415
category,1,9.103826818493337,9.103826818493337
impose,1,9.09963785270056,9.09963785270056
corne,1,9.098655841051142,9.098655841051142
awful,1,9.097312415285042,9.097312415285042
reflexes,1,9.096982863615143,9.096982863615143
exert,1,9.085961876365841,9.085961876365841
resumption,1,9.078691934106232,9.078691934106232
ancestor,1,9.07300471347754,9.07300471347754
forbidden,1,9.072249269221963,9.072249269221963
sidewalk,1,9.06207076478973,9.06207076478973
portable,1,9.05366097007466,9.05366097007466
incidentally,1,9.046783078945083,9.046783078945083
exploit,1,9.043753366157528,9.043753366157528
keith,1,9.03449591044412,9.03449591044412
soften,1,9.034109676886601,9.034109676886601
johnnie,1,9.032462647346291,9.032462647346291
savannah,1,9.031428908362772,9.031428908362772
contractual,1,9.025006468431657,9.025006468431657
undermine,1,9.017709903389903,9.017709903389903
petition,1,9.015920642091814,9.015920642091814
scott,1,9.015593239793931,9.015593239793931
cooperative,1,9.011057157406091,9.011057157406091
focal,1,9.008901071795126,9.008901071795126
parking,1,9.006826364946921,9.006826364946921
circus,1,9.003435922985302,9.003435922985302
hetman,1,9.001576805670595,9.001576805670595
bruises,1,9.00087582207524,9.00087582207524
summit,1,8.99907265746355,8.99907265746355
severe,1,8.998833844894646,8.998833844894646
navy,1,8.994860064888872,8.994860064888872
arose,1,8.991961374730309,8.991961374730309
preacher,1,8.983028718972921,8.983028718972921
promoted,1,8.969617066632967,8.969617066632967
literal,1,8.96680397289964,8.96680397289964
cd,1,8.965090817769745,8.965090817769745
whirled,1,8.947740562810523,8.947740562810523
muttered,1,8.946436985815382,8.946436985815382
infectious,1,8.94165145785608,8.94165145785608
logical,1,8.936823403611076,8.936823403611076
disliked,1,8.927992229621903,8.927992229621903
posse,1,8.922531203350948,8.922531203350948
fault,1,8.918506263602067,8.918506263602067
halt,1,8.912349387732077,8.912349387732077
turnpikes,1,8.912057990366964,8.912057990366964
par,1,8.907660104563039,8.907660104563039
cane,1,8.90462790259694,8.90462790259694
chooses,1,8.90429725193323,8.90429725193323
boot,1,8.904249267793642,8.904249267793642
lo,1,8.902165644929756,8.902165644929756
rites,1,8.896621190964922,8.896621190964922
gigantic,1,8.884171612825313,8.884171612825313
bronx,1,8.881941794432686,8.881941794432686
concur,1,8.880542122745013,8.880542122745013
smallest,1,8.872549190296699,8.872549190296699
natives,1,8.861443457241814,8.861443457241814
lovely,1,8.857365587662322,8.857365587662322
totally,1,8.85601521857044,8.85601521857044
grab,1,8.818913172151115,8.818913172151115
fatty,1,8.817850163054457,8.817850163054457
stack,1,8.817170687693123,8.817170687693123
promoting,1,8.81404607023892,8.81404607023892
promising,1,8.796622625846014,8.796622625846014
tragic,1,8.784245603587031,8.784245603587031
lewisohn,1,8.773758845397055,8.773758845397055
deprived,1,8.749401264003422,8.749401264003422
pry,1,8.748539687070393,8.748539687070393
nixon,3,8.74404095425925,2.9146803180864165
punished,1,8.741721431818219,8.741721431818219
stubborn,1,8.726148101607288,8.726148101607288
remote,1,8.726130201135872,8.726130201135872
congolese,1,8.711290296587547,8.711290296587547
linda,1,8.711248557785206,8.711248557785206
hopeless,1,8.69085236481372,8.69085236481372
pilot,1,8.68947914900689,8.68947914900689
shoved,1,8.684933598729483,8.684933598729483
repaired,1,8.684710841369604,8.684710841369604
tale,1,8.672660328327693,8.672660328327693
formulate,1,8.66713123190825,8.66713123190825
imperative,1,8.66605311127532,8.66605311127532
seemingly,1,8.656852159370096,8.656852159370096
tunnel,1,8.656036755963378,8.656036755963378
dominican,1,8.654190032554906,8.654190032554906
ghost,1,8.653771958696488,8.653771958696488
combines,1,8.64705664631263,8.64705664631263
dated,1,8.646251259663465,8.646251259663465
abandon,1,8.645128624419886,8.645128624419886
cites,1,8.642068602901102,8.642068602901102
lend,1,8.623795012845294,8.623795012845294
preceding,1,8.617755524971637,8.617755524971637
conquest,1,8.608021957730408,8.608021957730408
gentleman,1,8.598072892569805,8.598072892569805
consumer,1,8.589534503379388,8.589534503379388
e,1,8.583181308398348,8.583181308398348
discourse,1,8.57251770847967,8.57251770847967
outcome,1,8.553295753276988,8.553295753276988
congruence,1,8.546127761278711,8.546127761278711
supernatural,1,8.539479557741013,8.539479557741013
voters,1,8.537092402623683,8.537092402623683
cursed,1,8.535565563496899,8.535565563496899
cigar,1,8.53192909087285,8.53192909087285
establishment,1,8.527609800511692,8.527609800511692
mailed,1,8.52682468515472,8.52682468515472
secure,1,8.526789481564032,8.526789481564032
mercy,1,8.522617643555893,8.522617643555893
intensity,2,8.521987684157981,4.260993842078991
hymen,1,8.520087152319524,8.520087152319524
politician,1,8.518780899621119,8.518780899621119
bascom,1,8.488700750681895,8.488700750681895
controlled,1,8.476354646885465,8.476354646885465
sale,1,8.475998542598237,8.475998542598237
deeper,1,8.470288139335649,8.470288139335649
succeed,1,8.457697315140837,8.457697315140837
triple,1,8.447915717743673,8.447915717743673
stretches,1,8.439469207971083,8.439469207971083
crime,1,8.424231841177749,8.424231841177749
revive,1,8.422795785328477,8.422795785328477
bathrobe,1,8.420038634367138,8.420038634367138
autobiography,1,8.413355453584815,8.413355453584815
birthday,1,8.395435433544758,8.395435433544758
stevie,1,8.388857087905492,8.388857087905492
visitor,1,8.376657183714215,8.376657183714215
surely,1,8.371656917181237,8.371656917181237
aricaras,1,8.371390826496407,8.371390826496407
coin,1,8.370660943276729,8.370660943276729
d,1,8.367738066972796,8.367738066972796
industrialized,1,8.354652102662218,8.354652102662218
maritime,1,8.338093924230549,8.338093924230549
continents,1,8.330914695723653,8.330914695723653
sentenced,1,8.312361064531041,8.312361064531041
allocation,1,8.310867878571791,8.310867878571791
ivy,1,8.286535410173057,8.286535410173057
detroit,1,8.271630195058789,8.271630195058789
counsel,1,8.266573237577676,8.266573237577676
adopt,1,8.255304799411348,8.255304799411348
hills,1,8.245904905197536,8.245904905197536
hungarian,1,8.238415501666358,8.238415501666358
aegean,1,8.21140991782469,8.21140991782469
yeah,1,8.210026329931523,8.210026329931523
cady,1,8.207352627199844,8.207352627199844
hellenic,1,8.203787510602455,8.203787510602455
managed,1,8.202560227242024,8.202560227242024
taxi,1,8.194292320963745,8.194292320963745
frowned,1,8.18949034975427,8.18949034975427
fertility,1,8.176971169378238,8.176971169378238
compliance,1,8.175481164317864,8.175481164317864
voltage,1,8.1723993143092,8.1723993143092
nuisance,1,8.163380834219488,8.163380834219488
directions,1,8.157437470292514,8.157437470292514
rang,1,8.129406775199323,8.129406775199323
scope,1,8.125592267450424,8.125592267450424
provisions,2,8.116464584413425,4.058232292206712
gates,1,8.109046518167101,8.109046518167101
vagina,1,8.091267101810734,8.091267101810734
summarized,1,8.08928273338049,8.08928273338049
amusing,1,8.07862657714066,8.07862657714066
irrational,1,8.065619915554482,8.065619915554482
introducing,1,8.056436060341683,8.056436060341683
risen,1,8.055577333598666,8.055577333598666
similarly,1,8.054549628394732,8.054549628394732
decide,1,8.052920226009059,8.052920226009059
destroy,1,8.035997125938033,8.035997125938033
investigate,1,8.030143083940901,8.030143083940901
solve,1,8.009776254107258,8.009776254107258
cares,1,7.998766200607048,7.998766200607048
soloist,1,7.997784157972955,7.997784157972955
hesitate,1,7.9963649528520016,7.9963649528520016
biting,1,7.986439409696567,7.986439409696567
pressures,1,7.983781357763872,7.983781357763872
apt,1,7.9778644120330835,7.9778644120330835
shielded,1,7.970820802542899,7.970820802542899
inspect,1,7.969046640617874,7.969046640617874
absorb,1,7.964780967836052,7.964780967836052
temperatures,1,7.946274481108717,7.946274481108717
satisfied,1,7.9422685635830605,7.9422685635830605
gasket,1,7.940593128175289,7.940593128175289
plato,1,7.932647785701503,7.932647785701503
array,1,7.916584336393993,7.916584336393993
explore,1,7.878266718288265,7.878266718288265
demonstrate,1,7.871249651432169,7.871249651432169
relieve,1,7.862262211301741,7.862262211301741
successive,1,7.856860859071995,7.856860859071995
marsden,1,7.8472161511802225,7.8472161511802225
asks,1,7.80930531690858,7.80930531690858
justify,1,7.807891980322603,7.807891980322603
meantime,1,7.7919709338050325,7.7919709338050325
settle,1,7.791223069610209,7.791223069610209
contemporaries,1,7.776171737470663,7.776171737470663
remarkable,1,7.755908337667143,7.755908337667143
eventual,1,7.745142104414718,7.745142104414718
crossroads,1,7.696206120013342,7.696206120013342
dare,1,7.689244967051029,7.689244967051029
terminal,1,7.683511353884431,7.683511353884431
input,1,7.673382604859482,7.673382604859482
husbands,1,7.660805601873018,7.660805601873018
hydrochloride,1,7.659474126166201,7.659474126166201
comparing,1,7.633952938579257,7.633952938579257
bubbles,1,7.6134470921171795,7.6134470921171795
surrender,2,7.59909578358407,3.799547891792035
abstracting,1,7.588626904993736,7.588626904993736
shout,1,7.580535227834709,7.580535227834709
expenditures,2,7.568299789805419,3.7841498949027095
expansion,1,7.543850409341694,7.543850409341694
embark,1,7.543132519875492,7.543132519875492
maps,1,7.542038625645739,7.542038625645739
quest,1,7.52579818070136,7.52579818070136
stumbled,1,7.508961762308694,7.508961762308694
spectra,1,7.488183812463786,7.488183812463786
roebuck,1,7.479911526039557,7.479911526039557
reckoned,1,7.454013994584106,7.454013994584106
compulsive,1,7.449764496814459,7.449764496814459
rocking,1,7.427492012004783,7.427492012004783
englanders,1,7.423445827551569,7.423445827551569
reveal,1,7.422970847630555,7.422970847630555
edged,1,7.394294098238694,7.394294098238694
warrant,1,7.33798192739559,7.33798192739559
yalta,1,7.327553947735026,7.327553947735026
correlation,1,7.317693329952261,7.317693329952261
ugly,1,7.302893668012744,7.302893668012744
promote,1,7.290984909973645,7.290984909973645
conjunction,1,7.2837872428275965,7.2837872428275965
receiver,1,7.2751891297466615,7.2751891297466615
upright,1,7.226052395662295,7.226052395662295
neckline,1,7.221608104861318,7.221608104861318
payments,1,7.206512303670991,7.206512303670991
ingenious,1,7.206308770397228,7.206308770397228
counterpart,1,7.205505065697918,7.205505065697918
analyzed,1,7.201095571631383,7.201095571631383
effluent,1,7.198375647123653,7.198375647123653
businesses,2,7.1722604178479905,3.5861302089239953
basement,1,7.16895036877824,7.16895036877824
amended,2,7.151837622796849,3.5759188113984246
cheese,2,7.145136742106368,3.572568371053184
catch,1,7.11788550351796,7.11788550351796
impartial,1,7.10235972722257,7.10235972722257
flood,1,7.086075818373629,7.086075818373629
creatures,1,7.0857165272096,7.0857165272096
instructor,1,7.058792736745706,7.058792736745706
loves,1,7.045511408635712,7.045511408635712
assure,1,7.0374723309121014,7.0374723309121014
vacuum,1,7.035763471995609,7.035763471995609
listened,1,7.031633643138781,7.031633643138781
twirling,1,7.021833253166927,7.021833253166927
pseudophloem,1,7.010701818091616,7.010701818091616
indignation,1,6.960355958575553,6.960355958575553
vessels,1,6.937329439998706,6.937329439998706
vending,1,6.928736881959477,6.928736881959477
viet,2,6.877738266568489,3.4388691332842445
shutdowns,1,6.874022524162207,6.874022524162207
oriental,1,6.854547010485677,6.854547010485677
spinco,1,6.851188985322712,6.851188985322712
constable,1,6.842151705462978,6.842151705462978
beams,1,6.826829736248701,6.826829736248701
cups,1,6.821935772247059,6.821935772247059
accordance,1,6.816283581055093,6.816283581055093
identifiable,1,6.806466582001286,6.806466582001286
pedal,1,6.7599970175634665,6.7599970175634665
wrongs,1,6.751822484040971,6.751822484040971
tucker,1,6.738905449104219,6.738905449104219
isaac,1,6.726307049752264,6.726307049752264
mixtures,1,6.718096761857461,6.718096761857461
geely,1,6.676034528403723,6.676034528403723
intake,1,6.664006899346367,6.664006899346367
equations,2,6.652694701229361,3.3263473506146806
appropriated,1,6.648690495122618,6.648690495122618
speculative,1,6.611358266429729,6.611358266429729
ace,1,6.5371215433952035,6.5371215433952035
spread,1,6.519514466619987,6.519514466619987
parsons,1,6.514909107225368,6.514909107225368
schuylkill,1,6.508437800626835,6.508437800626835
interval,1,6.505772963702033,6.505772963702033
bancroft,1,6.5042811691050755,6.5042811691050755
persuade,1,6.500453231393067,6.500453231393067
overalls,1,6.478129407570935,6.478129407570935
bey,4,6.4779125753421685,1.6194781438355421
intercourse,1,6.4497049167866205,6.4497049167866205
diagonalizable,1,6.426179326147377,6.426179326147377
kidney,1,6.384269075808173,6.384269075808173
cabana,1,6.370157862085024,6.370157862085024
henri,1,6.350875794216792,6.350875794216792
injuries,1,6.2689676592603885,6.2689676592603885
arising,1,6.266230173769806,6.266230173769806
fumbled,1,6.255096667081994,6.255096667081994
mechanism,2,6.244841484257253,3.1224207421286265
arises,1,6.244700762774147,6.244700762774147
artist,1,6.242708416663199,6.242708416663199
enable,1,6.235013003939186,6.235013003939186
juan,1,6.213080959010282,6.213080959010282
bosom,1,6.205333840981043,6.205333840981043
englander,1,6.179935667650441,6.179935667650441
accounts,1,6.165214277247097,6.165214277247097
pointing,1,6.132923287070963,6.132923287070963
depot,2,6.116749915551713,3.0583749577758566
quackery,1,6.105364896489496,6.105364896489496
huge,1,6.068924155194032,6.068924155194032
congregations,1,6.068694599146856,6.068694599146856
helium,2,6.058228943339259,3.0291144716696294
ethan,1,6.0444764049005695,6.0444764049005695
elbow,1,6.029136962916688,6.029136962916688
merchant,1,6.023444115037126,6.023444115037126
proclamation,1,6.019636267091611,6.019636267091611
fielding,1,6.014491305000325,6.014491305000325
sixty,1,5.99004521866028,5.99004521866028
medal,1,5.98702841995342,5.98702841995342
diagram,1,5.98481771433162,5.98481771433162
photography,1,5.963648996582523,5.963648996582523
compute,1,5.951126127571498,5.951126127571498
understandingly,1,5.912281107589679,5.912281107589679
textiles,1,5.898220472550342,5.898220472550342
layers,1,5.854035295170266,5.854035295170266
pursuant,1,5.8534050494511565,5.8534050494511565
cubes,1,5.827779228003778,5.827779228003778
ants,1,5.824254430422197,5.824254430422197
designers,1,5.824094610713263,5.824094610713263
mask,1,5.79593988223613,5.79593988223613
package,1,5.760708513990005,5.760708513990005
politic,1,5.756541782372433,5.756541782372433
graduation,1,5.731393680196971,5.731393680196971
radiations,1,5.703004730442099,5.703004730442099
resonance,2,5.689802321279372,2.844901160639686
flu,1,5.68803101573,5.68803101573
receipts,2,5.685693309255215,2.8428466546276074
miners,1,5.6247118191879215,5.6247118191879215
nest,1,5.612706958426681,5.612706958426681
initiative,1,5.562576466522799,5.562576466522799
laborers,1,5.558793871887191,5.558793871887191
junta,1,5.5359423584015,5.5359423584015
showmanship,2,5.499333977875558,2.749666988937779
flexible,1,5.495499764544333,5.495499764544333
technology,1,5.45883241416569,5.45883241416569
pickers,1,5.437134983902418,5.437134983902418
decomposition,2,5.392841137224739,2.6964205686123695
exports,1,5.385937287317048,5.385937287317048
convey,1,5.366789320682375,5.366789320682375
thief,1,5.345524902881947,5.345524902881947
buddhism,1,5.295542481771427,5.295542481771427
costly,1,5.246597819147399,5.246597819147399
pons,1,5.240648805450842,5.240648805450842
discrimination,2,5.224692046615244,2.612346023307622
await,1,5.221120238567346,5.221120238567346
tangency,1,5.219198430610611,5.219198430610611
acre,1,5.155849846845449,5.155849846845449
jacques,1,5.151446890446532,5.151446890446532
nationals,1,5.134965162817303,5.134965162817303
polarization,1,5.134021623983963,5.134021623983963
arterial,1,5.115551310425055,5.115551310425055
delinquent,1,5.114662904067203,5.114662904067203
sullivan,1,5.114551908747191,5.114551908747191
rayburn,4,5.098597447325105,1.2746493618312762
census,2,5.095808941998314,2.547904470999157
fees,1,5.088533692002627,5.088533692002627
budd,1,5.073729914226936,5.073729914226936
sue,2,5.069272148189085,2.5346360740945424
impelled,1,5.053214993888579,5.053214993888579
adolescence,2,5.034414542229917,2.5172072711149585
registry,1,5.020978740553975,5.020978740553975
potassium,1,5.009635448307496,5.009635448307496
versus,1,5.008636601215209,5.008636601215209
recoil,1,4.99699087605216,4.99699087605216
specimen,1,4.9809306285717465,4.9809306285717465
acetate,2,4.979643877792313,2.4898219388961564
manufactured,1,4.976076949231123,4.976076949231123
spectrum,1,4.951293325128647,4.951293325128647
dialyzed,1,4.932924274913089,4.932924274913089
torquers,1,4.866867775530797,4.866867775530797
richert,1,4.866617886977157,4.866617886977157
twists,1,4.866201544768703,4.866201544768703
activation,1,4.8594415000189874,4.8594415000189874
riders,1,4.850010447167821,4.850010447167821
engines,2,4.837903056568146,2.418951528284073
hello,1,4.828600184790726,4.828600184790726
coincidence,1,4.824278410939298,4.824278410939298
cubism,1,4.81464156619322,4.81464156619322
baullari,1,4.787766825296158,4.787766825296158
neitzbohr,1,4.786575179303621,4.786575179303621
ports,1,4.786575179303621,4.786575179303621
needles,1,4.785964603370136,4.785964603370136
schwarzkopf,1,4.784687309633711,4.784687309633711
harder,1,4.7748063667968905,4.7748063667968905
minerals,1,4.736785088376517,4.736785088376517
gamut,1,4.700107209051185,4.700107209051185
elution,1,4.699924772494706,4.699924772494706
vincent,1,4.696597679522529,4.696597679522529
lalaurie,2,4.673125038796624,2.336562519398312
accruing,1,4.640954465298644,4.640954465298644
salinger,1,4.604670138132267,4.604670138132267
sloanaker,2,4.6034093238929765,2.3017046619464883
doolin,1,4.594674320420916,4.594674320420916
riefling,1,4.592525391627009,4.592525391627009
warwick,1,4.537620258369625,4.537620258369625
dunn,1,4.498698792250687,4.498698792250687
unpaired,1,4.472595125220609,4.472595125220609
executive,1,4.448114579918839,4.448114579918839
inquisition,1,4.447134095859127,4.447134095859127
sights,1,4.395292628971904,4.395292628971904
counselor,1,4.385358102858731,4.385358102858731
favre,1,4.381637686956075,4.381637686956075
typhus,1,4.381637686956075,4.381637686956075
oats,1,4.381054548885876,4.381054548885876
unpaid,1,4.380844392892562,4.380844392892562
leagues,1,4.375451618456614,4.375451618456614
flapped,1,4.304565545681928,4.304565545681928
harvester,1,4.266698040263991,4.266698040263991
cylinders,1,4.265274667876267,4.265274667876267
griffin,1,4.248161849030591,4.248161849030591
emphysema,1,4.247911877189037,4.247911877189037
marx,1,4.247328852446816,4.247328852446816
appendix,1,4.219976262227574,4.219976262227574
bother,1,4.18529296337711,4.18529296337711
cardinals,1,4.110350571080009,4.110350571080009
ionic,1,4.093788968925779,4.093788968925779
solids,2,4.093152853692468,2.046576426846234
computing,1,4.084572889458407,4.084572889458407
noting,1,4.078269056396782,4.078269056396782
grandchildren,1,4.068855095954147,4.068855095954147
anthony,1,4.062997112682279,4.062997112682279
tubes,1,4.000553874866279,4.000553874866279
switches,2,3.9992196846587516,1.9996098423293758
marshal,1,3.9853250402540294,3.9853250402540294
detective,1,3.9833646380644514,3.9833646380644514
herald,1,3.9201944558514157,3.9201944558514157
alpert,1,3.911745170193802,3.911745170193802
pakistan,1,3.9115948719145464,3.9115948719145464
dillon,2,3.850347241487719,1.9251736207438594
traverse,1,3.8165713725859454,3.8165713725859454
envision,1,3.792589206658384,3.792589206658384
allowances,3,3.767878947058168,1.2559596490193894
grubb,1,3.7293820846040107,3.7293820846040107
auspices,1,3.6985779662001312,3.6985779662001312
aberrations,1,3.688657179751411,3.688657179751411
batista,1,3.6884627302054662,3.6884627302054662
elec,2,3.6865283211232303,1.8432641605616151
beowulf,1,3.6199705927574692,3.6199705927574692
godot,1,3.5419980368018433,3.5419980368018433
stool,1,3.5243617051824843,3.5243617051824843
epithets,1,3.4968432505795146,3.4968432505795146
gown,1,3.4945881550185067,3.4945881550185067
consul,1,3.488127925893963,3.488127925893963
subsection,1,3.4857325067358444,3.4857325067358444
lauderdale,1,3.4709626792327746,3.4709626792327746
calendars,1,3.4472709975273936,3.4472709975273936
lippmann,1,3.4309821417417283,3.4309821417417283
successes,1,3.4277380747966926,3.4277380747966926
emma,2,3.4167800073093493,1.7083900036546746
isles,1,3.41216999896475,3.41216999896475
regulus,1,3.404709642490517,3.404709642490517
users,1,3.4009646401781715,3.4009646401781715
talented,1,3.4008639886436653,3.4008639886436653
distal,1,3.3971760540753135,3.3971760540753135
theaters,1,3.389781812384142,3.389781812384142
armistice,1,3.3874064832854818,3.3874064832854818
progresses,1,3.3672449841692855,3.3672449841692855
datelined,1,3.353978985314492,3.353978985314492
quo,1,3.3355590805466604,3.3355590805466604
thor,1,3.318132590556545,3.318132590556545
capsule,1,3.308894882947969,3.308894882947969
philharmonic,1,3.2865702888249673,3.2865702888249673
cavity,1,3.2351871319731784,3.2351871319731784
vegetables,1,3.2285851918812636,3.2285851918812636
mailboxes,1,3.07399264395365,3.07399264395365
canto,1,2.9956767003311078,2.9956767003311078
barstow,1,2.9956211301969917,2.9956211301969917
peterson,1,2.995560998152127,2.995560998152127
sensations,1,2.995343325837573,2.995343325837573
mantle,1,2.995174474520619,2.995174474520619
subtracted,1,2.995082537970356,2.995082537970356
discretion,1,2.9949206579068997,2.9949206579068997
unlock,1,2.994478854771095,2.994478854771095
fete,1,2.993642903056742,2.993642903056742
gabriel,1,2.992439692490053,2.992439692490053
ecumenical,1,2.9918329912919575,2.9918329912919575
respondents,1,2.9900714098375274,2.9900714098375274
cooperatives,1,2.989571353559074,2.989571353559074
modified,1,2.9681095176710857,2.9681095176710857
jason,1,2.945639942478895,2.945639942478895
favorably,1,2.900119004595186,2.900119004595186
landis,1,2.898665380470764,2.898665380470764
wtv,1,2.8875213464208964,2.8875213464208964
conductivity,1,2.8490530184606166,2.8490530184606166
autocracies,2,2.842345482701604,1.421172741350802
wherein,1,2.816762376237341,2.816762376237341
evans,1,2.782502656605544,2.782502656605544
loading,1,2.755151339075718,2.755151339075718
hugo,1,2.6679186465617057,2.6679186465617057
bronchioles,2,2.660522013536114,1.330261006768057
ada,1,2.6602171942051482,2.6602171942051482
daer,1,2.611527533061121,2.611527533061121
belts,1,2.6002454625299953,2.6002454625299953
shafer,2,2.5819532059338983,1.2909766029669492
scours,1,2.5445993111741543,2.5445993111741543
gosson,1,2.5132303434083254,2.5132303434083254
brennan,1,2.4342507911809013,2.4342507911809013
chores,1,2.3932658076426034,2.3932658076426034
actives,1,2.3078026074746583,2.3078026074746583
formulations,1,2.307743068399738,2.307743068399738
ricco,1,2.302567410269944,2.302567410269944
denton,1,2.3025194175953168,2.3025194175953168
proletariat,1,2.3024404064388264,2.3024404064388264
thickened,1,2.3023951692587095,2.3023951692587095
parthenon,1,2.3021441576326866,2.3021441576326866
curvature,1,2.3020704684932913,2.3020704684932913
privileged,1,2.300809239772152,2.300809239772152
planet,1,2.3002181183185724,2.3002181183185724
signals,1,2.297627558229692,2.297627558229692
profit,1,2.2973634653937145,2.2973634653937145
bout,1,2.284483909199197,2.284483909199197
tetrachloride,4,2.2843700958856488,0.5710925239714122
paso,2,2.251019837498367,1.1255099187491835
operator,3,2.2399474196442517,0.7466491398814172
tries,1,2.2296094534346054,2.2296094534346054
woodwork,1,2.2163497401454393,2.2163497401454393
inquirer,3,2.208460915927847,0.7361536386426156
reared,1,2.207115779929476,2.207115779929476
cetera,1,2.2024870792468443,2.2024870792468443
hearings,1,2.1958180125490423,2.1958180125490423
independently,1,2.1902734948868035,2.1902734948868035
gubernatorial,1,2.1804849667651833,2.1804849667651833
tilghman,1,2.1482359515522993,2.1482359515522993
crib,1,2.144043368796074,2.144043368796074
quixote,1,2.1359999843604753,2.1359999843604753
pads,1,2.099583005211497,2.099583005211497
thorpe,1,2.099583005211497,2.099583005211497
assimilation,1,2.099259924574043,2.099259924574043
randolph,1,2.0843162712719763,2.0843162712719763
anastomoses,1,2.07398848621705,2.07398848621705
staircase,1,2.05908267368137,2.05908267368137
rossoff,1,2.046588694875602,2.046588694875602
lauro,1,2.040175360483423,2.040175360483423
submissive,1,2.040070485890522,2.040070485890522
mobilization,1,2.0350442172094527,2.0350442172094527
hoc,1,1.9841162052357089,1.9841162052357089
noticeable,1,1.983685918738594,1.983685918738594
tapestry,1,1.9309667478682815,1.9309667478682815
extremes,1,1.9304192256459465,1.9304192256459465
lunge,1,1.918094775974389,1.918094775974389
capita,3,1.904571023639052,0.634857007879684
kruger,1,1.8970935210613726,1.8970935210613726
professors,1,1.8836861716303153,1.8836861716303153
deux,2,1.8429566376459272,0.9214783188229636
atmospheric,1,1.7929472824446333,1.7929472824446333
pont,2,1.769473012026731,0.8847365060133655
aperture,1,1.767871431434741,1.767871431434741
lengths,1,1.746966366329476,1.746966366329476
firearms,1,1.696398768184805,1.696398768184805
bitch,1,1.6960728311771156,1.6960728311771156
optimality,1,1.6873846215718726,1.6873846215718726
non,1,1.659812577853101,1.659812577853101
fibrous,1,1.659394292602625,1.659394292602625
refrigeration,1,1.6502167041254172,1.6502167041254172
churchyard,1,1.6319361153263594,1.6319361153263594
foams,1,1.6194074155304867,1.6194074155304867
electrophoresis,1,1.6166132039755636,1.6166132039755636
brandon,1,1.6129762944027233,1.6129762944027233
melzi,1,1.5606384858463807,1.5606384858463807
acids,1,1.5593937507136233,1.5593937507136233
coexistence,1,1.4793583526339682,1.4793583526339682
consumptive,1,1.421172741350802,1.421172741350802
jacqueline,1,1.4155528323003774,1.4155528323003774
nelson,1,1.3962689160721964,1.3962689160721964
airways,1,1.387120977717147,1.387120977717147
interference,1,1.3742550861756162,1.3742550861756162
centimeters,1,1.3374909649506623,1.3374909649506623
ton,1,1.316352592163588,1.316352592163588
gables,1,1.2909690246758394,1.2909690246758394
shaved,1,1.290938712085692,1.290938712085692
donors,1,1.2793527351540115,1.2793527351540115
catkins,1,1.244783634334822,1.244783634334822
rico,3,1.180831329364775,0.39361044312159166
profile,1,1.1715577571165252,1.1715577571165252
nomination,1,1.129444954466072,1.129444954466072
prevention,1,1.0489992792421516,1.0489992792421516
falsity,1,1.0032443898387926,1.0032443898387926
rpm,1,1.0027376279550302,1.0027376279550302
formations,1,0.9570613945111239,0.9570613945111239
angeles,6,0.935941219004582,0.15599020316743034
goulding,1,0.9198577968734242,0.9198577968734242
garson,1,0.8674886588970474,0.8674886588970474
calcium,1,0.8438953484500981,0.8438953484500981
arcs,2,0.8205360919353643,0.4102680459676821
thant,1,0.7571503776046402,0.7571503776046402
schaffner,1,0.6684491460558016,0.6684491460558016
tribune,1,0.6664942916499519,0.6664942916499519
plastics,1,0.6603116440544923,0.6603116440544923
gantry,1,0.631733848621975,0.631733848621975
diarrhea,1,0.604081890735543,0.604081890735543
ferry,1,0.5978218441159445,0.5978218441159445
overfall,1,0.5842905327225583,0.5842905327225583
artery,2,0.5814259588869989,0.29071297944349944
inject,1,0.570297975210947,0.570297975210947
chambre,1,0.5323822608118713,0.5323822608118713
allen,1,0.5191644519340717,0.5191644519340717
nam,2,0.49604049070898104,0.24802024535449052
hart,1,0.47802923605754377,0.47802923605754377
antigen,1,0.46490987214776264,0.46490987214776264
dame,2,0.4525437527684737,0.22627187638423685
steam,1,0.34759707218449015,0.34759707218449015
constants,1,0.31435474036102323,0.31435474036102323
bosis,1,0.31163269559432116,0.31163269559432116
chien,1,0.2541474069160582,0.2541474069160582
purdew,2,0.24706442037179244,0.12353221018589622
fe,1,0.1450248083264418,0.1450248083264418
kong,1,0.13762092234527365,0.13762092234527365
amendment,1,0.12953382021983115,0.12953382021983115
shu,1,0.08937753768329139,0.08937753768329139
