length,target_tokens,nll,perplexity
19,20,118.12973490563755,367.41306956927025
27,28,162.43163303176576,330.67292707845786
14,15,89.00737975338217,377.5961796969393
10,11,57.98324921642992,194.65027254219845
19,20,111.29128734839476,261.0114738375223
6,7,34.09549201759911,130.42320341246915
12,13,67.30415922560704,177.1936172262567
10,11,58.25285223406133,199.4799718298751
24,25,148.4263988538336,378.81802859734285
11,12,77.7866322695468,653.4195086123547
10,11,55.16443141285073,150.64834959051132
11,12,80.42715634627541,814.2464048498638
22,23,135.00241766700927,354.1322154403396
42,43,249.47936716357995,330.9097726347431
14,15,71.45557134209155,117.17924325667447
8,9,64.48438204159508,1293.2727989975301
22,23,124.56465483256734,224.94469183886608
8,9,44.25594268677565,136.6368894472629
24,25,166.3072930374461,774.5573628650606
34,35,240.10036762353982,953.3770812630911
15,16,111.93541879603472,1092.215711447267
32,33,193.0584974016752,347.3238038097358
20,21,120.93580850399027,316.9829617466614
4,5,18.74188497080758,42.452126008842875
2,3,13.509489360617975,90.3023171081377
23,24,139.34222255719138,332.2627062436825
9,10,58.06055621110412,332.3057972732483
12,13,68.40413204091283,192.8391286162516
14,15,86.11351162952992,311.34473635626705
40,41,266.17605847944606,659.9070470530987
22,23,141.259955494704,464.8604232253006
23,24,134.44735682959464,270.96053994892304
34,35,186.41861327096464,205.6644780186567
13,14,69.46856177005739,142.8850022169859
5,6,31.084200196574358,177.80723832889825
32,33,179.8773494372917,232.95114904366787
13,14,89.14972374007455,582.7961160497373
5,6,28.549045483600032,116.53297116617252
35,36,255.64990984026258,1213.6484920769547
3,4,16.775121640026985,66.27285655745504
7,8,33.176442634171444,63.24748280532582
8,9,44.81383597407771,145.37478155853023
41,42,253.62701975555876,419.3637013017196
3,4,22.076847486257662,249.43837022795879
3,4,21.08210464297511,194.51828340907193
27,28,144.4591239807276,174.03465183830906
9,10,62.958702129138175,542.3275815733074
15,16,111.47165818595614,1061.0121994569154
13,14,88.86999511051214,571.2670528665435
12,13,46.32807540597852,35.293475193809535
10,11,62.913941729953514,304.73704224947534
37,38,216.3704448235366,297.06740749205306
15,16,102.44251045307344,603.446208084897
30,31,159.0353569646695,169.0463276244032
5,6,27.999281877247235,106.32994831068274
8,9,76.44372548891182,4884.134025222159
41,42,256.9118408907288,453.4788325113487
16,17,100.3244641318676,365.56315924767296
32,33,173.4568674939368,191.76462565433388
23,24,169.70692652487855,1177.4683405663257
6,7,44.90766269643284,611.1731978494519
36,37,246.33167963807233,778.6899553083936
3,4,25.40824183778531,573.6735231159363
10,11,78.62947637571268,1271.730964933108
24,25,155.93822550212968,511.59281226515617
19,20,145.90414107667914,1473.2219055611804
11,12,66.13528469817084,247.46613017032632
10,11,81.24438712545107,1613.0037049294363
18,19,101.45256402662955,208.43112125781258
13,14,86.16348256206706,470.84759714699146
15,16,109.5338241421614,939.9850857220933
22,23,142.67461922715378,494.3502698563142
42,43,252.22971005356237,352.76679828971754
12,13,51.38473980382674,52.0743389357662
23,24,143.2313537099066,390.7129203442439
12,13,72.84484259937058,271.3608352791895
25,26,163.22313630942904,532.6225090028354
11,12,75.49042067909818,539.6217277504747
20,21,114.47232881247253,233.00578388174526
18,19,90.30290106420111,115.90655041165982
23,24,151.8065105723409,558.5093020838949
14,15,82.29110691781793,241.3079200520822
9,10,47.52595008155576,115.88461620122611
12,13,70.275856477711,222.70212443601739
14,15,76.16906410653978,160.44281834601009
22,23,167.06943344948345,1427.797620971277
34,35,197.11122366035661,279.14999321173946
24,25,157.33639950394814,541.0198557738559
7,8,46.730810859959,344.24422349425896
14,15,74.70576638314235,145.5303164724417
10,11,61.71563093206743,273.2840971305601
37,38,232.81499108636183,457.9272330767455
44,45,256.4455560296172,298.50603010682005
5,6,30.0051796428164,148.54133561256214
8,9,57.685139632926735,607.5654823085313
1,2,9.055067390591752,92.53007208413081
19,20,118.0553630463049,366.0493470488626
28,29,182.93637076801684,549.0286995214324
17,18,92.41591478441956,169.73145100249036
7,8,36.81136784459527,99.6257814081684
5,6,41.43463840033919,998.0197510263508
11,12,62.8461265425988,188.1382776500438
27,28,180.0901460620017,621.2856318059717
16,17,83.12760158347045,132.93481784207478
24,25,141.0645502067308,282.1903965730249
16,17,105.8947011617019,507.29874380640416
26,27,151.8414021664584,276.92747139821574
9,10,58.18024711841334,336.307093682699
5,6,28.92459790200163,124.06012374436621
14,15,93.1033935320027,496.1572447226972
25,26,147.27532911242062,288.42518698014686
2,3,12.2545235194115,59.43249752445077
4,5,20.27638886931556,57.70118865238397
9,10,45.78739806232568,97.39158457345945
3,4,28.202593579635256,1153.6064929152822
28,29,165.7414984675274,303.45219480270174
16,17,94.45135802219562,258.77584835121786
9,10,67.72407485708864,873.4120920074805
13,14,99.28055575490191,1201.6708811069252
30,31,227.22871424722226,1525.318506726737
4,5,26.542859849629444,202.0614724016933
14,15,89.77968668513388,397.5467135981698
18,19,134.0466382847306,1158.737379696139
15,16,83.63199394349982,186.2331943421866
18,19,109.19928948501473,313.3532114956122
15,16,94.41825160853111,365.45411301919785
15,16,77.03398378773535,123.30044099102635
32,33,221.52991507262317,823.05887030484
15,16,99.02770654900324,487.4714181643661
20,21,103.41601463610937,137.63044049069157
7,8,34.55999061263359,75.1885400641744
21,22,131.4483274820489,393.4381893889135
3,4,13.577966621557032,29.799501208135826
28,29,189.34204917468887,684.7379281654744
43,44,243.6200630235287,253.8693118091623
1,2,6.6524928776235,27.833669996877624
4,5,32.62085763751264,681.4150061438705
4,5,21.603154538164073,75.23608033886866
4,5,28.34903084482469,289.9783221457446
16,17,125.37361094067829,1595.4614610191027
10,11,61.116775184793305,258.8038584050062
3,4,21.415984240537263,211.4515850807758
28,29,178.22601803687965,466.717784846187
36,37,197.0250105176424,205.40841885429634
10,11,56.013301579832586,162.73422123300057
23,24,164.72451973815805,956.7304169159472
21,22,109.17513382459033,142.9515959266675
4,5,25.564956171592033,166.16665563064527
6,7,43.06415094089413,469.66588690525276
17,18,129.15644096675376,1306.8276414115212
6,7,37.84705194610224,222.89965811495185
19,20,140.28066511954418,1112.1309803707084
11,12,61.46732282015092,167.71680989139605
25,26,141.4470417722485,230.50460427368162
58,59,340.4778884449843,320.7980086615766
14,15,73.50550357996757,134.33906036114223
14,15,76.67121197375766,165.9048002843235
40,41,226.85089098203508,252.88846975813067
14,15,86.74801486977034,324.79720122036497
31,32,215.6079093055735,843.6579718171315
10,11,82.44333349997676,1798.7522336824982
12,13,87.04974989361102,809.271618912511
10,11,60.17641726759342,237.5987645959644
13,14,68.98394168846397,138.02356153147656
20,21,123.83623219117453,363.9306900934691
14,15,89.14380946579601,381.0462013089803
19,20,127.24005983547049,579.4057398187665
9,10,50.71621795445465,159.43268498741446
19,20,105.11004382232429,191.61769039764894
25,26,157.62118473101242,429.3847022278181
15,16,75.0957681235181,109.23325039066209
24,25,170.44177814097932,913.8542781427896
29,30,163.88398788193103,235.7565243656304
20,21,116.27627372440655,253.90632897747997
28,29,178.76375976666537,475.4527833758516
21,22,122.18200309581769,258.1981758321495
32,33,155.69449450630873,111.9458178494474
6,7,50.07905750937613,1279.4058542304779
20,21,126.74961223587195,418.0896238873892
26,27,124.87248994442761,101.99329083350324
8,9,45.655456942617434,159.62519710938335
17,18,107.04157103452579,382.5096747315537
13,14,65.76591241875754,109.67979572276262
5,6,24.762828425517903,62.00022852464379
5,6,25.648474189748388,71.86186239144233
21,22,125.39633261557908,298.8175841352897
15,16,91.80413400108772,310.36790218966627
2,3,26.954079006287866,7979.994506985657
7,8,47.03061941568764,357.38993012367706
38,39,233.3661217989538,396.92474867912176
9,10,68.23795831305125,919.4685419243953
35,36,240.0107392555165,786.0064349224288
7,8,48.1116565171628,409.09895258670065
23,24,147.6000477895579,468.7183201082083
34,35,187.08451267632594,209.61484823469294
63,64,338.32370058650116,197.61245637541998
6,7,46.90744133490644,813.2699106289791
13,14,61.536326181125816,81.08126068190646
38,39,278.3814177764279,1258.8892596375447
6,7,36.54254595365906,185.0014582843896
2,3,10.707472547181204,35.486683581410475
28,29,195.39523266598374,843.6744046251852
13,14,99.54749941457194,1224.8034638935626
3,4,21.2128013896338,200.97898440794535
46,47,221.50867627545358,111.38030973603475
8,9,35.74486063642002,53.07209020229603
13,14,83.35228286570187,385.1891415512174
3,4,31.713038548497302,2774.593800101354
16,17,101.53557472715624,392.55665325248947
2,3,19.591871585920934,685.8259387802852
11,12,55.556086649506994,102.48063843911115
15,16,101.80979983078193,580.0489458775166
16,17,103.42699348460465,438.7548343636572
6,7,46.32132453409549,747.9469674270803
30,31,153.95055953601107,143.47303122263958
19,20,120.91452279319769,422.30429807302266
7,8,49.6115721342438,493.4623266151251
25,26,156.50593609032643,411.356024997994
9,10,59.18941767297723,372.0178240721414
18,19,94.82710628836982,147.06877447882763
13,14,77.15911407855218,247.4887908096495
31,32,160.9814271683777,153.03545078218113
17,18,120.62949927083392,813.7383267235166
11,12,71.94990149948626,401.7480396012039
12,13,48.955609494047096,43.19894678286958
2,3,11.631708237525372,48.29055916713569
24,25,155.5812261118212,504.339193394207
15,16,111.31766935906286,1050.8496799826046
13,14,73.1958699837775,186.4711298580979
18,19,31.290917190111486,5.190813239390966
29,30,154.37395997409146,171.70856768311742
26,27,137.78259627705717,164.5244384821192
18,19,118.78900238592733,519.0772713515706
26,27,142.08622084082828,192.95415536785202
27,28,176.06260392070783,538.0492722226977
29,30,177.23956016178647,367.96408515774374
16,17,90.90224926842554,210.0175573049678
12,13,50.8226103542562,49.87059575825768
20,21,129.72353822773093,481.69510139674276
35,36,191.62834499681233,204.99991884182364
1,2,9.513719885534492,116.37991196306977
16,17,89.03828989144885,188.20776097312876
20,21,112.70672583163534,214.21644826765
8,9,54.82737939983426,442.2746390468492
26,27,169.2790796981186,528.2636754488822
22,23,115.62516831424641,152.50253685962588
20,21,116.54274759572608,257.1487335894104
4,5,22.09999185266529,83.0961499558041
12,13,74.11739119917762,299.26748871514326
10,11,54.09439685435537,136.68410238300376
2,3,21.40876055597345,1256.7113129104632
36,37,227.3044792776224,465.6174176690818
10,11,73.3218982130496,784.9555643661466
40,41,283.3075541381989,1002.187454848092
8,9,56.33264887286653,522.7917535988388
16,17,94.0419064700489,252.61759199558006
22,23,139.96982301216462,439.50297176161
35,36,224.29215030500683,507.92688419635454
21,22,124.71790567927003,289.74340260501845
13,14,68.28127600867451,131.2670766239616
24,25,141.85750323568976,291.2844058065569
3,4,11.369459186846242,17.15628873888637
21,22,126.11085980713531,308.68205823134207
3,4,17.512960354899246,79.69764911808501
20,21,129.3823904700078,473.93311912984757
31,32,176.08181646738979,245.3183523991604
10,11,66.32238863534083,415.4274780885454
22,23,136.18729170080857,372.85387829309275
5,6,42.39200935009118,1170.67395478586
10,11,71.30824096839025,653.6469414185838
15,16,91.38937528116033,302.4257990764377
13,14,92.4859291050995,739.62092632279
4,5,23.8917369003945,118.90767837975761
8,9,44.36282730894527,138.26927255331196
28,29,153.881707015475,201.5960129875766
7,8,52.269008615401795,687.8880295388736
15,16,98.96686443155971,485.6212635430576
29,30,172.84190506344802,317.79192205431383
14,15,102.9842124761703,958.7344802608098
10,11,68.76441096008769,518.6919114155061
11,12,77.17647623687888,621.0260439239008
7,8,58.817630816428725,1559.6299367237693
6,7,45.70292787539238,684.7061009490359
23,24,122.96127281678079,167.90298919771885
3,4,34.99898526834324,6309.087397384283
22,23,127.99938460207139,261.17498802489087
23,24,152.97279842327123,586.3205190998377
33,34,203.9880469116107,403.28698841998613
20,21,140.09820400840186,789.4551689812475
16,17,114.7189653167266,852.5010411060397
1,2,9.065167369121987,92.99852981254043
5,6,37.60891854128668,527.5022286205864
2,3,20.486728992274504,924.1825934625817
10,11,82.25567918094747,1768.3267092924962
24,25,159.79768675400723,596.9942430180672
14,15,78.07221968572543,182.1471078927022
11,12,29.385184480460893,11.574048266228008
21,22,144.9204661972266,725.8140975512003
6,7,37.98898414548312,227.46530813962698
3,4,25.34093947588357,564.1018774548253
13,14,103.13608130690801,1582.6611011214663
9,10,74.30775390656729,1687.115239718712
31,32,192.57010226055638,410.6805639509365
6,7,49.791936608742944,1227.9897984838328
29,30,167.56858242546298,266.5653459686845
16,17,104.80028490394422,475.66919369999664
11,12,56.075476489088906,107.01364761057258
5,6,35.03982050804237,343.769056547652
23,24,148.74018165644208,491.52242737710446
6,7,28.398489954449143,57.796437356615975
80,81,479.5956620649072,372.75974601979993
26,27,173.6636467860452,621.4074077801047
20,21,110.97111215576906,197.22371115916766
2,3,8.39352744145271,16.409205371262463
8,9,50.938292147933694,287.0941580143559
16,17,102.07091683063744,405.11524341557384
20,21,136.65169234687025,669.963641898249
18,19,89.90072130338548,113.47889933601935
10,11,40.31853493710861,39.06868917863696
19,20,128.36892899140545,613.0499698942658
27,28,166.98191629270693,389.02354454002875
7,8,44.85990524657942,272.45900320269385
45,46,259.0445738983666,279.0535727460173
12,13,88.8755642564222,931.3003784347798
11,12,80.26949635522004,803.6185339037511
38,39,208.83892471493044,211.63100663898393
12,13,85.09142489141902,696.1006224822928
10,11,85.61172682270423,2399.1847151645707
13,14,70.83082614708412,157.48728499112087
11,12,50.83918651418526,69.17218812861898
31,32,190.03128355350182,379.3569608567245
15,16,80.55607225748105,153.6618664660474
16,17,107.85276740983797,569.2276465202208
38,39,207.6975208152155,205.5270091733468
1,2,7.4775218162508,42.045859191649136
13,14,64.40648612660424,99.53041688222564
17,18,106.54629053203213,372.12817928388637
17,18,81.80431345923847,94.13068484621705
5,6,22.84626820965384,45.04722429468376
11,12,64.61981168762573,218.10668139836244
20,21,105.59042062340471,152.6450463742107
11,12,64.45362974627903,215.10705021512018
8,9,50.90721841619028,286.10463535618123
16,17,96.1722809537672,286.3437457377553
24,25,153.1546015289782,457.686321153143
22,23,97.01060194121303,67.8875227391016
8,9,55.907645443761474,498.67800398025173
5,6,39.92807841935457,776.4092277739932
23,24,142.99714980672238,386.91869297319664
21,22,131.17740267533947,388.6228019962681
48,49,287.70938000889765,354.8233287768598
19,20,105.97337763638305,200.0703154119696
3,4,24.63969942735563,473.3925012893128
27,28,159.91982715618735,302.3007547381918
26,27,177.97857561978245,729.0913968286771
6,7,41.77419877428148,390.62291467335734
10,11,49.10693084849945,86.85729119726793
12,13,98.19328500204992,1907.0820217230316
10,11,63.77226042900039,329.46766672203705
36,37,186.8260914760666,155.92167903015658
21,22,130.41961479938803,375.46464378065275
3,4,12.253163471197897,21.397858946626215
13,14,99.06786791367917,1183.5530818689265
26,27,141.72891385706873,190.41750035130943
15,16,89.75669972815025,273.0879031749889
5,6,44.40736318634648,1637.9933387776155
16,17,91.92590388295474,223.05226378781992
6,7,50.9880997797346,1456.8243663993296
17,18,76.17255753441152,68.84163707379474
3,4,23.956857924817268,399.1009854388334
18,19,133.2990629524576,1114.0308971129396
19,20,93.13159692824595,105.27540766394162
7,8,37.89104767047365,114.02080808606543
15,16,96.92630964459983,427.47437830339663
33,34,241.4093759251835,1212.3013356557276
7,8,39.874950879531156,146.11132920632497
13,14,100.1514132590417,1278.7935528950904
22,23,147.51454277899848,610.1322719966853
3,4,35.11475872810881,6494.361916577084
26,27,152.23136740726991,280.95620212501484
31,32,211.22835687920295,735.7468843713277
10,11,69.06923955594172,533.2667552242813
11,12,53.123186578436425,83.67432790604742
1,2,14.497738402406682,1406.51346487353
18,19,119.02115844714827,525.4586484037096
17,18,99.86241255610972,256.7009551300246
9,10,57.131715281350395,302.8299806740421
15,16,104.75126874709208,697.1177234357501
18,19,96.90688648660138,164.08136726778184
6,7,25.388996674142255,37.599829840893804
43,44,203.20435459803485,101.31969210778261
5,6,31.173236638100146,180.4654667786968
17,18,108.8749329337721,423.52281503277095
6,7,45.226431340666956,639.648471999111
7,8,39.38396394801386,137.41361889913128
16,17,100.2854521367489,364.72521824428793
3,4,21.38186302878926,209.65551042507752
3,4,25.684206552821824,614.6491629038829
6,7,18.014980960406035,13.112535861517314
11,12,67.07509476042753,267.62619979922647
9,10,26.307973829991717,13.884837022164577
38,39,206.54480484809363,199.54118120950824
6,7,26.182207531302097,42.11126834875081
2,3,8.13540454693739,15.056375392958333
11,12,60.3937659214788,153.3639457048906
3,4,17.0305879328036,70.64356224639876
19,20,101.93866517018213,163.51966502860387
49,50,217.90926761582617,78.11525406575245
28,29,152.6703968327535,193.34892197146382
13,14,84.44601315154755,416.488180166987
15,16,88.77581553301246,256.84902754205643
17,18,106.83552639893871,378.1560806484093
19,20,92.76047070975787,103.33989796511625
2,3,18.189343676922288,429.7117173023492
14,15,93.15287844076279,497.79676735571877
6,7,30.69511030802628,80.23948764001148
56,57,331.01250513013485,332.6985857229859
15,16,64.23789548516473,55.41600593519199
34,35,181.02722467020016,176.30340786693608
10,11,74.34583615571097,861.5321533513159
43,44,278.60877870700057,562.2899813586099
19,20,95.43957002129333,118.15277625417856
17,18,104.32863641344801,328.9926323042683
18,19,105.83526133879474,262.50678060339527
20,21,97.75171463192373,105.0927773577026
19,20,146.0980821443997,1487.5773070865978
27,28,186.10570997300752,770.1863503709671
36,37,176.00923221315077,116.39694346154155
16,17,96.53891493519825,292.586310585796
18,19,113.2613193201178,388.0452938278847
3,4,31.302984899922247,2504.2541507694873
24,25,162.73525406413145,671.4302660643358
6,7,34.98329308942229,148.0593635616004
20,21,112.00141359865533,207.14119196866136
23,24,157.06903466754335,695.4388680866642
6,7,34.99003411242444,148.20201389057996
10,11,53.326505331140446,127.4678429986908
12,13,72.96876811448905,273.9600143344914
23,24,131.15836030654282,236.2597131613759
16,17,109.95425908002204,644.1280829790551
17,18,85.35812919440441,114.67686326540698
32,33,201.30860664631035,445.97406828187474
32,33,212.3869545823423,623.8864125794274
34,35,187.55516002218278,212.45259003959103
21,22,151.71414665849687,988.4099841474402
5,6,27.652870072568305,100.36481310634178
46,47,167.6531075217234,35.413297814458
26,27,161.85206510221136,401.2244232412069
25,26,131.28939568827838,155.95884242901064
12,13,79.33663348798973,447.11595163876507
50,51,290.71590944292063,298.9606471546173
18,19,94.1687237449324,142.05987421795422
27,28,138.64986276896417,141.4265941442407
20,21,137.29957990605652,690.9553696505176
27,28,164.7198601270783,358.8312231337666
7,8,53.22527449167858,775.2296526518246
16,17,95.59298113499621,276.75054402571396
15,16,83.53276002280194,185.08172817152882
22,23,141.3336974925655,466.3532383778715
7,8,48.203156501713636,413.80488179405904
32,33,209.83031683726128,577.376432390172
3,4,24.718332182692777,482.7906127452331
16,17,85.1585819276619,149.80408624064182
2,3,16.33870794656509,231.88370679764662
14,15,89.92468983527813,401.40838372379153
22,23,136.20258439725922,373.10187121532266
21,22,130.143915325789,370.7887579285678
3,4,7.970010368678054,7.33386448741643
8,9,46.22969271143606,170.1418538462088
12,13,79.05580827267273,437.5609546358604
21,22,150.7343612204089,945.3562812675507
4,5,25.793969557567518,173.95452448365089
11,12,75.05352425643703,520.32850614834
16,17,104.95881134961729,480.12559525070503
10,11,52.26826353142821,115.77635094839569
19,20,131.97070940938613,734.0194085780146
8,9,63.46049839513803,1154.2043237241749
19,20,101.65517763638512,161.2182249717356
21,22,109.94404364510481,148.03615423796404
12,13,60.87425691116796,108.05443706278703
8,9,63.63161697771645,1176.3593649176173
28,29,200.73972208479273,1014.4068964738516
7,8,43.07899054469192,218.08258429346546
17,18,105.62068019923893,353.475991550543
20,21,117.67483976848993,271.3918719899142
20,21,149.69672198306526,1246.8994794497544
40,41,216.94654979683068,198.61718197204578
7,8,49.38986369978654,479.97449279201345
48,49,264.21111077574324,219.65617550207347
28,29,182.92696088454557,548.8505802800908
6,7,38.04236982484173,229.2067101232919
36,37,188.65930719998576,163.84161428137656
15,16,96.72872733402355,422.2280024832561
23,24,135.28321024365184,280.56359707914476
20,21,122.86795929578827,347.5314639202266
8,9,43.39599273244676,124.18556889440033
13,14,90.62751101310278,647.6779899762086
22,23,129.0651866606074,273.56242883488693
35,36,184.47729594064933,168.0681129872274
10,11,53.80976272562289,133.1926546639586
9,10,64.24465923305875,616.75133705156
41,42,198.7241473566844,113.46873291179881
14,15,101.77305413594274,884.3653558529279
9,10,76.69658907073463,2142.3505799793656
20,21,104.11665659642718,142.29978986652597
2,3,15.282569189949221,163.0716590026964
20,21,128.91811713386315,463.5702597575162
21,22,155.30638843610583,1163.7249377021449
8,9,43.68865031417949,128.29014793026153
15,16,84.45310421431913,196.0400575090479
12,13,73.9515024534473,295.47289649299125
33,34,223.04289600686036,706.3318550301929
6,7,23.834487972197817,30.11209303924219
12,13,57.783995421390735,85.19329424748578
22,23,144.0847045822218,525.606257814915
4,5,30.594300059583407,454.34644962089095
24,25,132.8925113130693,203.50701021550685
30,31,172.15534710485016,258.11321169773976
8,9,58.10452493687118,636.5470443851367
6,7,48.32923464233271,996.4274951287081
15,16,107.38630643369055,821.920892101522
14,15,92.2814570664225,469.70138314103684
2,3,19.999970264358353,785.7642057878709
11,12,96.57704622975523,3127.8063332096954
10,11,52.02944059763101,113.28980087643536
8,9,51.160299793509736,294.26412689732217
6,7,48.23168602278634,982.6380673133281
1,2,12.152313134309065,435.3527261179531
18,19,115.56605536623732,438.0898238543763
43,44,248.09506871148437,281.04766713990443
15,16,82.35592477823641,171.9571466934036
40,41,269.3320152804252,712.7092430072099
29,30,183.00866174275126,445.9865188450369
19,20,120.50905209337625,413.82890053526523
5,6,28.496783288722238,115.52233425642089
12,13,78.2420451950556,411.01054091320503
3,4,20.105386627305432,152.3753152679987
29,30,180.45556814007935,409.60185587887247
15,16,104.27238803172179,676.5621085083744
6,7,44.658113794948726,589.7687684128493
26,27,153.4104866958907,293.49772196674655
23,24,160.3354002968891,796.8302572749451
36,37,182.08037233890155,137.15218439324224
38,39,236.77903446886165,433.22503056275394
3,4,28.13345669378342,1133.8386309879027
3,4,28.416844436736017,1217.081561444051
14,15,54.00130395363755,36.601416075361385
8,9,41.64724033654553,102.25514878340336
22,23,152.97563309680748,773.6460602238723
24,25,97.64371728911145,49.687266427060024
13,14,68.17307194845299,130.25644213436917
32,33,196.33843024302635,383.6188192234036
5,6,29.913582193003556,146.29088932554524
4,5,28.038562029291167,272.5201089951496
14,15,77.57801478927726,176.2436922886005
19,20,121.87836219834028,443.154341443321
2,3,8.985381318329685,19.98790031265578
6,7,34.20344274460148,132.45011796711674
29,30,191.48935324821048,591.6873921459735
24,25,171.79180374276388,964.5601069711568
3,4,21.845298101175658,235.4090231650355
9,10,54.54609601079797,233.83356487647526
16,17,93.57254138355354,245.73829795403745
22,23,150.7565921065917,702.4922993841202
23,24,140.12411368694868,343.26568424308226
8,9,47.29949579847928,191.61718108773118
2,3,20.766119092078196,1014.3869281976016
15,16,67.71390721094897,68.8630121932934
36,37,246.01509343820675,772.055608688865
11,12,65.4940126960974,234.58884623679302
18,19,119.23322441746939,531.3563370553128
22,23,112.81366027838108,134.95504881279624
20,21,132.3502990999815,545.8778295129977
13,14,80.58131478128973,316.02085197217025
34,35,205.89771133710826,358.8095522098852
8,9,51.957971377656186,321.5354914349874
32,33,220.7714556888139,804.3577330145747
14,15,70.9969667247499,113.65085972967636
2,3,20.16274194165662,829.5753808544686
13,14,83.89635264036086,400.45308443753476
3,4,21.615113509922313,222.24455562767437
27,28,187.9511180363132,822.6574804198033
18,19,120.68931668874058,573.6785943899629
20,21,115.1875392508239,241.0780926045375
6,7,40.70933595325287,335.49914967013103
17,18,123.77660317777628,969.2067508683862
11,12,84.00842879703575,1097.4037038718316
5,6,39.218062578422476,689.7600359168996
6,7,47.16206859164107,843.397494196519
17,18,87.8586249658226,131.7669352981875
20,21,109.46207756439873,183.5486736864681
6,7,35.10577847675203,150.67289231188875
7,8,35.94280786460418,89.37589215118594
4,5,36.849735846938934,1587.5499095952832
27,28,146.2677448252137,185.64718721009356
24,25,151.32825891703226,425.4427352419315
22,23,154.63054492292363,831.3635387077635
7,8,35.635320588221155,86.00582904311185
6,7,44.194271423794504,551.9554553859527
33,34,195.90142049898637,317.92213212516657
23,24,137.4398188198653,306.9420960228956
1,2,15.715800112089061,2586.084037864584
11,12,76.71845167207692,597.7689487768662
11,12,67.1422610990377,269.1283558038671
13,14,66.513004909948,115.69170321209496
21,22,131.74123216601873,398.711391556318
45,46,297.5528872101494,644.5426698442637
13,14,78.80844614255965,278.4322394752709
50,51,294.72427376369177,323.4056212443322
12,13,88.1935984160049,883.7046982506769
6,7,48.72898369614704,1054.986642997204
17,18,83.49913893357335,103.42441456627617
10,11,44.64849609680146,57.91371269323946
23,24,155.6155471477267,654.5717016568208
12,13,82.98394249337389,591.925150425285
7,8,40.89635717766859,166.0094388377753
10,11,59.27391198446823,218.88302465779884
27,28,168.32048472282185,408.07291960541914
14,15,88.88861090401399,374.6182073476355
10,11,62.685074779095515,298.4621612261169
12,13,55.28088065852283,70.27214116422024
25,26,165.89367664171198,590.2381058242294
17,18,112.67130499331041,522.9662571326767
1,2,13.322693259131372,781.6027581439539
55,56,346.7077807141793,488.4369379456522
22,23,122.19199821708015,202.89641434715045
42,43,261.3306781904797,435.9195170278887
8,9,44.09271692137806,134.1811521961637
17,18,118.74851680160425,732.9956902839717
2,3,26.304259735127435,6425.865304097955
48,49,287.9386082591047,356.48712626255434
19,20,113.9861708409384,298.6608181556399
39,40,194.46693574890247,129.24029114783994
2,3,10.026738976367493,28.282587297955473
6,7,37.332284825003285,207.09622626387826
27,28,165.71128381351278,371.7643315571938
17,18,99.14762879117623,246.70704979363106
1,2,8.110975696208065,57.713311459090434
11,12,68.58253511758033,303.44830296562645
21,22,93.6928676216824,70.72270804420138
8,9,47.15185689437933,188.49947287905937
33,34,176.75768488087994,181.0467776032434
10,11,50.16188806498323,95.5998874037101
13,14,71.13752778907399,160.9754686809416
16,17,78.71342870980558,102.53474213549981
17,18,102.453889837724,296.4512446802711
25,26,112.40721311906432,75.44126079459808
14,15,70.42321151642597,109.38576555458816
6,7,41.32376212877306,366.2787259284398
12,13,69.98679370304893,217.80485810937898
8,9,58.63951537480253,675.5327969366283
1,2,12.358187434268771,482.5544273109974
10,11,49.191628083482044,87.52865184383461
5,6,37.905753354089796,554.2553820810352
7,8,37.84941634419986,113.42899461243643
13,14,102.35830631978179,1497.1335531032348
50,51,206.26952164697082,57.0826618075904
5,6,34.8589810269834,333.562472337575
25,26,132.93319103388907,166.13738055009
15,16,127.13051358872676,2823.287031942548
29,30,181.75964142375608,427.7995368968672
14,15,100.18364385636113,795.4512712675905
6,7,8.687398371137235,3.4592676684934895
12,13,56.40933782694424,76.64465212628713
17,18,113.88053533832027,559.305820026055
21,22,96.23360467248877,79.38065968907847
21,22,144.76943130373056,720.8482875264117
13,14,87.59429680074766,521.5136693861045
37,38,210.66749412909488,255.6684337770407
24,25,163.83149617946233,701.5273222987043
10,11,65.40671475113844,382.24622819236384
24,25,130.86285340455385,187.63791771829045
8,9,59.65561372954625,756.2723219254937
6,7,38.09010442911278,230.77506461632558
5,6,31.139351320029824,179.44915103805914
1,2,16.717181803099482,4266.678358672627
4,5,16.42086800768767,26.68692116904547
26,27,174.95444507023657,651.8368247791789
14,15,74.18630677572399,140.576775595764
8,9,53.84867314619967,396.7022126452527
30,31,212.66730213008782,953.5916620178062
7,8,32.54300171458863,58.4326736869256
11,12,76.07088427107861,566.3659114170016
11,12,61.91342503094617,174.06905458445576
21,22,117.76319284694172,211.2141192556326
15,16,109.20109856706976,920.6396134037145
3,4,23.983863470252945,401.8045866464679
8,9,37.83900248903928,66.97595068087854
28,29,203.01331717281744,1097.1368621176302
20,21,113.03712999501498,217.61348312506587
2,3,22.207924725508324,1640.3117187567777
4,5,22.09881908875918,83.07666180831204
10,11,70.81023352210512,624.7140072150971
34,35,199.05603068169845,295.10025980183036
42,43,291.3888710713398,876.9810406751146
11,12,69.47683248097199,326.9267174358322
21,22,111.34205902739231,157.74860891015348
41,42,250.35951956042513,387.97501449365814
5,6,42.101864612891845,1115.4101184265758
3,4,23.876901699902117,391.2025376502066
26,27,124.93235594431795,102.21968729864915
9,10,46.329215262858135,102.81399956477777
37,38,239.15633707008803,541.0911871680623
31,32,217.22471601485694,887.3791787516483
19,20,138.52848110538997,1018.8441273885027
50,51,259.6750773719955,162.6609842628651
40,41,238.26595203571839,334.0747210912168
2,3,8.86197707721372,19.182384022985456
14,15,74.19521001992231,140.66023965412614
16,17,102.3247891414671,411.2104978540214
15,16,90.09663679788812,278.95202116087864
42,43,235.25626690542336,237.71583138962956
17,18,123.2554004048939,941.5450957468604
13,14,82.29410127658647,357.1479391017885
8,9,72.7969898686026,3256.9759783081863
16,17,99.07624165509971,339.6834705455856
5,6,40.20205681355579,812.684367459614
4,5,26.345884128487693,194.25599007272592
39,40,226.19260807243128,285.6636877162369
44,45,256.1576824781764,296.6025253389747
17,18,117.3665047682044,678.8236516037312
19,20,128.78801656333007,626.0315869204544
9,10,77.07620937653158,2225.241966448366
19,20,105.1411634360221,191.91607590363182
3,4,16.006463470855167,54.68644473808539
11,12,60.642390091371894,156.57458964922364
1,2,8.786361671600254,80.89733129343483
28,29,156.72814847594879,222.38695675311402
3,4,24.756067244671993,487.3666970845448
13,14,84.14894223633675,407.7436757102711
15,16,98.72690293539924,478.39245608665374
3,4,31.633832200361084,2720.1928298114694
15,16,101.92123143928009,584.1027826057243
25,26,129.01305010258142,142.88503967117254
6,7,34.42934198851587,136.79417541836
52,53,317.6773995346364,400.980660821876
24,25,149.54030128632394,396.07835246897537
10,11,45.36807617371513,61.8288795068819
32,33,168.2246432941908,163.64778460527043
31,32,199.2244769559777,505.60963786011945
36,37,197.03830161214694,205.48221866829107
41,42,298.253680930787,1213.517101045284
32,33,187.53632204537973,293.8057544584728
8,9,51.60818578926779,309.27871649504834
13,14,76.99361822363304,244.58041702630447
8,9,60.70159486537116,849.4776674447901
18,19,103.00929550541818,226.22766708835155
9,10,58.666842242962204,353.0763153272563
18,19,115.97518844515817,447.6256527579915
3,4,29.741562227928384,1694.9195524081397
3,4,30.181315183581102,1891.884679082946
5,6,27.5375371077225,98.45400826350861
32,33,184.96082728712875,271.7475619118133
20,21,139.94068267851893,783.5556073712115
55,56,299.80119626107097,211.3663302427257
20,21,105.81228431536844,154.26628082189163
22,23,132.74136808679012,320.97518981930847
14,15,71.90417789585206,120.73666597455819
1,2,13.079995052523529,692.2848655028317
7,8,41.59867755165514,181.24227895471577
2,3,8.194177114412751,15.354250964182247
8,9,53.24663637700451,371.03371362310776
16,17,86.92006973299792,166.1590194667765
5,6,38.19758242656795,581.87970723068
15,16,70.10301440611462,79.9529550947324
48,49,288.899820466344,363.5492235666251
25,26,189.95365909105567,1489.0743511352164
10,11,65.19176191970212,374.84919967096687
3,4,17.47289586585602,78.9033721485607
17,18,99.94781853920577,257.92183799429097
28,29,173.4203920240675,395.445713782544
8,9,66.0437654610204,1537.935424226981
11,12,60.612485046555,156.1848779386188
12,13,64.07978318731313,138.27080140573665
5,6,34.522702509633234,315.3817316390435
15,16,75.83409085064048,114.39194643418361
34,35,203.15764166890114,331.79060021477665
10,11,47.52628232521954,75.2315823218859
15,16,101.30793729048293,562.1372744505978
13,14,65.312376096143,106.18360529666617
22,23,119.60909240255305,181.34391691960911
14,15,88.29228589462204,360.0174105698705
28,29,162.71771233887705,273.40537881582355
23,24,122.5072923983115,164.75681143525873
30,31,187.28642304443878,420.52230313333405
9,10,51.6347764759647,174.77119260277593
8,9,54.551435457524015,428.92007936719773
32,33,193.38243614977893,350.75003638610644
6,7,8.687398371137235,3.4592676684934895
9,10,43.38120439851834,76.56349831358138
14,15,75.01160742464049,148.52804985369727
5,6,27.501246837046555,97.86031840239207
15,16,84.45866112577205,196.1081554113516
30,31,171.05888934647606,249.14341352491957
25,26,175.61730198118772,857.920651687837
16,17,87.25040357878646,169.4192955703313
3,4,18.47964469517177,101.48501720001953
19,20,101.35824443680984,158.8423533237537
11,12,59.011408963377576,136.67658117949696
8,9,54.665236524396605,434.3780202452181
15,16,101.27882405514654,561.1153522930327
9,10,61.26969301016353,458.04585583662686
16,17,132.22354987826577,2387.1509797873646
10,11,67.49828279894896,462.2969932951777
16,17,106.2695321576648,518.6083377788191
21,22,124.93531332215812,292.6208893700664
5,6,29.110784893450425,127.97020741295015
4,5,23.679566653796563,113.96750122279654
14,15,75.61639579572784,154.63895125803214
21,22,120.50886150101323,239.28983663249036
19,20,137.64142901290006,974.6431954588223
8,9,43.61556001339139,127.25250422709881
21,22,106.90216080811463,128.9196223544671
34,35,228.83672288565003,691.0361116910829
23,24,158.91490513211465,751.0365961758579
20,21,69.45162536881243,27.30910752848361
28,29,170.92939124232998,362.8962349943277
23,24,141.30782570705685,360.62046836603986
6,7,38.18558078569856,233.94428047746018
10,11,75.85006863468742,987.7807745024003
11,12,55.36624890487845,100.8721703765441
16,17,104.31296138769137,462.2272032934929
8,9,71.52163119559998,2826.651036668931
10,11,66.28283336694943,413.9363111826996
21,22,106.76390239251602,128.11197090256474
9,10,64.05639673269167,605.2488363783355
17,18,95.23605255992804,198.5203887354256
31,32,203.8695129066067,584.5967412465945
3,4,30.603787649177512,2102.635658616726
15,16,85.39428210313761,207.9177630242208
29,30,191.81624771544847,598.1699577460892
6,7,45.1550601473593,633.1598248531827
21,22,123.57380515911427,275.06051928888877
10,11,60.429447072109234,243.127524402291
4,5,23.243740177439015,104.45413081651327
7,8,55.406150299726676,1018.1767303206587
20,21,90.36748202700072,73.93700374193229
4,5,35.37827765033645,1182.8186198893886
9,10,60.419569461770266,420.71554750001957
21,22,121.70603532961297,252.67207834134507
21,22,88.73202526917963,56.445404325917856
19,20,133.42181893575508,789.2561714458423
12,13,85.4543505993311,715.807720826508
2,3,15.423691255428755,170.9259494356996
31,32,152.0468365073295,115.75358227343324
17,18,117.3247399024072,677.2504230945182
26,27,151.01281083755035,268.5580436510934
14,15,64.37754140544587,73.10056484154437
34,35,203.23329082191125,332.5085094351532
3,4,28.13919095231134,1135.4652275847661
37,38,237.57635042047716,519.0546735224555
31,32,163.74062543051403,166.8165231554586
10,11,64.02367213132143,337.0845638298171
20,21,105.2280016928555,150.03329310017983
27,28,163.9738487942068,349.397025852574
12,13,61.86410101678588,116.603233056727
13,14,85.5210387174095,449.7291994722162
8,9,47.225286611830896,190.04370423164033
6,7,43.24431616224519,481.9110009884134
3,4,7.970010368678054,7.33386448741643
18,19,108.03799178043259,294.7743338812488
21,22,121.9439159906022,255.41898425593305
9,10,44.910469426959075,89.21479978503825
4,5,33.3013353158705,780.759421375614
13,14,88.13526148705712,542.0595252013641
38,39,219.08579226568222,275.2237538149313
10,11,78.54027861784138,1261.4603400897452
16,17,102.68756235175567,420.07986342836693
16,17,106.98782787622375,540.9904573480418
6,7,27.423879385653105,50.28450887870229
28,29,167.40690360395305,321.3888781803918
11,12,64.12748112240546,209.33937946978966
9,10,61.88952358424657,487.3352859761813
24,25,113.51519408542735,93.74775926739481
13,14,85.16687036660466,438.49476939125486
12,13,68.82247888551794,199.14572384132381
20,21,126.95143520895635,422.1270936675208
33,34,208.53558050583374,461.000637861026
28,29,170.00711104787771,351.53672059706633
23,24,115.46476349011273,122.85831883853956
44,45,263.0161016594776,345.43422855172713
19,20,117.49542455153633,355.9432213623337
17,18,88.41798635110038,135.92596368542257
10,11,79.02229750432213,1317.9664080390992
8,9,57.77069676858068,613.3687517095136
16,17,100.25698782290678,364.1150437410195
1,2,9.318054420712183,105.53337043646316
21,22,120.56692884040183,239.92225834165794
2,3,10.682061834030987,35.18737234386696
16,17,88.4856409954422,182.18774213999868
2,3,19.148374013337843,591.576695526284
14,15,90.55429206993824,418.61548624721445
20,21,93.42388402189808,85.52052298020412
12,13,63.29038425750845,130.12442352101868
23,24,164.63661888119316,953.2327666464828
5,6,28.336415421571143,112.47555437578944
6,7,33.449161909260546,118.92008362374553
28,29,162.4488433010443,270.8822573541132
2,3,19.02621110364038,567.971003862443
7,8,49.92688671832337,513.3001900360982
33,34,201.62870932760956,376.25088066356227
25,26,172.83942690775595,770.9860389506077
20,21,129.16392709275354,469.02834085978424
22,23,154.65479481568792,832.2405434220397
11,12,53.89100388241319,89.2032068525139
12,13,72.883792071749,272.17508225495783
39,40,250.27116340387633,521.5364075279481
24,25,138.79005998374774,257.6500836269366
13,14,77.13227969427247,247.0148730496104
2,3,13.787105498494622,99.05763305609211
4,5,23.29237894714216,105.47519316899357
20,21,126.55158053916793,414.16553626560824
6,7,28.249945863841518,56.58288486730431
7,8,47.282532516585654,368.8228931926312
40,41,187.20956004657546,96.16705451956275
1,2,8.110975696208065,57.713311459090434
24,25,164.81836298315105,729.7737242602599
16,17,84.05435868911985,140.38294930727636
17,18,96.23135027046264,209.80659415426172
16,17,106.38686893646438,522.2002389820861
8,9,53.72724004634833,391.38562943400655
13,14,96.9945150650781,1020.6343732393703
8,9,57.88145605082824,620.9638666777206
11,12,71.73085338272482,394.48105456921076
6,7,37.111016443347815,200.65234378791718
10,11,59.344378004846845,220.28969046070384
26,27,214.35040522869537,2804.285038856458
23,24,142.2032039497728,374.3284040833886
5,6,14.254620204866155,10.759295021554909
33,34,194.05936752724338,301.15601619203585
14,15,87.7158669571551,346.44513439923315
54,55,360.8615976768036,707.0631321660419
26,27,168.22551995541846,508.0474319314842
17,18,107.6274469310969,395.16468706279466
1,2,9.656195316610763,124.97299304330816
2,3,18.0411250882839,408.99722155730296
19,20,125.82322051961903,539.7796636324107
16,17,98.1826503832715,322.28943960225524
16,17,102.95779184127136,426.8107457291393
15,16,87.20536011525937,232.8361546326265
20,21,94.45315762325936,89.81656381945707
22,23,118.46375681117979,172.53465627338866
13,14,64.86619740429549,102.85290025595476
21,22,114.62927897583243,183.17129836056688
13,14,83.39552990769117,386.38085918283093
10,11,51.93554605814708,112.32688966578907
13,14,80.594532433037,316.31935382950064
9,10,51.09889570389496,165.65206097108185
20,21,135.43736088160279,632.3216074225458
14,15,93.78119849317233,519.0913605409063
2,3,15.185169231356461,157.86229101332023
19,20,99.39271795544661,143.9744564060783
6,7,29.255014597571297,65.31931620447594
3,4,25.3649175043327,567.4935457046258
23,24,146.62603616024475,450.07677230875476
12,13,68.21156363114397,190.00366401078654
15,16,90.86240643064774,292.62748033056437
3,4,19.905623295398787,144.95245960233837
17,18,110.67984629669589,468.1928809605812
11,12,58.824707861679286,134.56656564515148
28,29,161.3481554296037,260.7936541664327
24,25,133.97007253763226,212.47044609775145
9,10,33.739198995718,29.192735660445425
31,32,224.32890490696084,1107.9627840521355
19,20,124.14458239396056,496.3240895496432
29,30,172.76312097835552,316.9584520751902
22,23,136.02471963205534,370.22770855690567
14,15,79.91631914488434,205.9749603410216
19,20,118.65150989229144,377.1245463699406
15,16,103.64880574407998,650.7010752852805
40,41,271.26698615161536,747.1514843868283
19,20,117.7597642508935,360.6789446204738
41,42,259.7244654896332,484.88698588533686
16,17,103.89430073791992,450.9829144903944
12,13,72.84716575277268,271.40933290839826
28,29,156.7127006786451,222.26852662182554
3,4,13.111041282400361,26.516318093702537
14,15,89.61441435727535,393.1905248639284
15,16,93.57111001112106,346.60797134180393
10,11,45.28678750369235,61.37365565912706
9,10,51.489512104309284,172.2507407691187
28,29,168.90946319146994,338.4797432866805
6,7,37.22283838335966,203.88341603967135
12,13,101.11766288740819,2388.167849003647
37,38,230.00876365391497,425.3286658284349
17,18,104.60810520433772,334.1404455463663
1,2,10.62922738877839,203.2859674486826
12,13,84.44198795308547,662.1800745293347
13,14,66.48305033215435,115.44443240088674
10,11,57.739913882892225,190.3916145698958
32,33,182.29547231419707,250.6619507587535
18,19,115.28358234853401,431.62491799219
6,7,43.09910278848894,472.01684998534427
26,27,134.0625588559392,143.34867621158045
8,9,53.60000916048085,385.8916279298035
8,9,35.83855215651495,53.62746538430525
16,17,99.62700850994217,350.8687652202111
20,21,131.6294244514866,527.4572561243655
13,14,88.81597613723368,569.0670670833472
4,5,27.661316409703257,252.71523006793615
24,25,138.31363829500958,252.78656897339926
9,10,60.76881807012908,435.6685757869271
7,8,51.665965376471995,637.9409167355964
27,28,176.49003694857163,546.3258569387035
23,24,167.7033989459465,1083.1639523426538
41,42,217.21616837180872,176.23415424576447
12,13,84.9985215092571,691.1437323305153
13,14,64.12948056303344,97.58045166823749
22,23,114.53851658192667,145.46499937674236
1,2,10.17970489365873,162.3659026821483
32,33,203.01106232239994,469.58549188148
24,25,127.07112385626544,161.23210201354556
38,39,229.9245290955761,363.3987608365822
17,18,116.16309587520895,634.9240125143533
4,5,33.11983144606903,752.9255029300542
28,29,171.702282890094,372.6979758849417
41,42,265.87915425397284,561.4125697397628
3,4,30.717142211185628,2163.0738176217365
29,30,175.37094407731777,345.74383373018617
20,21,117.63808893329188,270.9173407656822
11,12,75.21439900067688,527.3511172802874
2,3,17.302048318231684,319.6892529359628
13,14,94.55599924999761,857.4817932287616
45,46,274.22769795363104,388.1809879471401
10,11,60.853758910046565,252.68910545824824
7,8,49.51399396269435,487.47999092384987
29,30,183.98984242276288,460.81411822683526
21,22,136.5460104238214,496.0302126379914
26,27,179.92951545778777,783.7233812603722
29,30,174.66836598853266,337.7408435338684
19,20,134.94155351026006,851.5665689638304
8,9,60.28141585955359,810.7300155170524
10,11,54.60081979919118,143.12392893194277
2,3,17.92400349833309,393.3374255891523
9,10,39.38275626130485,51.33001280982775
17,18,121.22131430507935,840.9376013094894
32,33,205.54277876361925,507.0294321291321
10,11,58.77765888187094,209.22778413304297
10,11,77.05957965324461,1102.5890026756529
7,8,39.761525345298956,144.0543513310346
30,31,194.5118998100947,530.9019821927702
5,6,31.91537610736053,204.22643448119737
47,48,262.3846298852564,236.5942044116816
7,8,27.287621894314505,30.294092811399793
3,4,26.631682257708444,778.9295181441048
5,6,45.44241485418784,1946.398087783603
39,40,252.44856813104022,550.7132208177641
30,31,180.96655507803158,342.9658258009235
14,15,79.31674735538283,197.90421618903616
20,21,116.68675809337059,258.9182280826919
24,25,143.44046207649407,310.3244872373154
37,38,237.70272661602868,520.7837617371557
14,15,76.72239927580934,166.4719153118547
26,27,134.57855473729342,146.11455191055066
37,38,239.25038290932073,542.4319870922578
22,23,124.18699748888774,221.281284647746
31,32,212.06839151090776,755.3167779646973
29,30,185.8116979379413,489.6658719834959
16,17,85.3616850723694,151.6045661522257
22,23,119.42969576197638,179.93496281629848
2,3,14.924676526325666,144.7332185114766
14,15,104.9841571860406,1095.4755195372804
33,34,214.72103925905168,552.9815757667092
4,5,18.116933051482615,37.46422997029597
5,6,16.31875885159834,15.1771823976013
27,28,181.46081179051916,652.4557222233595
12,13,61.07942375657976,109.77328704000536
17,18,115.65718693999762,617.3272513374477
4,5,22.140835997435964,83.7777282496651
6,7,35.382725141968734,156.75358033130667
7,8,56.91623289197557,1229.7044211711618
7,8,43.17906112559294,220.82767378028583
41,42,221.66790892897507,195.93977771311103
17,18,84.27818352388604,107.99892861921472
6,7,49.91890072952636,1250.4659649441699
22,23,131.87309939175765,309.0839791115063
37,38,242.6152803868423,592.6551182858844
3,4,14.26786613106551,35.409017975430714
20,21,128.07101085557602,445.2427168299164
46,47,290.6294836287448,484.73678615269057
7,8,47.232945477048936,366.5438592251841
26,27,140.87437020512513,184.48520431614426
16,17,85.37778564035442,151.7482176744128
22,23,140.22406835893196,444.3882531238163
9,10,54.34487072325675,229.17526778606447
24,25,140.05461208375445,271.0177951137284
13,14,88.79551972710533,568.2361693224574
23,24,164.3118390149336,940.4200391560285
13,14,96.09037456444743,956.803635826288
8,9,51.62522657616597,309.86486597817304
19,20,111.5490314312401,264.3969497893291
7,8,61.817996651183265,2269.3519415181568
12,13,86.8178535786078,794.9636808327656
29,30,133.40583826981637,85.35860596880246
23,24,127.65482235571854,204.16958172554976
4,5,27.03995521059797,223.18277221679716
30,31,164.30735042797747,200.38431758403968
46,47,285.4578759307248,434.22890603350345
4,5,49.703182663058776,20756.952558785644
18,19,94.25329087890428,142.69357799658712
38,39,236.22253176268003,427.08710863696564
24,25,155.73611972370915,507.4736502855255
12,13,72.93287620499333,273.2046769074783
31,32,174.790106711385,235.61304858514038
21,22,157.93399930908026,1311.357514715845
36,37,238.50057221367723,630.152221217737
13,14,115.22954195153824,3754.39175341993
9,10,60.93661665715895,443.04071165273
19,20,100.30260906446931,150.6757916265848
14,15,96.66368825608608,629.072104539785
40,41,229.747715538494,271.4024617750663
11,12,89.369168462979,1715.4499818094848
6,7,58.482563080173996,4249.904829446343
11,12,65.97015599287641,244.08413938732036
19,20,128.5470818135538,618.5351929369332
10,11,84.45814855838653,2160.32403430277
9,10,52.749350378659464,195.37778394249548
9,10,65.34927074039258,688.7835522900265
10,11,72.84120408610778,751.3921186456166
12,13,73.43378503076563,283.93708861877366
26,27,179.63495532627795,775.2197159040164
29,30,193.2007159657338,626.4217495166824
19,20,128.99278159281977,632.4739788776362
9,10,40.28670655710267,56.18617081491615
7,8,60.333636606209716,1885.040482495082
5,6,41.40143877141205,992.512686885028
55,56,322.31755593325585,315.9773840821072
11,12,65.83492459008478,241.34892689606158
21,22,114.23921190058401,179.95223418336525
15,16,85.04170669242893,203.3862068280213
7,8,38.260689005335145,119.41276749274999
15,16,72.67429888602587,93.89185867480461
5,6,20.168033572321725,28.827763370890676
13,14,64.43687937127628,99.7467267609946
18,19,118.20332843576031,503.32083635982303
5,6,32.86270407457815,239.15630781670717
34,35,243.78265242480833,1059.1464646461786
2,3,23.54525729401773,2561.6813468552873
9,10,43.7169579144917,79.1777869318105
21,22,126.9764487206354,321.0692269082056
14,15,94.76950643838758,554.444713063506
14,15,112.65079611661353,1826.3104706515353
29,30,163.10996475478433,229.7516229421979
2,3,26.464131912174764,6777.593006138672
24,25,138.02893117512858,249.92409381155613
20,21,146.2417321627957,1057.742297653321
2,3,22.584588296513303,1859.7476748793613
9,10,48.58179271807072,128.78949783621115
44,45,289.4050420296407,620.9329817449133
13,14,82.07298587486747,351.5514713361308
23,24,137.25235795715574,304.55395032306035
18,19,109.8196896327703,323.7539018160683
3,4,18.308467795468317,97.23366010220356
17,18,109.13555603412662,429.69963714403514
24,25,160.98870735083318,626.1239120183114
22,23,149.7893317197492,673.5617251557304
12,13,97.39036533476364,1792.8585210412505
18,19,129.1105913853146,893.632202066197
30,31,197.81593375824417,590.6119208981514
17,18,110.30965791347768,458.66235462462595
9,10,54.91617706152025,242.6494249931705
12,13,87.5068467132415,838.2328291881215
9,10,54.79131226203396,239.63842532777934
33,34,219.85935063505795,643.1972801712944
4,5,34.39353504623233,971.3695755823048
36,37,238.46765660452806,629.5918801132411
15,16,110.60689810580995,1005.1892704958555
11,12,73.82304185846873,469.618261389012
12,13,68.97609446105011,201.51290421002912
5,6,40.131543439397625,803.1894173438405
5,6,32.112866200639246,211.06040387008377
13,14,80.08340274265846,304.9790400343146
20,21,120.94930192113075,317.1867025924794
15,16,92.13044885912049,316.7627445322887
20,21,109.61011329128296,184.8471383526769
12,13,79.35585302192001,447.7774682277773
3,4,15.170329733307101,44.370837178216306
9,10,63.64502353899992,580.8556958084704
27,28,172.81042709186067,479.0480797173465
5,6,30.01729945727935,148.84168776608394
34,35,214.85215803075226,463.41968314517277
27,28,156.51094222467748,267.64902339639497
5,6,26.705788103940783,85.70958679988614
2,3,17.8108803812461,378.7817293143577
2,3,13.590451633231591,92.77252641618665
18,19,106.97322222143639,278.70938011682364
13,14,86.82783836810161,493.72982512016694
9,10,76.43948563448349,2087.9720511499277
17,18,85.6312721765698,116.43031024554264
6,7,42.21813571425212,416.1984729373766
4,5,44.566161598676125,7429.637291287441
16,17,78.99621681644113,104.25463116320397
26,27,119.2265870088613,82.74797302961048
27,28,160.59804062703876,309.7124567342761
34,35,232.5346101644782,768.0432177676639
26,27,80.05311606227806,19.39335001412581
13,14,76.95249749248767,243.86309060782614
5,6,28.61113511452817,117.7451471740517
14,15,86.66184669141795,322.93673788361826
3,4,26.31432725927026,719.5181952987225
21,22,139.9207537177232,578.2661673934124
13,14,95.08260676166168,890.3501111537905
32,33,196.14818083546564,381.4135683842727
17,18,107.79093122969611,398.7701031759253
1,2,12.465167093077582,509.06898943899193
19,20,92.1737207070954,100.35220372147856
9,10,51.811307915353645,177.88384685541925
4,5,16.606287558480116,27.69515565217982
38,39,257.5334005766693,737.6139078479888
5,6,30.273630877533705,155.33827313584638
15,16,91.82329844208859,310.7398766258911
12,13,82.79765778492104,583.5035868517339
12,13,87.93740380182035,866.4597675258457
27,28,115.74751666164703,62.41713772976695
5,6,34.941768070571676,338.19681258062343
13,14,82.88452352367462,372.5320628326422
50,51,283.92063826459815,261.66664296156046
7,8,46.836289556123624,348.81308111052874
19,20,96.38277655785654,123.85838145552276
16,17,109.75908188198096,636.7751313841698
7,8,60.36557175495175,1892.5804027864697
17,18,85.54402547781783,115.86733349928576
32,33,202.86907388937763,467.5693563797015
2,3,9.540959671027947,24.05444710677918
25,26,131.83684585476288,159.27749259175727
6,7,42.58218632315938,438.4165451350613
11,12,55.66728984686945,103.43473360116724
49,50,291.8663788625932,342.8618434508992
4,5,21.099973962410026,68.03313000474846
35,36,211.66028481163875,357.613343227361
26,27,142.7095304474697,197.46042109136224
26,27,176.7349679299864,696.2714181776504
14,15,73.23728467255528,131.95825793847607
13,14,89.79136256007877,610.1279896710932
25,26,150.95067691460298,332.21929100451894
15,16,87.55114637407601,237.92289447331473
18,19,99.31766003720321,186.27894696246835
9,10,50.60934974906659,157.7379284042163
49,50,303.30640719351237,431.0086432600259
15,16,90.34518489846546,283.31916569994786
8,9,48.14655226218364,210.52763307460907
13,14,85.30509469720678,442.84554386417545
17,18,126.27483454042006,1113.505677618991
17,18,100.54194445922742,266.57711958995577
23,24,138.925525479997,326.5436275427307
2,3,18.48653789662948,474.46094115984675
20,21,115.82712859415692,248.53347683638196
18,19,117.74343783644352,491.2843301620834
9,10,61.71774018471726,479.03516997922094
5,6,34.861889975276384,333.7242308774274
23,24,148.13090192090718,479.20137366226135
26,27,140.50199260921713,181.95829346762497
1,2,9.196093148750819,99.29017011667217
4,5,38.01494096962939,2004.1758220816052
10,11,62.91572543884076,304.7864609989001
18,19,87.08290609937369,97.83778453187155
11,12,63.99185907784164,206.98677930904486
31,32,203.31234103530272,574.5060667890305
32,33,204.6792050633418,493.9331348315209
10,11,47.74303495354375,76.72870624167328
24,25,150.7723726758624,416.0872222002719
38,39,226.6063516151164,333.7590322209157
26,27,133.86157924995368,142.28559476398848
4,5,28.220122410663787,282.59774256696295
27,28,160.3459804371693,306.9368906286446
55,56,322.0307336695524,314.3631403242564
6,7,18.686907805007873,14.433591858557449
6,7,33.0138390455371,111.74983095560512
24,25,148.73957799224112,383.5933931914827
18,19,102.03651623482439,214.93656965259217
40,41,216.6281773247129,197.08085600204697
35,36,253.28611575202135,1136.5190868408
16,17,98.57669784033185,329.84712340933726
11,12,76.41088089768901,582.6422770962125
2,3,22.92419591085905,2082.6546582568953
8,9,49.810213093604304,253.2730413235586
8,9,62.57674050037819,1046.2537088634335
7,8,44.776672326511694,269.6390036358579
40,41,222.1019996413654,225.22996399902343
30,31,180.80488431431252,341.1818511760427
27,28,124.96686964173288,86.7562521570609
3,4,26.431914298637764,740.9836606583925
4,5,22.440385215112308,88.95023384190681
17,18,106.56047719974518,372.4215870501094
1,2,14.348044166583382,1305.0832140660239
14,15,83.36707216444822,259.2531016475939
17,18,102.1095132070039,290.8334404513316
29,30,138.67341247362862,101.7427005267306
21,22,117.61837395879128,209.82833108869048
10,11,42.74813541578377,48.72509176456062
5,6,24.237851654275072,56.80599934264742
15,16,89.34074178407592,266.07982599973553
19,20,107.52140114939637,216.17106405617892
15,16,111.64547195905473,1072.6011915435238
20,21,119.27544103954932,292.8858394508077
22,23,133.8979352689304,337.52830029353044
3,4,26.887695620951945,830.4136127145862
10,11,65.74906675868185,394.3299073181552
15,16,98.439240512514,469.8683419878613
14,15,89.81942911975311,398.6014084708067
3,4,14.419991153579248,36.781602510771286
5,6,38.47582231985371,609.4988446253531
10,11,79.463438582497,1371.8959429040501
17,18,95.7665323684006,204.4580682765089
17,18,92.7017543434899,172.4482969171057
15,16,71.1070887249389,85.13115312879428
22,23,121.43758848153225,196.34928731891674
28,29,180.38851499135941,502.85085761201714
35,36,215.9026785178308,402.3396472263802
4,5,20.195705159842532,56.77755175163013
4,5,25.613474457099453,167.78692845066308
14,15,103.51436034323764,993.2251308422109
37,38,221.93925182355588,343.95355266539764
7,8,43.02223108871638,216.54077915710127
14,15,77.2139771465,172.01788886482083
11,12,71.99378827969531,403.2200152980505
17,18,102.64173389207818,299.5611437758047
17,18,120.6968451458334,816.7885804228603
60,61,364.90018538154334,396.2202534264613
18,19,119.72124976132714,545.181304686625
7,8,30.95171501846143,47.89276155844592
12,13,78.6316765074963,423.5156640658755
6,7,43.26770000876152,483.52354042728064
41,42,229.61829252791526,236.7730773790453
4,5,33.30578025449256,781.4538155251413
3,4,24.520513866011022,459.4951866280836
9,10,60.150079390925846,409.5290901930895
25,26,158.89642345704718,450.970037769157
12,13,66.29409818491754,163.94746058725804
14,15,85.50143935210345,298.89608070452834
37,38,274.62949487105834,1376.2146064073554
21,22,128.7961009404208,348.7544959148454
17,18,110.38815113337996,460.6668266590139
18,19,104.27832326184677,241.85365292662536
20,21,110.62398621437421,193.99043764351245
27,28,192.53374193949074,968.942304915756
43,44,260.33282164370263,371.16809169981696
19,20,118.25036989462025,369.63591021890306
13,14,76.40701666007438,234.5441978615179
6,7,30.241339786712476,75.20302063004293
13,14,65.65813739818417,108.83869861857842
34,35,174.10083926183296,144.64893852937115
33,34,177.89282618781604,187.19333255212584
7,8,38.60888870830513,124.72497191081565
12,13,64.46939514194106,142.4775212551651
10,11,53.72804720023071,132.20687456235913
32,33,199.49528160903205,422.12925723834525
18,19,136.98262276604186,1352.3670744576402
16,17,89.3220975663213,191.37618257392188
9,10,48.990847882930645,134.16693233068935
16,17,75.2635540176806,83.70241945859286
4,5,33.178463083079606,761.8065229948329
8,9,39.40234102234196,79.6815360934149
11,12,88.00495530687657,1531.1069898886008
32,33,176.48592768630215,210.19978061302447
4,5,18.431417745188337,39.89629845486761
46,47,251.5041929640963,210.85127809154085
1,2,13.294210674257368,770.5506099270114
37,38,221.52374408911635,340.2131091484524
14,15,72.98664082783104,129.77160947456713
27,28,126.85916118706902,92.8220600974695
16,17,96.883885382557,298.58423320810385
26,27,181.87484882082728,842.2741136222677
4,5,12.732626677924122,12.762680617378244
17,18,121.4422507296608,851.3230827279034
17,18,136.28652461433626,1941.999885099782
11,12,78.05944856743142,668.4449517889539
12,13,63.338644298467855,130.608383578686
19,20,129.90595989520517,662.0214748492995
11,12,108.64968619483896,8553.882190416236
3,4,31.61703951416272,2708.7969313696462
23,24,150.60738351101935,531.2898059573388
23,24,127.53186477492544,203.12624838392878
19,20,133.33744332000728,785.9334864413721
8,9,54.90502165062037,446.10661082532397
36,37,216.9598072819943,352.0518884800866
14,15,90.12112413781429,406.6996460116356
38,39,217.90386586508976,267.0079977109886
35,36,210.26383842446364,344.0070593253025
30,31,173.33152510559205,268.09449711451305
10,11,54.16469959678819,137.56046965044368
5,6,37.09374223572916,484.0994557149985
4,5,20.244499919636077,57.33435363390585
16,17,104.11698959693396,456.92935733942926
8,9,68.92265344098269,2117.671901450283
4,5,14.45679397424178,18.0177754362025
11,12,61.60598655367752,169.66607027649474
16,17,103.5402217054161,441.68690740511107
5,6,26.881858082421157,88.26200145606617
15,16,121.22951398835103,1952.4584952858306
23,24,144.03683309398275,404.0484159532927
17,18,104.86576455543354,338.9578653440558
13,14,69.10631898965596,139.23534656209452
11,12,70.78551606315132,364.5971353556339
7,8,38.99596917961472,130.9081781722216
13,14,74.29893827163119,201.75760859034276
15,16,81.15631752226805,159.53603877607765
46,47,240.62026312153196,167.2651146317849
27,28,160.76084104681013,311.5184633350549
5,6,26.906129375093947,88.61976339179701
19,20,99.31653291962154,143.42706468846492
7,8,41.02611570739825,168.72403705463668
4,5,33.39238936909102,795.1079358617541
43,44,228.56921966780467,180.32395665345464
20,21,121.57665288173006,326.8052484350067
3,4,31.840543622459183,2864.4622225532844
13,14,82.24511011215839,355.9003309091692
4,5,22.694397063270426,93.58587019698328
22,23,107.55080932750857,107.35296508546658
7,8,44.47654203259879,259.71055322939213
5,6,20.613853018734115,31.051346400956668
15,16,89.90915912339878,275.70251637574654
6,7,19.782981212572146,16.880180347841886
18,19,109.59100758385722,319.8805892539677
9,10,48.88702485937578,132.78117678742552
12,13,80.41522854993659,485.7950424195417
7,8,34.666549878926936,76.19674420915983
20,21,142.97000097840063,905.1451202262144
21,22,86.38892523220976,50.74277933757998
18,19,85.01263149525263,87.73746701152992
12,13,79.50552103057284,452.9624861595309
41,42,220.8422217007513,192.12537154578897
25,26,148.93457491458094,307.4316792715812
15,16,100.3893864051638,530.7741760747747
5,6,36.1050639352094,410.555309149279
48,49,314.3470388449313,611.0908817300497
12,13,68.17082321612332,189.40914775061512
13,14,102.93563157832872,1560.1622679297254
38,39,229.44439068802427,358.9522979329783
5,6,31.31868413928399,184.89363057976388
10,11,35.77928099858449,25.85908290735695
19,20,108.70354415289997,229.33348432180904
2,3,13.8807202532294,102.19745252371158
9,10,71.96198377573101,1334.348421057399
13,14,77.58514667093036,255.1358608133115
19,20,109.98094899248373,244.458961847828
29,30,149.75315501309942,147.19700119489679
14,15,87.16870147832667,334.03532979827907
14,15,65.46784861640523,78.61191207692491
24,25,136.02205020576002,230.64552502437
17,18,134.19810846014641,1729.2628008679558
12,13,72.44969230995085,263.23660186300816
11,12,67.46370180898334,276.43484486375445
29,30,173.82986877919646,328.4317189712777
30,31,166.06039731879747,212.04256022122985
8,9,41.378582129143645,99.24784798599961
5,6,49.173920547782664,3625.1589863498857
22,23,146.817566852185,591.920580802154
14,15,96.16703046921725,608.5842539881694
7,8,55.45177704929283,1024.0003333756965
16,17,95.97489677884994,283.0382828157619
27,28,139.64780002315376,146.55802562623268
8,9,69.80760805968617,2336.480217826594
27,28,151.09690161660376,220.59267797939913
12,13,67.05051872013486,173.7699345768202
12,13,77.910765729852,400.66907025164863
7,8,69.79881354159392,6153.963918079148
15,16,99.27765128123401,495.14626564715655
12,13,80.35259210242926,483.46002025012587
7,8,49.98743136171685,517.1996241596393
8,9,50.965717451807144,287.97034170588944
29,30,168.0166978438151,270.57696725316316
17,18,86.14746142931696,119.81753925205976
8,9,55.56204799885179,479.8919089048317
18,19,89.17499761138329,109.22619624720582
31,32,159.45372487571387,145.90108649761027
12,13,63.49605282738062,132.1994485334467
15,16,99.87295194457332,513.9158296678931
32,33,196.30921923753604,383.2793970030706
42,43,238.47368088921624,256.1849271983571
23,24,154.98099297691238,637.4917743940321
12,13,65.91432089761211,159.2272419805247
5,6,27.109927529000487,91.68155874441591
12,13,80.84164425375737,501.9939257504402
18,19,121.5726469506935,600.9792245648425
22,23,154.1692590726336,814.8558806352219
14,15,93.43017006933567,507.0846765931584
4,5,41.34213505564966,3898.811379315032
4,5,35.866479513095484,1304.1358318867894
7,8,55.00906951514351,968.873144403912
9,10,74.38135537212897,1699.578464457658
4,5,19.84407407457224,52.92177156198626
35,36,236.8700311014156,720.3398295531231
14,15,65.13549668930516,76.88927853756296
64,65,342.6503465149255,194.71633215195087
6,7,43.079595466099136,470.7032832952111
15,16,90.38854099811094,284.08793268883124
19,20,107.20059732673315,212.73129985928892
14,15,73.02831342021572,130.132638702135
3,4,19.876356786346598,143.89576691183314
12,13,72.7555478792049,269.50329216301714
12,13,74.67799555517213,312.45523051196204
18,19,101.32177148622486,207.00124651616628
14,15,86.32206642418349,315.7037987509654
10,11,62.154828366167465,284.41628078750387
6,7,45.46775243510749,662.0845090835046
27,28,161.99509274507597,325.557476968941
28,29,178.829898225877,476.53835578682487
13,14,86.27678751678413,474.67372808194847
15,16,92.84959833983858,331.3250428977004
1,2,6.6524928776235,27.833669996877624
22,23,107.86449163998303,108.82711325487132
25,26,133.15290627435377,167.54728768123
17,18,125.42703072992366,1062.2752764223362
16,17,82.90509777451564,131.20624275137362
8,9,46.50863403829616,175.49771173170407
12,13,71.7610619522219,249.65543036742838
17,18,100.78312878924085,270.1730583468296
18,19,105.36809840463056,256.1310915338661
7,8,46.579346812196164,337.78795668223785
11,12,69.74656386805124,334.35846155967556
9,10,74.34045163769548,1692.6407524312613
7,8,32.42543086054761,57.58020569826238
7,8,29.908462726495227,42.0373219188293
29,30,143.73528634048168,120.44295174787675
20,21,132.91665084293783,560.799994467036
9,10,63.56913626116547,576.4644232116821
23,24,149.67268315247506,510.9960182095351
30,31,197.12052439837097,577.510482355319
33,34,207.2445308051157,443.8236845171603
23,24,126.02643912159574,190.77631766664135
8,9,59.959938355141006,782.2820652759008
8,9,43.5160257713249,125.85292642537404
20,21,141.32517478642978,836.9549349869433
9,10,65.48583751597307,698.2545712985277
2,3,13.73138521838284,97.23477413996193
12,13,68.63933321960786,196.3598036422097
26,27,202.9699835348542,1839.7901544178458
8,9,56.12776878342555,511.02512317130225
88,89,523.7759675363961,359.6470848445203
3,4,11.457472588727427,17.537968288250134
12,13,71.83328853147216,251.04634897207973
18,19,133.5379506200931,1128.126070602381
17,18,104.6017165601781,334.02187190074903
37,38,252.1560023492507,761.8001663041573
17,18,105.60598415232815,353.1875148987644
41,42,276.58872407774794,724.4739544136754
6,7,32.26108631315283,100.35627617781401
37,38,261.43627671821105,972.5310654601435
7,8,50.07600287331141,522.9575838568805
15,16,94.6014477690099,369.66252157353136
3,4,13.92791565588554,32.52402067309989
19,20,119.25476246609051,388.67290289753765
5,6,44.28188834356041,1604.0945353281572
32,33,207.9347672909171,545.145948524487
65,66,428.26845973627144,657.8099478893815
5,6,29.45336963924082,135.48960748808852
1,2,14.231356910231627,1231.118586626074
2,3,16.091562803397377,213.54642744764652
20,21,140.26374208575027,795.7028511761796
36,37,219.66730995222622,378.7795308530609
36,37,227.84665466498723,472.4905249176076
13,14,72.39661352120555,176.12371603005244
4,5,31.34764180210626,528.2281857988503
8,9,39.60952806507525,81.5371442343206
23,24,111.81820764359769,105.54020656017535
4,5,27.929288069836822,266.6288493397978
18,19,108.44148214089921,301.10120228888667
18,19,103.8892843196758,236.9518768985778
19,20,129.38150763704542,644.8871768300866
17,18,99.06412188549633,245.56515937114838
19,20,91.80832240104846,98.53542419801732
18,19,132.90984344617908,1091.4418706919262
34,35,240.34367115691518,960.0275990458385
3,4,31.448639166050363,2597.123567809686
14,15,112.22963830021965,1775.7459846846607
2,3,21.056549332145526,1117.5005038742904
16,17,86.78376273640417,164.83207358189583
19,20,97.10775266330455,128.43046547486347
7,8,64.20564443284886,3058.5785292908686
10,11,68.82496408128372,521.5550952337402
18,19,112.44606197451154,371.74710139919733
15,16,92.9368399972648,333.13656127340624
13,14,89.69723708440803,606.039706396424
19,20,118.79848531417173,379.9061565250356
17,18,103.92791493188025,321.74942255414885
22,23,135.3728025727505,359.88121724335605
21,22,124.49851839761897,286.8683969918771
15,16,94.59472850996882,369.50731302599917
1,2,15.512344205002616,2335.9457086111606
13,14,68.98169942962558,138.0014572623093
15,16,80.29070352860623,151.1343188970493
11,12,62.87796809443683,188.6381584576473
12,13,77.02843722107748,374.3774082691376
6,7,55.54045261514755,2791.5446890404096
8,9,49.15817758695636,235.572737970527
20,21,88.29180797892816,66.97850911910973
10,11,65.11331957485027,372.1856126691915
50,51,233.3086712083957,96.99697841094813
54,55,266.3924973739096,126.91276393075331
12,13,78.2179271564179,410.24872717942617
16,17,81.50901096482428,120.86179513238167
2,3,18.631615643087173,497.9693593368528
9,10,62.09135909765148,497.2713782469914
4,5,34.247243179567825,943.3606280824131
2,3,12.750244276613044,70.11112094999245
13,14,85.49076276566177,448.7576803715515
8,9,41.349711565491724,98.92998682555374
22,23,114.21227384712957,143.41622070006665
17,18,104.48764339709525,331.91173582323
6,7,20.332076571806443,18.25761708369255
33,34,193.30278857464435,294.52860660328264
10,11,50.97643662381338,102.94774313239095
30,31,191.72922112201738,485.3224835817257
12,13,61.743498084840915,115.52648981119636
8,9,35.8182078765704,53.50637871831213
26,27,148.5456229907273,245.10574762887063
44,45,260.8308276835883,329.0601678970993
39,40,224.36791251792312,272.92521309494083
12,13,64.60897882679092,144.01557424612227
27,28,155.48020774215806,257.9754853077094
12,13,73.4196825720055,283.62923938994845
10,11,70.71017394302432,619.0571725512935
21,22,124.02680139202268,280.78293049137966
16,17,59.62464056938115,33.35914001391536
8,9,34.882232262612575,48.22143273304241
13,14,80.69925946454597,318.6944538628559
8,9,49.3422889310876,240.44143536560324
22,23,134.84286032065472,351.6840043232005
13,14,80.08594407518886,305.0344059989619
28,29,188.66583611528313,668.95613283747
13,14,97.03869829266179,1023.8605271143812
26,27,187.62109760513022,1042.0336765435557
23,24,151.61402025621933,554.047733179318
2,3,24.098476584415945,3080.433239154066
2,3,8.393325137004965,16.408098856828158
11,12,57.25608512714974,118.07741011013299
4,5,29.154623589465903,340.67356039814615
14,15,94.55109693565946,546.4301370426431
31,32,171.0817967712689,209.83177727508613
20,21,139.91697630425477,782.6715701400274
22,23,122.08667599506283,201.96942965593095
33,34,216.23020460487047,578.0797876966435
7,8,46.817361630061264,347.98876812740895
25,26,174.03271160104507,807.1954488335953
30,31,192.230536753985,493.2346659232521
1,2,11.675629253008406,343.028874728335
3,4,28.599881516981064,1274.0682157523881
12,13,96.81978151728524,1715.869968646308
25,26,151.49610515591843,339.26220525146755
3,4,28.367728797908164,1202.228503143781
35,36,224.46256593349207,510.33699189588236
4,5,28.13314034662264,277.72407069391835
3,4,21.910886727789883,239.3008823086577
11,12,88.34257636010922,1574.796542172684
13,14,75.61471264048181,221.6392151503031
2,3,11.767878223812936,50.53297404585231
4,5,27.20678737382405,230.75521532779806
27,28,167.79850100331927,400.5359828379103
20,21,125.55782437965384,395.0230106753806
6,7,40.41017624807273,321.4629580924688
12,13,80.75383613921461,498.6146481263013
62,63,340.29374159694714,221.73610572812922
39,40,238.3877130845213,387.4910792015433
9,10,58.67871404592093,353.4957294826024
86,87,554.5797236346125,586.6800326361207
24,25,138.35217784353188,253.1765607079025
21,22,144.92873075141068,726.0868092233101
9,10,65.93217664506201,730.1263961067343
16,17,115.14666906750203,874.2212364377473
17,18,96.58270180627505,213.94215096917486
42,43,266.66682829899344,493.51544067939597
51,52,237.60283443449512,96.47513218654301
7,8,50.146298888890314,527.5730615732056
20,21,124.63892178494358,378.1106023626862
19,20,106.11242156117272,201.46608973307303
15,16,99.62925313605825,506.14759729084005
25,26,148.8814059992735,306.8036366924977
8,9,67.49445512873326,1806.9288283704855
12,13,76.29705651510572,353.8964468492405
10,11,52.48156988684996,118.04333560028505
3,4,19.885800480173245,144.23589515363338
5,6,25.863695393565333,74.48635087936033
6,7,8.687398371137235,3.4592676684934895
3,4,25.878429167200654,645.2302899792699
34,35,219.82081975876494,534.1062826043524
16,17,111.09944690317782,689.0139947836881
21,22,126.47380087080155,313.81672290784394
32,33,201.70002289994255,451.295306155063
11,12,57.64444842160229,121.9613309583852
16,17,103.67140967787319,445.1085639504533
12,13,81.51594695649082,528.7191894884078
13,14,76.56756138451689,237.2493095976813
14,15,96.18067175709125,609.1379639275125
22,23,145.30438027981103,554.2311019489268
21,22,113.8120459370335,176.49187041126143
4,5,17.088223315070525,30.497498474312263
20,21,89.46234790135492,70.81790079477598
30,31,165.91127793885045,211.0250206456466
11,12,52.38521663518971,78.68359781009565
5,6,34.75050832350941,327.5862526437755
4,5,34.84055441270841,1062.2142065456062
7,8,46.17777637814237,321.250774553434
58,59,197.24617430188698,28.30831270402833
36,37,209.99685035545937,291.6605278648669
26,27,185.50287325589673,963.4077968848932
15,16,114.24291459244633,1261.6581943819683
6,7,31.29646150866166,87.43739684481784
4,5,31.757004985797174,573.2953317776207
52,53,330.7837649410836,513.4759085456272
13,14,95.94208767814912,946.7227301518097
12,13,77.08145192554348,375.9072569101041
18,19,108.50290964557644,302.0762457952016
21,22,144.85075343650516,723.517805650499
38,39,264.8949198905792,890.8512204313016
19,20,109.92044157028339,243.72050039030188
20,21,100.53894285295358,120.00923609559615
19,20,109.5586763555571,239.35165198488113
12,13,74.94404169046037,318.9155339544506
5,6,36.63905439924161,448.7693535409032
17,18,97.12916463721363,220.5368281585032
21,22,105.61995272072608,121.62067039065214
9,10,65.26772281916911,683.1895057477494
10,11,66.04829867896777,405.2040587557815
4,5,29.84292786058969,390.9523056529607
6,7,29.429392388490513,66.96692981194515
7,8,40.2142204978075,152.4409887626259
7,8,39.01740279320886,131.25937784292645
7,8,57.97548745996926,1403.796923154302
40,41,277.4803797158223,869.409407702766
18,19,123.52099125043308,665.876889367865
23,24,124.16628415622712,176.54842002611602
16,17,84.23282135752174,141.86442451020213
14,15,84.35628611633527,276.92657746696113
5,6,28.29212070848309,111.64826643816403
22,23,161.18160249669296,1105.3261853190943
4,5,23.854422291432996,118.02358274710704
30,31,192.55584011965382,498.4377532680986
16,17,111.26175093604338,695.6237176589124
25,26,135.13542085947256,180.82255420786913
19,20,137.5256150376872,969.0156397800055
15,16,103.12723038389512,629.831232762058
4,5,13.579912576442675,15.119457875120803
28,29,154.0706490766902,202.9137481201532
32,33,197.97340996795168,403.1038582215716
14,15,101.05200471781275,842.8595312499382
13,14,53.747356987506095,46.4834775375757
28,29,158.90842035926056,239.75095619201755
19,20,112.70977871876202,280.1958816605271
17,18,92.5415747545404,170.92051048729442
20,21,115.10885646172491,240.17651140902464
2,3,19.76422939149937,726.3823026026289
25,26,199.53472773340934,2152.5589122111205
31,32,177.89826691949412,259.6464352750443
9,10,27.299746999553793,15.332499102088619
16,17,109.9628039855074,644.4519298669456
10,11,48.573850360598406,82.74839168489575
25,26,155.20830249123043,391.329570327904
5,6,34.75149191191438,327.6399587189992
23,24,135.02935895279802,277.61167639783287
14,15,59.04637772871938,51.23511731101522
38,39,227.371880483815,340.3750907234945
6,7,47.393844642378646,871.790580096039
4,5,32.424403236711946,655.1607643941002
4,5,22.94717887028945,98.4388727242433
8,9,48.12476801305198,210.01867301735598
15,16,92.27191174478709,319.57579765863204
28,29,176.5591830552499,440.64858199704673
11,12,57.35261604410788,119.03108414952382
22,23,101.24805951304607,81.6212417816619
10,11,60.27545686467721,239.74766818710745
22,23,147.77661565992705,617.1241665761861
20,21,118.91039721705879,287.8385888036039
6,7,46.38319365251313,754.5869562913545
8,9,57.61421162541387,602.7961437428553
14,15,97.0735293534811,646.497042497799
2,3,23.382130747623002,2426.1079425091016
14,15,97.72072013715217,675.0013398342196
24,25,151.95944573363454,436.3208334802484
38,39,197.7405795866965,159.21751265168206
8,9,51.31321400433783,299.3065271593446
21,22,113.65622190968318,175.2462109731364
18,19,106.04008765851621,265.35199966156085
21,22,134.7322065006448,456.7751261964596
10,11,61.10868796699796,258.61365531700113
15,16,105.05210251324571,710.3490060503988
19,20,106.3441286129671,203.81371821109332
31,32,204.23340930544893,591.282579357396
10,11,44.41950898607109,56.72058412417447
8,9,38.67342138288375,73.48246602823188
13,14,56.255266712999834,55.60278759735682
7,8,40.938986174285105,166.89640186135503
11,12,87.68617555940801,1490.968662271552
12,13,60.99690071749779,109.07866137670642
5,6,25.96653508144241,75.7740470568037
11,12,76.61748544176783,592.7605086823539
15,16,108.94078663971219,905.7824583201536
2,3,13.686873049235684,95.80271418992895
8,9,36.35070641405282,56.76769303650366
5,6,35.565543387952566,375.2492848286639
7,8,41.92857806909513,188.8725140519182
6,7,29.947543936595196,72.11200695321602
33,34,196.02489729568308,319.07881963351355
30,31,186.4917481231374,409.879347779106
9,10,72.96776271885332,1475.5355267823966
2,3,23.472128613805666,2499.9921510429795
16,17,85.97359532373694,157.16093014961365
24,25,148.10782578606575,374.02140613908244
8,9,40.38457210909474,88.8700045357401
16,17,119.71384742789887,1143.662401918953
19,20,109.56737661811457,239.45579574598204
1,2,6.6524928776235,27.833669996877624
6,7,43.762042657786886,518.9047704305631
12,13,71.37296234212131,242.31241689645185
26,27,147.3190451599526,234.22002043244137
11,12,70.98240608794394,370.6286090069256
7,8,25.830035518768142,25.248189239078314
11,12,60.830232554409164,159.04481950866224
17,18,107.66618974304103,396.0161470193191
2,3,8.985381318329685,19.98790031265578
25,26,162.88462424701314,525.7328743338315
5,6,42.4279097753271,1177.6995678316962
12,13,98.44380736160161,1944.189707218736
6,7,33.873485226978275,126.35170375349327
22,23,94.4139955810961,60.64009631330038
8,9,49.961020810486254,257.5527451079248
26,27,167.08322802344492,487.00174418848286
9,10,67.6198661813144,864.3576398182553
18,19,97.4073080432846,168.46035215648863
20,21,97.96814692054507,106.1814956836498
10,11,45.36565756970247,61.815286494389696
44,45,256.50393171968904,298.8935146155006
9,10,44.95898557906202,89.64868734131628
14,15,67.72226686323972,91.36091771352045
18,19,97.42493304591194,168.6166938247786
4,5,36.627812181092345,1518.6277897828431
17,18,113.70092781386846,553.7527081333103
27,28,178.7027898579832,591.2521019695175
19,20,127.43200724857218,584.9932814286809
19,20,90.09906284645248,90.46410501170746
8,9,45.442639464461024,155.89491566229276
8,9,59.822140723879514,770.3958894582437
21,22,121.72698976906489,252.91285670744372
26,27,141.74619577274487,190.53942007631503
12,13,72.8139151446765,270.7160256772396
9,10,65.21419035056894,679.5419953936154
27,28,166.9634818258345,388.76750591796736
15,16,89.01177835359168,260.6650232264547
37,38,170.1761889616552,88.08663000772201
5,6,25.88983328370904,74.81154469785422
32,33,154.5871617022531,108.2517405267966
29,30,187.52691487763198,518.4777749314043
4,5,36.62050240764151,1516.409246862709
36,37,225.9462383910014,448.8348899192708
27,28,175.82380763837753,533.480063812978
6,7,41.85919564304854,395.3949314503239
14,15,88.88218474020111,374.4577511894947
28,29,182.2759629712648,536.6671304442667
28,29,150.81029968311216,181.33663422822463
7,8,56.756257720831265,1205.3583831442888
36,37,201.11987782752763,229.447070602126
29,30,180.517472095629,410.44792766781865
8,9,52.55283051923227,343.5055920068465
26,27,175.85786591971348,674.0162991416948
6,7,44.08226165012091,543.1936846700899
4,5,30.9704830765226,489.8487232144327
13,14,73.53831455336643,191.08851572538893
9,10,63.72183056746761,585.3342530213843
33,34,178.8073738563005,192.29687610101215
26,27,179.15335379403936,761.5146418393829
35,36,204.81487622001305,295.6871936180021
24,25,187.88619580726103,1836.1895971868091
10,11,69.75697776692236,567.6717991696974
14,15,82.2247156074312,240.2422302752704
12,13,69.57841009950764,211.06906290558678
16,17,111.54431780761612,707.2827104252116
13,14,51.87212501554119,40.6562179267683
4,5,29.6550080113338,376.5314597818875
13,14,68.61716215746797,134.4545022244769
34,35,228.56106235401478,685.6148776635928
25,26,150.50059776174152,326.51782104612016
7,8,37.16915909043393,104.1825747350019
20,21,129.3778338330283,473.83029499166463
6,7,30.130277680497255,74.01926394657161
31,32,199.58809120162906,511.3876177208259
38,39,216.00439303723817,254.31513333821542
63,64,411.5941625245664,620.8930155820634
16,17,97.97898221828078,318.4512946402276
8,9,64.50393483637941,1296.0855307826184
17,18,99.07049164131953,245.6520741989633
28,29,160.64712972189207,254.56499775353626
10,11,58.94752558360753,212.48384504271237
24,25,124.37646694625474,144.7573189472545
52,53,296.93901173931187,271.13662984690217
26,27,150.9999182389791,268.4298368168533
15,16,103.00728521057437,625.1273104174036
16,17,99.6936576019706,352.24705849128515
8,9,53.555886951799486,384.0044364420518
22,23,146.68367453470347,588.4847816020207
10,11,55.76066429823702,159.03929337594997
31,32,208.29533248695967,671.3087331816257
4,5,27.13351402205241,227.3982315384627
13,14,82.81002147166755,370.55487102040036
10,11,73.11993698725495,770.6751885278387
12,13,76.32785424408152,354.73584127023105
31,32,182.50105956560776,299.8127494929612
9,10,66.21492666005568,751.0653505384889
12,13,74.83375131613035,316.22133921069593
17,18,98.01693708326712,231.68655300334893
21,22,140.42327255790372,591.6267968464498
29,30,165.9165776968233,252.2832817044743
30,31,185.75626145479012,400.26925825458915
27,28,80.19065506080334,17.53067084253346
17,18,99.26436703116615,248.31225757565167
14,15,80.83243866027905,218.94690204827035
10,11,66.84243111755066,435.53913176287534
33,34,210.34464922715182,486.1938099006366
12,13,87.43754608651554,833.7762521561725
7,8,41.564987076652486,180.48061656979968
29,30,186.80866603068534,506.2119901192971
2,3,20.672077574974807,983.0819903812306
13,14,94.40694980896616,848.4011326934617
21,22,131.92718344073282,402.0957146395596
8,9,71.5232368815486,2827.1553831967367
3,4,28.69688070545912,1305.3417676185234
1,2,8.046838107929768,55.891876855901224
26,27,119.1794389794203,82.60360267815567
39,40,284.7125915377645,1233.7514776588448
23,24,152.1605970697324,566.8104122620772
9,10,49.20070219719198,137.01223380927115
15,16,103.83580094104788,658.3505622397906
16,17,98.86722608244413,335.5326205425428
19,20,130.16700429880947,670.7189621876349
8,9,20.438256160206652,9.688284297400545
20,21,174.94383790857233,4149.150726341764
17,18,115.49002407109506,611.6207790588684
8,9,34.340912995804096,45.40657868628264
34,35,203.08213862126019,331.07562306296546
17,18,99.23436756430192,247.8987558420693
9,10,50.19635206877587,151.3560800650038
29,30,198.71865998507968,752.9172536389676
32,33,209.398607174875,569.8723216501947
2,3,14.88527128082094,142.84456679360554
35,36,202.04022410434206,273.75360427429626
17,18,105.0753905289628,342.92840584136957
20,21,137.44820649293044,695.8629222449262
3,4,26.681028965838166,788.598438586175
15,16,94.04660581460583,357.06322374077774
21,22,113.05096217302824,170.49058900933605
13,14,80.81234439983773,321.27913164906363
10,11,47.62673720446013,75.92176348431732
31,32,139.03880513457628,77.08915895148054
58,59,368.47688357117437,515.6204372014856
2,3,18.87505629577222,540.0628015291053
18,19,136.2411453608192,1300.6073126477004
8,9,47.11510898882345,187.73137973290054
9,10,60.002244107913214,403.5193374266625
26,27,164.7303243721258,446.3588053530034
13,14,73.54615332987501,191.19553855346027
46,47,264.4836924201155,277.91424772431753
29,30,150.42628001593312,150.53706513961583
4,5,26.145744299192437,186.63388430406803
17,18,108.8421457271136,422.7520655403427
25,26,133.89323727342398,172.38664587915434
30,31,178.28828821431935,314.5789580735136
12,13,92.3492008226487,1216.5626713656252
23,24,126.47163246106004,194.34819162946098
53,54,299.17786574214335,254.76227287021987
34,35,207.912209841978,380.06749395813756
13,14,72.53982295817326,177.93457482861768
29,30,154.53848880362617,172.65285501318849
13,14,75.8794909578618,225.87090965195222
22,23,163.59723021981895,1227.7310290962976
12,13,79.82810146477927,464.3428543476067
18,19,107.43256947132058,285.52961717981253
9,10,58.835395223683165,359.07795952645444
47,48,245.32838162832195,165.8374265915502
14,15,66.67732117097322,85.21306308969429
2,3,14.597769474177946,129.79070065498988
14,15,94.3080546155147,537.6477688634649
30,31,169.7292386419844,238.68309993217437
25,26,122.67576501712784,111.97757796420902
7,8,50.77879805406164,570.9774728394515
21,22,133.2536122442184,427.0847087653632
13,14,64.42483699083064,99.66096450621012
18,19,134.3735373714035,1178.8461977667903
2,3,26.25273034374364,6316.434171745217
8,9,45.31913246839383,153.77018200647285
3,4,26.737659963904097,799.8426261275927
6,7,50.36424421400866,1332.6064370655263
1,2,8.110975696208065,57.713311459090434
21,22,120.81239326493673,242.6141742277283
20,21,127.94743604582112,442.63037322078964
16,17,96.99509608154383,300.5439162276305
19,20,109.64235927010859,240.35523227586904
16,17,112.99496091229432,770.2864099069612
25,26,115.64503486099173,85.44611609783571
12,13,58.29757317441062,88.6263046468485
39,40,250.26669992865578,521.4782141540268
1,2,14.547059251641816,1441.62989760461
31,32,214.5959804917387,817.396582651187
14,15,116.12898380782273,2302.917908803799
10,11,64.083849223571,338.9336870656825
18,19,126.103591953654,762.8269133778136
21,22,128.91712731541585,350.67835065330297
16,17,118.61632090554258,1072.1600614108004
22,23,117.18616449157786,163.21210785541925
24,25,136.1963586245675,232.25928258831132
43,44,208.59490387924217,114.52501491229788
21,22,130.01212834106232,368.5742549577677
18,19,111.1407818148463,347.06595445467815
12,13,66.35075720243452,164.66356629709557
13,14,89.72198917446245,607.1121362477414
17,18,109.59815040675373,440.8859096540112
18,19,121.56177104584756,600.6353128539575
8,9,64.16265123256416,1247.8576379720937
10,11,62.31077987978181,288.4772863542243
8,9,42.09924259436399,107.52180041824491
3,4,23.44213297736305,350.9112155578673
7,8,30.497743600718465,45.25069142274269
15,16,104.05273558582215,667.3375394864121
18,19,133.43915497169283,1122.275297933235
1,2,17.09929344396256,5164.929448790097
19,20,132.3239293714771,747.0980751681376
13,14,87.85905611113246,531.4700600126665
19,20,101.53447895258215,160.24821351544753
46,47,294.68339306870354,528.4030934452288
8,9,45.948474032137895,164.90771321386546
20,21,121.31796953880222,322.80427135614275
28,29,180.8958611570872,511.72548326924004
27,28,186.49712732351298,781.0285384845914
26,27,138.45351670868018,168.66390825182205
18,19,119.78091673480611,546.8960651580098
19,20,119.22413526859144,388.0781603082529
15,16,95.34233666211479,387.1824548088847
6,7,37.478360326960484,211.46330302585557
18,19,130.09710680839908,941.2569358110167
3,4,23.823455421610113,386.01022370734285
10,11,75.64302946617504,969.3628910781324
15,16,101.36952317270824,564.305176527751
38,39,241.04342206779233,483.28211194321347
23,24,142.80902613252044,383.89769155799013
23,24,130.38404158420755,228.7588516951356
14,15,90.0749821722216,405.4505068496615
30,31,197.9622166907097,593.405488920857
6,7,38.529789324408256,245.73546646643527
9,10,66.92358454680674,806.2214484281777
17,18,77.58424263057456,74.4580367579763
19,20,109.17452059464851,234.79810793721148
26,27,159.4989801925209,367.73759867826766
22,23,127.89414085626602,259.982629674025
13,14,86.39992390133828,478.8671143292907
25,26,143.53352644645196,249.76494309236745
7,8,37.363317217379084,106.74199405702116
20,21,144.7636083033648,985.850930732364
7,8,48.44293254472615,426.3951796772129
35,36,234.66269703363957,677.4991180179146
49,50,296.52079062349736,376.3109560852819
28,29,159.76899766151072,246.9722004309689
7,8,55.493953754927716,1029.4132094971942
3,4,17.02865046410058,70.6093531092286
28,29,166.5127731971896,311.63099060464106
22,23,136.6792595248356,380.91509445010723
2,3,13.801689119483058,99.5403450457831
10,11,54.13941115553009,137.24458835471336
5,6,38.79783854250627,643.1039811937604
37,38,244.76763363198725,627.192503496413
30,31,181.36927744354662,347.4503763779515
16,17,102.5514263001162,416.7292961877553
19,20,100.93384802262491,155.5072572784548
10,11,41.26293707642402,42.57112037271251
9,10,50.05069934805607,149.16751479476645
2,3,13.361354763838367,85.95164934910387
15,16,85.98252991764444,215.70422052620899
20,21,131.9268917334202,534.981913448738
12,13,59.66483034262862,98.45527006747845
27,28,193.0688814578111,987.6389491944338
19,20,94.58968457845737,113.23714284127426
8,9,42.91405853209522,117.71055951980256
15,16,102.97349344063625,623.8084437303963
5,6,22.910372632284165,45.531092248995975
4,5,20.240732724134368,57.29117195950891
12,13,59.89491455437943,100.21332056320954
10,11,89.77444688289323,3502.7839759253925
10,11,49.01654931713297,86.1465519107102
18,19,113.65807933039245,396.23369468456633
14,15,97.10318308621906,647.7763766832164
14,15,97.52806506912695,666.3872810482643
10,11,57.24943871162539,182.0887905596562
28,29,149.08788070815368,170.8799740189979
39,40,221.79336873398452,255.91214918794245
25,26,136.94715856815338,193.8720502086419
61,62,376.7499091104835,435.55080010650363
15,16,112.25708634366832,1114.3960706477658
20,21,89.57203873587687,71.18877687967746
14,15,104.12193694506168,1034.2817081735816
27,28,178.37359869532446,584.3415558008915
5,6,35.93105080428542,398.81931406981573
39,40,213.2187299025826,206.53466086983315
39,40,236.02569736453606,365.27205573291127
13,14,81.71874546594364,342.7677991697303
2,3,21.965494988592376,1512.9726891981318
31,32,183.79546365849862,312.18883319494796
1,2,9.603603099066241,121.729521859086
23,24,171.4087769704386,1263.9946900248538
16,17,80.83106051939458,116.13673719738841
11,12,58.1816876701355,127.54560316242332
5,6,34.43032211022171,310.56307423299893
40,41,184.54620999270196,90.11864437366933
20,21,144.74535096545938,984.9942073185969
7,8,46.33334749399218,327.5590803264858
4,5,27.823126641077863,261.02738578968706
27,28,163.1355816193843,339.0917677655908
8,9,68.5484339172717,2031.4247181630828
13,14,53.682701922249,46.26930159724599
20,21,137.2912639494714,690.6818069213132
33,34,179.91464145411305,198.66243971957303
30,31,176.14403402408084,293.5551756755308
40,41,235.60484569402857,313.0802824412514
31,32,209.90209041619505,705.8765229361985
2,3,18.54056196084614,483.08243901663064
58,59,322.96974777004317,238.4270805202141
14,15,81.04679126549081,222.0981536457337
27,28,173.97886314559847,499.46165412763725
25,26,159.22303624720635,456.6708691294012
23,24,140.15303135634974,343.6795353337711
17,18,92.99792375144376,175.30920832967925
19,20,114.44470097661524,305.58716248377806
16,17,70.42515924316257,62.969874284785774
8,9,43.28619776383794,122.6797779578997
4,5,19.342677536309026,47.872226191415976
10,11,52.64463057817051,119.80620836758416
11,12,70.70234570825261,362.0788994483448
13,14,72.61766486872266,178.92667088584506
18,19,130.06963906546014,939.8971713782375
23,24,115.09816697697742,120.99593589330891
6,7,46.9438392521991,817.5096854235712
10,11,70.06373498198357,583.7252751645483
13,14,84.14937625219535,407.7563164220297
41,42,240.53480997191045,307.0526665167061
3,4,17.759798845901383,84.77067857427696
19,20,124.90197906872001,515.4802309432417
31,32,175.80327215296128,243.19224318383215
11,12,50.12345603606284,65.16709539401121
16,17,82.11101207199695,125.21841514177652
11,12,48.38681734760641,56.386782543135
24,25,140.9171086427235,280.5310308356013
22,23,114.9491026994299,148.08509487230154
6,7,44.70675889725465,593.8815225399203
12,13,79.04019377640881,437.0357090706268
23,24,120.00579658883636,148.44900885091687
17,18,103.27138441273827,310.22540123917287
60,61,334.6793810625098,241.4221909592028
15,16,105.2668402383092,719.9469400318486
2,3,9.654643427533156,24.983471740481196
22,23,129.7764815581913,282.15476146425357
5,6,35.11969259037935,348.37591016377917
10,11,55.49938734257748,155.30623063217467
6,7,43.96043161443494,533.821577824921
12,13,53.58378604777706,61.671980069209496
19,20,144.40173951597234,1366.6079173543546
9,10,64.31891543099668,621.3481439356689
39,40,218.76877255522453,237.27488322847285
16,17,92.77919672491252,234.53382190254246
18,19,107.19251618925277,281.9448200984225
8,9,33.97180202025035,43.582019517853354
27,28,157.9913569346336,282.1809302830164
43,44,254.42684270063742,324.5463117428537
7,8,45.85031646430784,308.3666688034369
12,13,74.94392619049701,318.91270052607723
7,8,51.353627821646526,613.5142416811997
40,41,180.98548831667551,82.62234816623646
5,6,32.883499188724166,239.98662631951782
34,35,212.30059528717825,430.8376314363857
11,12,63.63909304329566,200.99052217879063
26,27,161.62947416332494,397.9302827074906
4,5,34.84072955658684,1062.2514152604613
3,4,20.109216636801275,152.52128486606694
31,32,180.5517811501349,282.09479330966536
13,14,77.46618533245811,252.97709532537104
17,18,107.59371526113975,394.4248491227466
20,21,120.163877991847,305.54266592317526
26,27,147.80116065349256,238.43984617972055
28,29,160.89020906751537,256.7077411183656
8,9,42.124701537394046,107.82638561513032
18,19,94.45720822900874,144.23328335510195
21,22,100.7861726256573,97.63047268313757
36,37,202.8912882945353,240.69927489130987
11,12,97.17258976108457,3286.9514834475153
6,7,38.343966623913275,239.2979714116636
27,28,176.14653687479526,539.6645514574989
40,41,259.17555261760685,556.3262717830297
5,6,27.84120925583217,103.56521828741269
25,26,139.73622564039687,215.82550132250825
6,7,50.53100862677588,1364.734957056392
9,10,60.558250631609056,426.59072458978875
24,25,144.25446373272635,320.5949695476987
13,14,90.63856585780673,648.1896190630104
12,13,69.28581612013154,206.37154548616093
13,14,79.80884710946113,299.05632584150453
16,17,111.76967720643333,716.7211798702765
11,12,62.0106104168656,175.48452599888915
17,18,111.75649308845081,497.05170777295797
8,9,53.875401992441006,397.882118578845
13,14,88.45791005460762,554.6970710233809
12,13,81.67702145786679,535.3109561250315
20,21,116.81406107126458,260.4925694824433
23,24,125.57319958555085,187.20731692134638
15,16,83.58479242701078,185.684598370518
74,75,461.87756824201193,472.655870202348
12,13,79.90217212868406,466.99611238445704
15,16,111.44350393322797,1059.1468407681546
33,34,191.31767222963657,277.824705678875
8,9,55.146652413289374,458.2458468894487
14,15,99.29536514603566,749.7134071749347
51,52,278.0038516343992,209.8153621360125
7,8,37.95452708903045,114.92915397443751
19,20,116.63871695423887,341.0181998017549
25,26,127.42320071341824,134.40966465397565
35,36,226.70139754857584,543.082391883776
10,11,95.88937258550924,6107.151189014562
15,16,83.87741741828374,189.11184048488084
12,13,72.44387067066698,263.1187460584111
17,18,116.9775204646213,664.3114806993495
6,7,23.045790371546925,26.903483257840392
34,35,208.97297706980288,391.7627737938642
12,13,84.8333692590681,682.418966194217
8,9,54.6402533070651,433.1738966802736
19,20,107.41342926123677,215.00718863102279
10,11,69.81983694102232,570.9250292380095
17,18,87.70569964595104,130.65220503169624
6,7,52.6119558746182,1837.1921807508534
9,10,56.02813543080862,271.18833512923743
5,6,46.797055674334764,2439.404616926622
9,10,54.7132085996409,237.7740516590446
18,19,108.09686591493774,295.6891496374104
20,21,149.87949091957893,1257.7989599364794
21,22,152.07178043276033,1004.6089658123303
30,31,188.6289340902777,439.13387696068844
17,18,98.38080056856,236.41767062773332
17,18,82.13806726248586,95.89232611454304
29,30,193.02306005477885,622.7231274748168
32,33,193.39267466232906,350.85887625883055
14,15,58.381532360666746,49.013813050667395
23,24,159.06797439317663,755.8419295209557
20,21,118.65459539771682,284.3536836956197
17,18,78.1255239831099,76.73108357037067
15,16,88.03343950110849,245.20386554894102
14,15,108.05740040473133,1344.5661751485975
17,18,109.43127472286902,436.81740156357955
12,13,82.449912406674,568.1019853973369
16,17,74.41093695440416,79.6079481100499
24,25,150.2796173472471,407.9663493379559
8,9,60.958384042639636,874.0641599504838
4,5,20.86050077989568,64.85150746982255
11,12,80.07001486146405,790.370038101836
23,24,166.16973161976978,1016.1119585498183
23,24,170.53302288130084,1218.7031981468929
20,21,150.2710434158162,1281.4710722293955
16,17,106.25544156045356,518.1786628616575
41,42,242.82260507922683,324.2421447912708
26,27,181.44754892418732,829.0492727886109
31,32,181.9392433710451,294.59494804119646
21,22,125.51775147639735,300.4713294190359
38,39,210.23602701110528,219.34972178692112
9,10,36.70296470516394,39.26354461829341
6,7,42.689523969698875,445.19100920613516
5,6,44.93330518964611,1788.0558625357553
21,22,139.19597230260413,559.5258060591088
4,5,28.634562726120873,307.0198935190717
19,20,111.10391520951505,258.57757883612294
17,18,109.8998872134836,448.3388417116215
11,12,74.52133426403226,497.7565931033085
20,21,142.63682852561035,890.8979884074195
12,13,79.70671433636215,460.02724600820414
29,30,155.563012366259,178.65092202799
34,35,185.74908686483343,201.76764591069943
1,2,9.611089533816177,122.18603580277475
51,52,360.33837248522656,1022.0687987470873
14,15,97.81553449572856,679.28150756681
3,4,14.963164857919761,42.131311884967154
16,17,106.49825966715794,525.6331362678557
8,9,30.565399519510237,29.849124283372216
16,17,93.88725262883219,250.32987958472756
20,21,125.68108385164498,397.3484155139328
22,23,113.69792280728602,140.24458697900593
10,11,62.26236355358741,287.21034838552146
20,21,103.32028969809323,137.00450317073418
24,25,152.34041779551316,443.0207956945879
12,13,76.25592329471847,352.77845491748985
31,32,208.29174113867126,671.2333966757645
21,22,139.2786038357821,561.6313247805278
38,39,281.655185648218,1369.1259700115556
12,13,80.66974192627133,495.39962671825856
1,2,13.414491463192013,818.3136772317838
13,14,85.01675061361682,433.81797940314976
10,11,46.774284220612174,70.26035197408534
9,10,61.852732387515275,485.5456153630532
19,20,125.11047432133941,520.8820976600547
24,25,135.99287771276698,230.37654179461362
4,5,21.883959427486317,79.58231425971888
6,7,44.192072870879265,551.7821249963057
11,12,74.04195879395051,478.2641681312172
9,10,62.05562001489357,495.4973479520173
8,9,49.750256106553074,251.59137259148918
14,15,113.74224727800815,1964.1531906800374
37,38,224.60779234595992,368.97591744176765
14,15,88.18444741642953,357.4384434288481
32,33,176.47454888662358,210.12731367729702
34,35,241.6485371546775,996.4947973391214
2,3,17.32642114356906,322.2970753669042
30,31,170.25874940153233,242.7950623345886
20,21,126.52151679687347,413.5730382907865
3,4,11.142857298390608,16.211393939190344
16,17,92.2320054333646,227.10491340799132
13,14,88.60667424257905,560.6227167871041
21,22,120.63130320156674,240.62532474161236
19,20,127.36427121446505,583.0153764620906
20,21,124.76782062800368,380.4385977751254
4,5,28.927979045577583,325.57596346306974
3,4,29.500803674886146,1595.9124469775752
12,13,76.85516819196957,369.42066740058067
36,37,251.2775479928132,890.0566219640589
41,42,261.4332280521394,505.0213309600161
10,11,63.52393038565765,322.11311166796554
19,20,104.68541258684762,187.5922321645236
40,41,247.72797646424297,420.7949950333276
8,9,48.10026686372843,209.44770623696698
24,25,111.94318368927225,88.03437362373808
5,6,19.13714531097332,24.27687420717096
2,3,22.80689399966451,2002.7930291313019
44,45,320.7603184260784,1246.39052866556
20,21,117.97300867639707,275.27272071151975
30,31,152.18407346745363,135.52602119746686
18,19,97.92261536809829,173.091760514362
12,13,73.46430720347719,284.60451619894457
3,4,12.955651484260214,25.50597838266273
26,27,121.06973583038342,88.59401371316228
20,21,113.5387291853762,222.87390245504932
17,18,96.27113905943246,210.27088213340318
12,13,94.42077545910414,1426.7245532281647
28,29,170.60295325424917,358.8342049071032
5,6,19.901795375527712,27.57655336505663
9,10,75.57837570062105,1915.6984674234673
33,34,218.37133955947212,615.6548251096948
3,4,20.476723595374928,167.19836114592334
20,21,161.2380457092117,2160.2995608244432
13,14,94.0103163186438,824.702400168753
5,6,40.564237773195856,863.2516913350454
6,7,23.494577304926523,28.684823540870987
39,40,200.58094791442358,150.5843960121534
25,26,185.00714257584875,1231.095041369115
7,8,62.483965199327876,2466.3525798316173
3,4,34.31450220367508,5316.792839968308
28,29,158.40725147978623,235.64325182872102
12,13,78.77734961295424,428.28811032235745
15,16,99.50592932649768,502.26134053678516
38,39,277.0100233885958,1215.3909973550867
8,9,33.42241207385588,41.00120028581361
16,17,93.76664672289208,248.56020786132015
10,11,77.69712379418662,1168.3816794762558
40,41,249.82164009482017,442.8409755903209
4,5,25.74569883944138,172.28322299311102
27,28,159.84002691655272,301.4404215607842
27,28,167.27668155259641,393.1405565991062
8,9,36.80602369115547,59.713503727198706
11,12,81.53687598248501,893.1367147713908
21,22,152.82832241872683,1039.756601914547
21,22,112.98700399163577,169.99566023767105
19,20,143.62100523445608,1314.2878798899371
10,11,78.92055933285745,1305.8328337542084
18,19,106.72768016863277,275.1307184825517
20,21,117.53606087531901,269.6042868733015
10,11,65.70126284241144,392.61994252160264
36,37,228.01455125227844,474.6394386437846
18,19,105.14624196852746,253.1577305012908
17,18,134.27597126393408,1736.7592946882867
14,15,76.38327444026496,162.750490680432
2,3,10.645695881378055,34.76340641732783
12,13,86.98574790153765,805.2971800374951
15,16,106.95222776851267,799.9220100930548
19,20,111.11832098545955,258.7638964625662
4,5,33.93332013921256,885.953111673105
13,14,66.7454331339947,117.62845119599862
3,4,26.709794274065448,794.2899480996242
10,11,51.16927378991451,104.76839612550093
15,16,114.82708832021801,1308.5736680634861
10,11,64.33724529461183,346.8319890663922
13,14,87.61441816033334,522.263748569634
13,14,66.92241992034846,119.12493918421279
15,16,113.08706964975511,1173.7298381849157
30,31,191.99602377893282,489.5174558472119
31,32,193.18583863280233,418.6592977439468
42,43,230.45348676069585,212.5938234498999
8,9,48.13987480302891,210.37149215305112
18,19,124.9941174472761,719.5584502769983
23,24,121.65251333097054,158.99213285929804
7,8,23.76448491987087,19.502850121842823
15,16,86.6774761889146,225.27959198167804
38,39,233.59870054624938,399.2989044610496
21,22,124.40961875775224,285.7115315333178
22,23,111.92866400188646,129.86087073702166
4,5,20.61921686047236,61.796292582794564
36,37,246.19137595533206,775.7427610739658
1,2,11.480390661608034,311.12517737747226
18,19,93.00194986138187,133.5985578339901
12,13,74.16883646216729,300.4541347295539
7,8,34.85839208021078,78.0460478872782
20,21,132.00461860942886,536.9657002138816
2,3,13.898509906977594,102.80527199037977
8,9,44.51128327386266,140.56895362845347
3,4,22.04080243268908,247.20071257696216
14,15,99.74409844750464,772.4803435202821
21,22,108.00765784430482,135.56334107788825
33,34,172.61392210304095,160.27323249397276
12,13,82.18082994107357,556.4639023758284
10,11,59.75673191648824,228.7043620818604
26,27,155.62405463053568,318.57370948927513
16,17,110.64964409306145,671.0224498466212
11,12,59.38149284069473,140.95740277061967
21,22,120.57137824569662,239.97078649273388
15,16,88.37847887141528,250.5491050514605
21,22,167.22482210590653,2000.451686995855
15,16,88.95462450348857,259.73555868815106
15,16,104.40610131235026,682.239883967715
21,22,130.73797351312666,380.9374390545703
3,4,25.54915767216248,594.2436485712809
33,34,232.44702683863312,931.3892232162374
7,8,39.943917690234166,147.37637831959862
18,19,115.5164628677424,436.94784281410404
1,2,11.30125696918202,284.4701947878637
20,21,105.3749164699059,151.08659741322904
33,34,195.62327963877001,315.3319431404458
28,29,154.41188642690346,205.3154974089048
16,17,89.45860793810628,192.91912414170628
13,14,76.27163701831388,232.28709213531678
11,12,75.68322877813372,548.3620431621532
9,10,62.26013038371911,505.73511211452484
15,16,66.5043043243185,63.8488786628248
3,4,20.478074784200377,167.25484982554872
1,2,14.115478104025552,1161.815389832587
17,18,130.9441614160817,1443.282964618822
29,30,159.6998724014589,205.06542612480814
5,6,38.48286615374414,610.2147995684243
16,17,80.99086981845261,117.23363369001119
16,17,105.35133318819979,491.34043918668687
21,22,136.77245573387845,501.1622024567168
42,43,220.1815845659284,167.41938748125304
37,38,238.1768164331324,527.3217843889717
15,16,78.11300046887689,131.90243616030205
28,29,156.252663892596,218.7704251182855
1,2,9.575822867578154,120.05037349075484
26,27,145.44355281392436,218.50267398263713
3,4,27.62584097691266,998.7058034416649
24,25,140.4732911572084,275.5947931794041
5,6,43.92593584332697,1511.6987647397916
13,14,78.26852342980598,267.89867118290135
22,23,127.85087648292006,259.49404649499786
2,3,7.828381487735941,13.591716087048875
27,28,147.28251184204015,192.49875932541525
14,15,98.79356769681974,725.0479904982478
6,7,44.72813086612099,595.6974958253038
37,38,198.7327233269361,186.757037729911
23,24,151.27178894533745,546.2032755800277
19,20,108.1553267781446,223.13262796493393
18,19,98.7566001291393,180.8586516861578
23,24,160.601254308882,805.7060143744236
28,29,175.60500335028397,426.385958990733
8,9,48.22486361649015,212.36748197692705
14,15,65.74430388656312,80.07419100174292
24,25,179.27946361547194,1301.3774307416766
17,18,120.55357430659501,810.3131637092927
16,17,107.7894669398786,567.1120361426675
6,7,37.9907301158544,227.52205059988023
27,28,146.62419826016395,188.0256724874884
1,2,8.194598674844022,60.177548691052195
12,13,78.46283006520268,418.05053097058845
16,17,67.92244706091384,54.34964394559191
10,11,65.47894851860993,384.7645864533291
21,22,114.23100076518526,179.88508252666682
4,5,36.83356043556563,1582.4223535274646
11,12,76.44827265517719,584.4606101301015
7,8,75.30879679930811,12253.900824219794
12,13,74.72133337135006,313.4985938447558
13,14,71.51494388643872,165.37411610071155
2,3,19.19665580021459,601.1745149864308
20,21,109.97812802802365,188.11504471043557
9,10,62.40844307417369,513.291704036016
42,43,208.70347357474617,128.1971294308778
19,20,121.91046323348422,443.86619822843244
29,30,174.89144963986612,340.2616865850585
24,25,149.41918632786525,394.1641524497407
2,3,11.731584816164824,49.9253191592168
28,29,148.70811145286177,168.6568052761047
15,16,104.28570985829924,677.1256582779788
22,23,143.92133399890872,521.8860684052111
6,7,44.690523886898006,592.5057367679229
5,6,31.11222618635432,178.63971837911217
27,28,162.1414031227405,327.263087791204
24,25,138.37986976513716,253.45715390136405
16,17,103.14428372556833,431.5186830007915
7,8,59.507419584326485,1700.0746622335512
9,10,66.40870740381109,765.7614822532788
19,20,107.7590341303208,218.75485220844547
17,18,113.14451061270933,536.8969330866984
31,32,212.26093196416687,759.875135114395
35,36,224.04776327173622,504.4904852080139
32,33,166.4978309432258,155.30467247372619
18,19,95.17603499255789,149.79459659052864
5,6,21.341952359760896,35.05758727019758
9,10,52.80031664842463,196.3760934714132
21,22,140.00245966506023,580.4177869692741
11,12,66.77107751986648,260.9311188367725
24,25,166.72374266191312,787.5679923592245
10,11,49.256847064279064,88.04915056105098
49,50,314.1943998376076,535.8680721638327
42,43,251.0173212013232,342.95941651279963
19,20,123.69430186741866,485.2746859368077
6,7,56.95389637843914,3416.154940624737
25,26,172.1011727046874,749.40223838442
21,22,133.68018964965356,435.44663732163593
1,2,13.523223156618185,864.0335320630289
23,24,118.0902715678232,137.06126038693415
19,20,116.56660178249736,339.7907847105753
13,14,80.80503976728862,321.11154494409817
24,25,113.28251314820638,92.87927447430069
11,12,63.21506807599065,194.01245143646267
5,6,40.263704553008026,821.077437127879
10,11,51.60154788724727,108.96751474331504
17,18,113.45170571911696,546.1384636104623
5,6,22.12788264973372,39.96405565996029
15,16,92.9208463847993,332.8037240870825
3,4,17.99722356828628,89.95467137546389
15,16,116.46221933489599,1449.3764499862068
16,17,99.27298691950153,343.63754919684203
3,4,16.961657334021822,69.43661579583777
31,32,175.65134839781425,242.0403958997239
29,30,169.13371085174995,280.8414742947796
23,24,145.69180067446453,432.8934807142323
14,15,82.81235814485198,249.84079033227482
38,39,256.33473308319606,715.2881465452912
25,26,145.11674879067277,265.4465268739114
25,26,159.54955177051698,462.4420361906207
26,27,149.5744728432438,254.6258697861096
8,9,55.263261126911175,464.2217499479731
28,29,171.61615405618,371.5927199779222
18,19,99.29008489585316,186.00879208811938
37,38,216.77007757013257,300.20804736825875
47,48,262.66514601779056,237.9809294351552
1,2,8.110975696208065,57.713311459090434
10,11,54.26265710071012,138.7909476571271
30,31,204.24672856565329,726.7657036674918
5,6,43.70090701893415,1456.0528164829695
5,6,26.183147393385205,78.55962565081194
8,9,43.1161393330666,120.38346001154947
4,5,29.416968407069657,359.0255950726722
14,15,94.03729508417214,528.0299500153561
4,5,38.70737155435211,2301.863545141395
11,12,55.002073639547405,97.85689306947545
10,11,59.37122716558932,220.82803750181228
20,21,137.07259989918796,683.5273444443412
12,13,63.89601684321301,136.32997293995027
3,4,30.41937229642638,2007.8967779894854
14,15,76.08427784692292,159.53848682003292
7,8,37.38794535466856,107.07110744823156
36,37,228.95532366332654,486.86248942338216
5,6,26.581799272736763,83.95658993620921
28,29,173.77289761430674,400.2818336987689
18,19,119.8064330772611,547.6310210464396
18,19,111.46256361110625,352.99387883564515
6,7,36.59601169518696,186.4199027089156
26,27,169.39502077268446,530.5369772413156
22,23,147.13452085025287,600.1340701145434
6,7,50.13614215730786,1289.8820027976872
41,42,218.01597904192968,179.62235943424315
23,24,160.94561075672704,817.3497671912977
14,15,89.73726301092051,396.4239425981392
26,27,145.8125992657492,221.50975728702375
27,28,133.19128940503114,116.37663262098476
12,13,59.19522462234358,94.96219044877542
15,16,98.44175751034894,469.9422639020923
10,11,49.85787167492472,92.99388968003265
11,12,62.83233657159443,187.92220004535153
8,9,64.54964724213465,1302.685298071734
33,34,210.30041508634483,485.5616810307427
12,13,73.74100336675247,290.72705577795426
3,4,24.808398296079492,493.78469100963514
23,24,131.74862649548822,242.14242932994202
17,18,122.7847754135497,917.2466507855883
11,12,50.53434392483403,67.4371010443795
41,42,237.1765488424573,283.45707101910153
14,15,88.97725742879287,376.83866890513735
18,19,97.0838714918527,165.61692601103516
12,13,73.8692914210466,293.61024373413466
23,24,155.83538915396667,660.5951788213367
6,7,36.12957900827406,174.40295057273968
26,27,148.6308975932094,245.88109342315576
8,9,64.71505145930651,1326.8477207902727
20,21,142.27620371488942,875.7295582010024
18,19,106.41122284271057,270.58618898134705
8,9,53.32560575668493,374.3036275040846
16,17,115.58420423247463,897.0134328061764
4,5,26.71687282787158,209.21753867899142
6,7,32.08901708438592,97.91945938570129
30,31,186.17671788235634,405.7351378345197
15,16,99.90040895015859,514.7984986718709
23,24,128.54161564182175,211.85469775592588
4,5,14.644898146488366,18.708531117070915
5,6,37.83257478344925,547.5365024308849
4,5,21.47048135531013,73.26597193788815
22,23,125.03786158784119,229.62068794785048
10,11,59.33687664670818,220.13951695654336
17,18,115.88968776971234,625.352810461368
14,15,80.70455959788075,217.0882544061671
5,6,46.17302618953519,2198.4423479551433
13,14,83.4333083186429,387.42489969056965
16,17,99.21565902402291,342.48067635433017
6,7,39.29870691872371,274.2666993807604
11,12,79.2221887424871,736.4556831611932
17,18,100.2121917797553,261.73799590031143
17,18,89.74622754685628,146.33544142269005
21,22,160.10216895288687,1447.1788449260168
36,37,206.73865234880324,267.07543445934783
6,7,52.89856627219043,1913.9760117422747
19,20,97.97016746571707,134.08961878190794
21,22,127.17238386615323,323.94148674182225
3,4,14.529273087033308,37.80034659480826
19,20,101.61902491701076,160.9270643449564
12,13,60.763011058627335,107.13371998950815
29,30,181.21805180605836,420.1457718393909
7,8,50.55969774615075,555.5520023384885
17,18,122.3640749804916,896.0571241575981
13,14,60.62407087203517,75.9663725995408
3,4,25.65043284233496,609.4812652711801
27,28,109.48481295255915,49.907529899500126
17,18,102.06270592537517,290.0781383250294
18,19,102.4406270772998,219.55701570700091
11,12,64.01447055570866,207.37717007980703
22,23,131.39504787711002,302.72601895274414
4,5,26.752658564742397,210.72031080243244
43,44,220.08726088719789,148.7077844280286
16,17,98.01133864681954,319.0579863244979
5,6,26.437506587798158,81.96162074188504
12,13,76.12786182605079,349.3203366360539
13,14,79.84279084336637,299.7822832858934
27,28,157.32093203593777,275.50470750217164
18,19,135.45236901386406,1247.718613257927
3,4,29.642940978088358,1653.6417310316956
18,19,121.08987577794535,585.9013066658074
4,5,15.614788582003326,22.713460365635886
16,17,115.74155795981775,905.3548251174714
9,10,68.56892209479425,950.408801572595
5,6,43.70502918576742,1457.0535089666555
16,17,92.4204395093863,229.63622852216517
3,4,20.990228897309706,190.1013259203855
14,15,99.23618426669013,746.7613213259411
7,8,34.48874560223442,74.52191180128463
11,12,77.20219546348035,622.3584971123237
8,9,53.77958610296486,393.6686505417795
22,23,127.1319191270488,251.50798653810338
24,25,123.5270845683852,139.92175629036916
10,11,59.79593333527466,229.5208648094209
20,21,117.57351301234787,270.0855376328989
19,20,96.36423077135426,123.74358213489144
42,43,243.11210700659544,285.3652476289725
21,22,156.05279393608916,1203.8846495732328
6,7,33.31063617714078,116.58986056717727
10,11,59.01093267511101,213.71219852938492
27,28,182.78167523875794,683.9719943234669
15,16,73.61995209760751,99.60845057286232
34,35,216.47173520982955,485.3676865357562
22,23,110.64081298412592,122.78933086658162
14,15,84.83021511923337,285.8158363651717
11,12,58.451054813461546,130.4410283322298
9,10,68.81973373208666,974.5476096403512
9,10,64.2580656724366,617.5787354921247
37,38,214.12471880614285,280.0199977667022
9,10,63.25813517649996,558.8122324151902
10,11,83.87161317358054,2048.149756319974
8,9,47.8035817744919,202.65582282211867
3,4,24.933130929720065,509.4250477550381
7,8,40.180513446779244,151.80004795148355
14,15,87.37025033293895,338.55391487860544
20,21,100.89146392592258,122.04080121908447
11,12,65.1340523177527,227.6564497266676
15,16,91.12053554386382,297.3867473975071
7,8,42.059680587839416,191.99322279842534
8,9,59.64217101863362,755.1435706402023
10,11,57.783853075453784,191.1536495034318
17,18,89.0537874368645,140.8129811837338
15,16,72.14055024462233,90.81136021568692
7,8,31.732567548906687,52.803155047439816
34,35,212.30897801588233,430.94083222251885
36,37,245.59492992360535,763.3379140080588
35,36,158.74901044401807,82.24435331273405
14,15,112.34140808661094,1789.0270539372575
9,10,48.823474871059645,131.940028144288
21,22,135.8519898719041,480.62649400735364
2,3,17.13305324946983,302.17845390348526
25,26,155.0690527771002,389.23930622974757
26,27,156.03129655175306,323.41518792602017
19,20,125.78629329069327,538.7839547740816
23,24,140.9318988000088,355.0158548403978
8,9,45.30839022983985,153.58675416549494
4,5,26.191809390734132,188.36129079245737
22,23,141.9773839486755,479.58911979579443
27,28,157.44452743599635,276.7235067207102
16,17,112.04982286151647,728.6299942399971
9,10,59.68781971623398,391.0290960329991
18,19,113.8862354103831,401.020436568898
13,14,92.0067092420496,714.732111318713
33,34,173.08042225740985,162.48743157580742
11,12,81.32939357500533,877.8269377512831
13,14,76.70418789120589,239.57596870615876
31,32,190.25256349685756,381.98930440576083
9,10,58.611328150189095,351.1216747196154
25,26,153.41689442811548,365.2747410707442
13,14,99.72745791889726,1240.6489287535023
20,21,116.51964478798807,256.86599115696725
9,10,48.42810587362665,126.82530487624098
10,11,68.57320113795062,509.75355129929955
19,20,142.35960860420045,1233.9558553585723
42,43,261.8879602746517,441.6058229066443
21,22,130.7542353570646,381.2191224749237
16,17,118.06473127510554,1037.9305901474575
4,5,43.3704631718881,5849.3898426095875
6,7,33.32717538584349,116.86565826378288
20,21,135.39953420608478,631.1836505062527
12,13,86.36221123871347,767.5833081276925
19,20,141.80115314030567,1199.976985707724
16,17,102.85023362273239,424.11885846392573
7,8,34.56238561623466,75.21105303694851
22,23,127.8970082561484,260.0150436145747
18,19,97.52900172136333,169.54279176623038
30,31,170.486807024951,244.5878184667051
9,10,61.00790094935842,446.21017924878123
11,12,59.95703381646525,147.88271371709956
50,51,286.9233866725852,277.5354737322783
16,17,88.8039652227004,185.63133931371965
26,27,182.4754349455801,861.2195296010301
129,130,749.019143894934,317.8837412142766
18,19,113.63336148073884,395.71855379378025
31,32,165.26291821508187,174.9440474988279
17,18,99.64368828686067,253.60056751129937
6,7,60.10217052811541,5356.276667834881
29,30,142.46165418859277,115.43663980069923
4,5,25.35305101452471,159.2714856203509
12,13,66.40412104173704,165.34088474965657
28,29,166.54841036604833,312.0141793189798
53,54,366.45140465777405,885.4864219084004
11,12,94.32480552800743,2592.5583852185737
6,7,29.937878402516194,72.01250408523514
7,8,56.52719340404335,1171.3347335770611
7,8,44.671259770092874,266.10939170699777
5,6,36.887860323297424,467.7699992637204
33,34,203.35432684034828,395.8398114801748
18,19,121.08741215362525,585.8253410273412
10,11,65.12200035775355,372.4794433669928
5,6,30.37467268806551,157.9763673350547
17,18,106.33033855529357,367.6903084905689
12,13,67.56968474815986,180.85001793175786
14,15,86.00476514971821,309.09572234621527
12,13,66.703076114176,169.18721027716015
22,23,128.85871515643498,271.1176427817218
29,30,152.86970421521102,163.31107329073612
8,9,55.069376982630516,454.328118392734
15,16,82.6205474575017,174.82478015838706
20,21,130.25051823109658,493.93583992183665
15,16,101.26889947810322,560.767408182629
11,12,79.06930892197217,727.1327618100164
3,4,27.34834745497091,931.7708019081497
10,11,61.77817533020787,274.8423765871408
15,16,91.1692776796914,298.2940828188094
4,5,24.17479908749836,125.83352679955209
20,21,122.23675002566718,337.2409365894189
10,11,74.73040949422496,892.1850715578433
6,7,40.279396531371624,315.5128797617642
20,21,113.60891822428182,223.6200680143333
24,25,164.18353959195795,711.4759276218273
6,7,35.019026435527735,148.8171040280535
8,9,63.548262875134576,1165.5147305694563
23,24,121.4854772163508,157.88941517349468
35,36,202.1741023443837,274.7735454518949
20,21,124.64804716799658,378.27494302289534
6,7,24.03368579280321,30.98129653075654
28,29,189.87609090891922,697.464356538167
1,2,9.611089533816177,122.18603580277475
10,11,64.93757331358658,366.2864786498377
39,40,244.21777968959552,448.29185942940126
17,18,111.16671217617903,481.0294304651312
42,43,246.95223142144616,312.02245280411944
23,24,120.8304561293801,153.63848438674276
20,21,143.03190371269923,907.8171974495592
26,27,156.04363122011566,323.5629705349769
20,21,115.00662564845094,239.01014130255874
15,16,82.02127623920735,168.3979224859671
35,36,177.67535149255343,139.13246018726943
25,26,119.57685448215673,99.39579289584073
17,18,92.34325574941388,169.047691775538
6,7,33.611681625557644,121.71336383881693
6,7,35.04052226463059,149.27479885418842
14,15,75.83683231079041,156.928269804302
28,29,182.3737200214322,538.4792518115437
16,17,73.5002914483814,75.45576237978953
24,25,125.01072675170819,148.47685241036226
11,12,70.38360987284923,352.58820670522226
12,13,67.7307637142285,183.10481478178244
21,22,146.19029792532535,768.9404605995086
30,31,179.43177097624653,326.39935415462287
21,22,103.08228064013227,108.3707491622537
12,13,57.25742078976887,81.81143154867424
7,8,27.6143260815381,31.556852495574446
11,12,77.34491055199385,629.8043481537245
28,29,168.41177082633254,332.7203815810402
6,7,40.934321476451935,346.45751903339055
28,29,188.28947815999703,660.3306049580884
13,14,72.017894965328,171.42320030337436
46,47,250.94631128384063,208.3633058510101
14,15,92.91542427144175,489.9785516952394
7,8,36.82777657358587,99.83033266904482
21,22,127.67723286611346,331.4611422555356
16,17,106.3454237404138,520.9286901126986
3,4,21.724856610802874,228.42642167960176
30,31,146.1532124138982,111.56638058085481
31,32,185.29466006683086,327.16287222277634
7,8,47.446506358656926,376.46056278405877
15,16,84.92300122717519,201.88284960201452
23,24,130.36747221206807,228.6009732609617
11,12,68.1778572711513,293.3856942294394
26,27,171.0560653532182,564.200580747763
20,21,122.99365772470651,349.61790006643105
10,11,69.10580878457914,535.0425375334175
16,17,94.339410353083,257.0773672803462
15,16,111.23182557598302,1045.226720725368
6,7,46.14430442045127,729.2696024218255
19,20,128.99495296114262,632.5426493034265
8,9,52.23783550123233,331.6910437659442
21,22,125.85845423032664,305.1607932428404
12,13,75.23565297054118,326.15017043584413
30,31,181.7403864185162,351.6347905945751
13,14,82.6649011146889,366.7336348370703
32,33,184.91138730292468,271.3407396083837
9,10,49.89569475724062,146.87317741382412
53,54,270.4721855563435,149.716600486258
9,10,60.061315514923635,405.9100370762211
8,9,46.43630982732157,174.0930594745997
12,13,76.43747000545592,357.7396134513962
6,7,37.030904933901596,198.36906816538993
10,11,69.22868152793228,541.0526005747836
30,31,179.0447437463612,322.34967226282146
5,6,36.17032165997701,415.0449980253721
11,12,54.682845749022796,95.28799312401497
42,43,249.98390922508312,334.8153829700446
8,9,53.96493589498797,401.86008803772603
6,7,35.832192355957474,167.14883152755593
37,38,213.3150425916603,274.11665183502157
6,7,32.79619428601315,108.32875294797935
31,32,207.7786047283204,660.5556651888618
40,41,214.70744855290866,188.0611240430362
5,6,27.4544194900969,97.0995345411513
14,15,97.45980167846538,663.3615142206163
21,22,140.62972400739096,597.2048471869612
11,12,81.59301812738788,897.325055638251
1,2,15.678884760201255,2538.788759915193
9,10,51.93208060314253,180.04522337635908
2,3,10.58555712725026,34.07346886862498
21,22,149.79693346204098,905.9204702435607
16,17,87.16095764136105,168.53023255239026
15,16,98.44389318769211,470.0049959040788
12,13,74.32665347099217,304.12380822171434
16,17,113.13041635995677,776.4485442351867
29,30,196.90780917808698,708.8143462420824
7,8,49.450585142527345,483.63144666518974
8,9,60.60275808312491,840.1998557196899
23,24,127.0759765092988,199.3042107224192
20,21,123.6453687664559,360.638006500526
13,14,83.2104427409179,381.3063243168162
11,12,59.39459976515663,141.11144671794273
2,3,27.514080581418877,9617.697729944703
15,16,79.9282448330917,147.74906116727675
10,11,63.233442641679446,313.71809172947565
15,16,87.65109440914009,239.4137916201496
19,20,98.28348893489056,136.2068173931797
16,17,87.85454086086821,175.54829114702363
21,22,111.22215811521735,156.89121100029075
13,14,85.40833510971186,446.12329721956166
4,5,30.349656930284397,432.65099466528085
5,6,19.2147919685884,24.593085546853068
10,11,74.3663096751754,863.1371551906253
8,9,50.10716366659511,261.76905082449275
6,7,49.91882033593863,1250.4516036773175
9,10,59.35447445101109,378.2091861647482
29,30,173.83824554864262,328.523438335502
18,19,101.59982018905879,210.05280622446372
28,29,161.49324313978204,262.1016805203681
10,11,52.822261288273616,121.75657364461962
29,30,138.342167367873,100.62548734721138
9,10,54.761451876874524,238.9239230564019
24,25,161.18444080768185,631.0452883475323
53,54,338.90005166416495,531.6189018155964
13,14,101.38242528954605,1396.3288289329453
32,33,169.8993348094342,172.16695785298023
26,27,163.56123425063487,427.44408767730914
8,9,43.41981083867208,124.51465583404422
6,7,38.03488574065037,228.96178360513062
27,28,178.1966950545192,580.6613313947323
7,8,29.3166219122582,39.039647762696475
28,29,185.1936731073379,593.4712241316994
15,16,87.37911717023593,235.37849208763626
25,26,136.57540763701294,191.11976888134458
22,23,115.31660585241885,150.47026228049972
13,14,70.75958804462222,156.6879564287003
25,26,144.18003451989293,256.0533812046298
18,19,106.98656253015791,278.9051366825108
9,10,48.74174295792472,130.86605193741505
15,16,79.68743786278138,145.5420235301696
15,16,103.25558372052863,634.9041118521427
27,28,136.0486315658667,128.87973707375704
11,12,56.843927529589195,114.09072449557121
18,19,100.02484078180109,193.34290152713362
34,35,211.8693647046851,425.56190288970646
15,16,87.69249533496591,240.03409084340151
25,26,132.6109409433624,164.09094314721418
38,39,255.25581166191486,695.7711590797054
22,23,134.37278185600877,344.56917319099193
27,28,202.00582494444023,1358.9855047992662
25,26,162.12499610545845,510.5950311098002
10,11,49.444566265936665,89.56463734878368
2,3,25.15731565566291,4384.241374748808
10,11,66.19554034474467,410.6644242485776
3,4,17.561366142886065,80.6679652679097
34,35,224.2215762385882,605.6672541308437
4,5,22.86866810957995,96.90524272438951
30,31,200.86500979147146,651.6557585974855
27,28,155.24950949500925,255.8587000345695
23,24,125.34193152317884,185.4120193155131
45,46,259.75311642979665,283.3851365279746
13,14,70.51030894485051,153.92271701989682
14,15,91.44970674851635,444.36536428152607
26,27,148.87488958006188,248.11312696193903
16,17,93.91554042737722,250.7467722939454
28,29,149.3378052284476,172.3589965037808
7,8,42.725190108776246,208.64802963543676
6,7,28.144350317275546,55.73573336901578
43,44,298.17123961427995,877.0983082383377
19,20,102.29235239877593,166.43712657535957
7,8,34.43429882977745,74.01644910625855
25,26,162.6563550764609,521.1373615369884
6,7,38.53899060446081,246.05869040315045
18,19,104.34690979435909,242.72827814451063
30,31,164.9203133222131,204.38594774567295
7,8,38.432559483860366,122.0059648172243
23,24,130.96524160941163,234.36625102286388
3,4,18.73613875115281,108.20576952668209
33,34,202.70106678032008,388.30692928949867
2,3,15.695606794873417,187.142232926014
26,27,181.40399800564074,827.7130967263524
14,15,92.75626962278065,484.80721069261966
7,8,35.46517143159377,84.1959170474158
15,16,90.72361111824087,290.10000109155806
14,15,105.07063552717442,1101.8094205474438
21,22,121.91378547562127,255.06940980591878
19,20,103.04442419831886,172.81492253704445
15,16,118.68804006609389,1665.7029477049587
9,10,55.051249316933095,245.94918060712465
14,15,83.93449841566594,269.2480914751407
10,11,67.49695091511697,462.2410216027869
5,6,43.07522838357183,1311.8645575433338
5,6,33.47363498736203,264.79055753209207
45,46,242.17715044845576,193.39227941409487
18,19,97.9184772960741,173.05406639970457
28,29,184.76499589514918,584.7630690400586
23,24,145.3578460125632,426.911579147684
5,6,33.24257339283205,254.78725397616043
16,17,109.26009796669999,618.3561501943495
8,9,46.34553200836825,172.34590906665295
42,43,286.619324451866,784.9073496765947
8,9,48.959797717581374,230.43700414082213
35,36,190.6043549204879,199.2510155375318
7,8,55.38487319766997,1015.4723469794911
15,16,96.54470911524753,417.39971828008487
7,8,31.333938350347317,50.236522087252105
10,11,47.936549297115334,78.09047715048922
7,8,53.468676545971924,799.1786943409836
8,9,48.091271211057595,209.23846428949042
5,6,33.35257658924111,259.5015731632041
11,12,67.09278799742381,268.021088661902
10,11,80.50564281012306,1508.234138722208
25,26,170.11147866517885,694.1924166021964
16,17,108.90040974392018,605.4103275686077
6,7,43.68720925072644,513.3869723958513
19,20,136.73189526802494,931.3123899799333
36,37,215.37527153410096,337.2934370955875
24,25,156.3942612239851,521.0106322628324
2,3,15.647152150384393,184.14387537788855
24,25,119.07188906857648,117.0821192748207
4,5,19.980281949321988,54.383260214619796
35,36,195.8228905569538,230.332688998294
25,26,158.3591997114439,441.7474993664998
13,14,98.77267766245194,1158.8590953338182
19,20,95.8245133337408,120.44890844201694
26,27,146.10392658307074,223.91276636031327
29,30,154.0039282746579,169.60365533730672
32,33,173.6789124883158,193.0592908359954
16,17,126.85127053594145,1740.3463833556996
14,15,78.71151332530961,190.0779443934315
19,20,104.58761095821595,186.67713015853116
8,9,58.324547318202946,652.3004427657711
5,6,34.530850184307525,315.8102938465758
14,15,90.56187955634712,418.82728909857025
11,12,71.92730289220889,400.9921727077726
41,42,244.25911021143588,335.52386961429136
12,13,61.949513826846044,117.37186377265924
16,17,93.49239060545463,244.5824298642143
17,18,111.84426821468216,499.4814480566979
32,33,184.34111553532082,266.6919935123529
45,46,296.1796913533518,625.5860825774171
12,13,82.98573326342691,592.0066946441161
10,11,55.305748475430406,152.59621512407193
38,39,235.32323445981118,417.35162366842667
17,18,108.58156880187647,416.67618188105746
14,15,90.36529689482693,413.3741546571901
9,10,81.56545942758714,3486.124510565657
25,26,164.94018507079107,568.9845449335583
28,29,190.8157432496447,720.4335730094592
4,5,30.523502443790353,447.9584527683532
8,9,54.95443323541667,448.5625502740934
15,16,82.45389713631803,173.01331745088194
12,13,69.49121053092409,209.65802126416742
4,5,31.508915411988667,545.5437929292353
1,2,6.6524928776235,27.833669996877624
43,44,219.08456638253753,145.35727691294306
15,16,99.76809041359205,510.5587176380499
13,14,73.59394975502931,191.84940144713002
14,15,86.07145022036791,310.4729193661374
11,12,59.36042179078398,140.71010990841296
12,13,62.989856922969416,127.15077785408221
18,19,123.14440125864658,652.8087953126227
16,17,85.8297240796707,155.83648723611492
26,27,151.4489854278474,272.93172777874827
27,28,156.16610228755414,264.3729500927191
30,31,177.41798023069134,305.87014605923304
19,20,104.50448339710137,185.902839667922
20,21,133.37868211407735,573.2751623394712
29,30,183.1344308331876,447.8601541517521
1,2,14.698771305129252,1555.240776103213
24,25,144.08889467844637,318.47876062022766
20,21,129.1335370123308,468.3500789409095
11,12,89.6447845532676,1755.306409156144
14,15,79.8047527841703,204.4486517522492
4,5,31.153565013741158,508.11764364620444
13,14,87.14073378818661,504.88875997201376
15,16,93.6045633041169,347.3334281074502
22,23,128.66910304225635,268.8917353912242
27,28,171.1995649920531,452.26585345488223
11,12,59.93408374630101,147.60015744382991
29,30,142.90264071114794,117.14603946964353
1,2,7.4775218162508,42.045859191649136
5,6,26.581220854544874,83.94849665649919
30,31,198.53086546699004,604.3910768726028
26,27,159.40119412682262,366.40817001346454
27,28,165.27379814943887,366.00084721517453
12,13,73.7209479736417,290.27889038030537
26,27,158.87999345657434,359.4029570640369
9,10,42.557189945693615,70.5074934731692
5,6,33.360315981998276,259.83651990643136
28,29,165.03244324474707,296.1227028228736
33,34,226.83994176181312,789.7867663341868
28,29,176.10806248928077,433.8469447243915
2,3,14.458804038378908,123.9156814654429
37,38,238.61307847232973,533.4106291664259
23,24,130.68045774390555,231.60169693105382
7,8,48.23078474765042,415.2364402172422
7,8,53.388401681149595,791.1995488857365
20,21,123.1202602645325,351.7320050751649
12,13,73.10689719538875,276.8864450775763
25,26,160.41426025279793,478.0805536111424
23,24,130.40640004917242,228.97206335945677
44,45,279.0061632683916,492.81653337262816
32,33,180.0136678873324,233.91542840296628
11,12,78.37950029009015,686.51290561157
5,6,39.206825688166255,688.4694518356396
4,5,30.50007232233018,445.8642192237308
9,10,59.18833822420578,371.97766882114223
18,19,111.41016684003165,352.0217598983936
9,10,50.58936644211233,157.42303059981822
3,4,8.57736562811544,8.536417361101964
8,9,64.08401124086782,1237.0016341241828
15,16,70.08422811429347,79.85913396358603
23,24,150.18411108196378,522.0019351615617
10,11,70.44243831789073,604.1714582338897
31,32,228.4222413798038,1259.153618796076
7,8,56.7017205868063,1197.1692292094974
22,23,114.1352138158701,142.93651786651907
17,18,82.64452936431677,98.62874420113904
8,9,40.717714068244256,92.22123808473481
20,21,99.91084666698995,116.47298586088641
9,10,57.14280064410306,303.1658648283461
11,12,55.804596669731275,104.62505513752556
9,10,53.619974024762314,213.15026841250636
2,3,17.9117686569365,391.7365518748682
42,43,252.2198078958003,352.68557153821985
8,9,57.937925548675736,624.8722839570078
30,31,173.5660615916948,270.1305100141537
18,19,118.83475727743449,520.3287947411187
17,18,101.3775260566344,279.24367309739404
31,32,164.03972744753122,168.38305660055659
26,27,144.6087413079852,211.85017596916313
21,22,149.1842584844453,881.039674479735
26,27,165.12624817687706,452.95236685051066
4,5,29.06637509143118,334.71352552336094
6,7,33.43122583306954,118.61576514156013
17,18,113.85590364597701,558.5409740809824
29,30,168.69801427735342,276.7922272426439
24,25,171.0367904845973,935.8653594450285
38,39,208.663781562133,210.68273438560573
32,33,222.70480053290564,852.8897753714739
3,4,24.601716314656827,468.91854656622723
13,14,73.85452422314256,195.45362886724038
11,12,66.63367333543734,257.96040684045613
45,46,309.5639168051522,836.8546214078846
34,35,217.09887115442845,494.14297091663
28,29,202.73531885251185,1086.669794301123
11,12,72.845618381446,432.8833094319164
10,11,57.009297597186304,178.15668535992185
14,15,88.44370955551462,363.6701602603775
13,14,91.58367252646627,693.4581520001121
24,25,152.84216806804156,452.0020533906871
16,17,106.228926062531,517.3710713540194
10,11,70.23268739995542,592.7600997676419
3,4,20.906076640106704,186.14373796496386
19,20,150.9362926890052,1894.697803687662
21,22,122.03160696983744,256.4391042009063
19,20,118.73772456764267,378.7537388712569
22,23,131.70990315617186,306.8986394857063
35,36,220.26798016035244,454.2078916948949
26,27,123.55594749068432,97.13931676248932
2,3,15.904559448955839,200.64151661822268
14,15,58.87874371138038,50.665721670226084
66,67,399.78357037536176,390.30128277759286
9,10,48.59828384344903,129.00206143430756
35,36,261.1049217283416,1412.214745382077
34,35,207.02973003414016,370.6043842170086
16,17,101.6860334038178,396.0464002327099
8,9,66.91014686152059,1693.3443577934652
6,7,26.306235872242873,42.86405929091646
18,19,105.73988171380738,261.19230383014633
12,13,70.93784814882822,234.3363672121119
4,5,23.090340176979822,101.29813854261938
20,21,119.71894399038615,299.1371293314557
4,5,37.41098396176271,1776.1383003741296
9,10,63.57068373423226,576.5536364311455
49,50,297.2434193679647,381.78910971794494
6,7,32.05509112240295,97.4460344326797
6,7,55.37298296043592,2725.5516778799406
33,34,183.37610267893302,219.9531974099459
18,19,125.46229132545339,737.509146973752
22,23,121.28087586405334,195.01599080048925
5,6,44.335732269512455,1618.55444437333
13,14,84.39084510663514,414.8502068054738
8,9,26.812333557893933,19.671053173730282
17,18,101.8269214480038,286.30314343427756
21,22,141.30260900077792,615.752972029888
7,8,46.32594185323293,327.25599752123685
25,26,184.38998359282587,1202.2167771460925
14,15,79.31117041238059,197.83064983015745
7,8,58.23914932647296,1450.8337436796714
12,13,78.61079013613073,422.835771504853
29,30,195.01500123354083,665.4743143804378
17,18,104.1969165200285,326.59392657336707
12,13,94.27393816441298,1410.700117344966
30,31,147.74322002467952,117.43797517693494
6,7,44.04454813302637,540.2750191954103
24,25,134.07059316619313,213.32647242224607
22,23,145.6738324000932,563.2056782767731
6,7,38.26600562308,236.64762771782614
14,15,81.09918699067578,222.8753097656521
28,29,162.45746714455964,270.9628226497181
15,16,87.90227826019938,243.202004260912
27,28,180.6805139500628,634.5242453821114
55,56,335.81662794326553,402.1099259946496
10,11,57.24243895710627,181.97295679714222
49,50,306.4186057187853,458.6888595840673
14,15,86.92480916000385,328.64800267644836
1,2,7.958787562779343,53.48460103716793
4,5,35.43923887969578,1197.3281072064551
32,33,186.0774649481966,281.10016335394033
18,19,110.67031591564003,338.57765298346163
30,31,197.1692097997377,578.4181733066922
31,32,197.6468436188548,481.28704684159203
8,9,46.48619800078059,175.06075956835286
10,11,55.90771534082122,161.17964919886967
16,17,80.2304073914039,112.1049772191091
4,5,25.9678670623383,180.1110153043096
52,53,324.7356146406816,458.09980200895217
8,9,32.17146521412459,35.680604363735014
34,35,207.01274017265422,370.42452738389466
10,11,68.35351993772697,499.6742359448302
11,12,79.75283069455197,769.7526462059817
29,30,200.1216327591022,788.9643152239906
15,16,76.56148854225945,119.71249988549238
6,7,37.91635869875239,225.11754122673278
12,13,65.78308675518421,157.62793948483065
9,10,73.76333802242952,1597.7214543942466
9,10,64.7343165035341,647.7026064566161
15,16,63.18583584150335,51.88941088134982
10,11,61.07882269230318,257.91246508986546
10,11,73.57877008156109,803.5015372144167
9,10,39.68521110011557,52.9062304605694
18,19,123.93476729177712,680.5372018759007
25,26,158.2099754998999,439.2193987913808
20,21,117.26680152689948,266.16952186668607
15,16,109.0832853030982,913.8855377981645
19,20,117.19094924806146,350.56546406562506
29,30,182.05060531149138,431.96886348616044
18,19,108.1855359347868,297.07230950461815
15,16,90.80538465420409,291.5864527983473
21,22,132.75389998218134,417.49316838538044
44,45,285.0503580152972,563.6606580737285
8,9,44.04662952884797,133.4957907859233
16,17,92.6833095933193,233.21467652276186
32,33,211.66886417839984,610.4570905956872
18,19,124.83678925283874,713.6247964829943
24,25,138.7954036232459,257.70516107955075
28,29,203.28408005005107,1107.428415590764
11,12,77.5568546881426,641.0267732645843
10,11,49.80598512334325,92.55627421190034
8,9,43.83056951324578,130.3291637672034
27,28,137.87699682141366,137.57627050573726
18,19,121.43909728240483,596.7697949418009
5,6,38.71528930478037,634.3166117882944
5,6,39.5495341934622,728.938256486213
5,6,30.010644371128663,148.67668691509078
27,28,161.08620420549275,315.15945642739314
3,4,24.85113455027016,499.0886012311737
28,29,183.51437607762617,560.0812898894195
16,17,101.24716822155008,385.95306844683824
4,5,27.318828304680334,235.9843905111113
21,22,124.36594349099711,285.1448883917142
2,3,8.234023627424879,15.559549135688764
7,8,53.321210614255286,784.5821842951386
17,18,111.5365028932197,491.01387348060354
21,22,155.32866104005188,1164.9036790314206
43,44,258.3015092837931,354.4221962808202
19,20,127.6575045637773,591.6263252192701
10,11,47.95764978794448,78.24041613087645
15,16,108.66015238895697,890.0338754540992
15,16,73.80991688073796,100.79813011775626
14,15,101.3656311802411,860.6679254880594
22,23,110.27720049312896,120.86338897063865
9,10,53.05967343627644,201.53586258254083
11,12,51.11792109230718,70.79771723187727
11,12,57.47925227838468,120.29387290227363
9,10,70.30308626820069,1130.3794217637076
5,6,43.12458921097279,1322.701526568805
28,29,154.99969569712667,209.51955850095015
5,6,37.938528578990244,557.2913072594181
4,5,30.897942045603767,482.79320217431064
12,13,66.44298556897465,165.8359240003416
15,16,105.84403363609552,746.3928739463419
3,4,33.28193983482149,4107.151324171115
10,11,69.69297649380627,564.3785056991856
21,22,108.44703098556081,138.29796156609316
21,22,126.61089595656922,315.778407432276
15,16,77.55264057277783,127.3628419048623
2,3,10.393092557582305,31.95613514991032
15,16,100.52690605825538,535.3558300128822
12,13,86.2728345771756,762.3241741037635
25,26,139.17183926434066,211.1910235141617
5,6,32.85500768640741,238.84973119006474
57,58,193.0652776170484,27.902371439662073
19,20,104.33882145108751,184.36934815586892
5,6,27.78340952523248,102.57233471322778
18,19,115.70894967612368,441.3970099547626
30,31,189.83272499151974,456.52172535834245
23,24,169.86003520574386,1185.0040448109662
11,12,74.50076197871789,496.9039915896569
12,13,61.11407143449946,110.06624568674161
6,7,43.21248192681958,479.72436713547415
7,8,46.64201368707667,340.4443618391238
13,14,67.64007336051648,125.39061833259427
6,7,53.874775970143865,2200.404678412073
26,27,177.2585239548209,709.904544652281
11,12,80.4595821891015,816.4495990225664
30,31,208.4958412308177,833.5321700346227
27,28,145.2355828133816,178.9282881086807
18,19,116.20185373011589,452.9976955695468
3,4,23.04411603415288,317.6750511290398
30,31,177.73263031054674,308.9905380337568
13,14,91.86511554556914,707.5398602742705
17,18,126.6573123117462,1137.4194676546224
28,29,152.54569220951922,192.51927586663732
2,3,21.507542819544906,1298.7803877740275
4,5,18.04699030635483,36.9438082115895
3,4,14.474816496658587,37.28921430700469
27,28,144.78971963804491,176.10165537283947
18,19,118.81837706295025,519.8804039851112
26,27,183.68518163161494,900.6843607910655
27,28,181.92823207767074,663.4389648843796
33,34,185.2877909554177,232.67459988815312
31,32,192.23911076437417,406.45458933175615
58,59,342.2936302663055,330.8241461441198
32,33,208.95811379206333,562.3160477125119
22,23,152.57186066245163,760.1829737494361
10,11,57.683331421705546,189.4147812396939
7,8,46.09975350191615,318.13288973613294
10,11,52.625464852619935,119.59764712079843
17,18,104.50698300697384,332.2685409956482
9,10,52.800059262261705,196.37103908754102
9,10,46.41398906765599,103.68929783395978
14,15,69.86915015965224,105.41904833049071
1,2,9.729384502812835,129.63103870270805
22,23,135.774138718421,366.21603635884156
23,24,149.58745832522067,509.18467171570285
19,20,92.48989409091354,101.95124456479198
40,41,218.9289320295154,208.45642977559388
25,26,152.75224242165444,356.05536804914675
29,30,152.35141616599296,160.51389930737153
12,13,75.05716484701439,321.70277657572024
2,3,14.431262162651027,122.78326413548565
28,29,157.48716031301723,228.28428925328106
8,9,59.39220515786622,734.4588036494395
18,19,110.02430097989186,327.2592542248746
17,18,115.42227456495993,609.323050064744
23,24,169.48728928541928,1166.7418351850424
16,17,97.80557712681853,315.219506683178
16,17,95.67852872433798,278.1467211785492
11,12,61.93401194380097,174.36793959592322
30,31,186.3003941062504,407.3570739805553
18,19,109.05033957381478,310.9062925092612
48,49,253.5078409112963,176.55446394285303
23,24,120.90115147348726,154.0917151496185
25,26,186.10274924388023,1284.0803341646374
12,13,96.66723568882686,1695.8531166165963
19,20,118.41246521833423,372.64389588983806
10,11,55.27194767485738,152.12803714333313
22,23,97.76921211593755,70.1639965203607
17,18,103.28668679065183,310.48924594849746
12,13,86.24062044032809,760.4374653830374
19,20,84.83565928471695,69.53171394431013
2,3,14.30842446150457,117.85732945133034
31,32,207.47255620602783,654.2682145919401
3,4,14.949089195725328,41.98331590189149
19,20,112.84810512558592,282.1405232666228
8,9,13.210832389805557,4.3399822816460745
10,11,54.90824324977532,147.18031640111158
18,19,103.38839865334866,230.78687508457523
10,11,61.57790694306545,269.8838119522308
5,6,19.377669312035295,25.269839045920644
29,30,177.78777144483203,374.74996671409224
7,8,47.6598929336362,386.6371346864153
1,2,12.417072611679771,496.97330174952344
20,21,135.40868449215282,631.4587347644441
15,16,92.14101688821121,316.97203601207343
16,17,89.05936107724858,188.44118564722987
15,16,89.3790247927537,266.7172342732012
24,25,124.53758316909521,145.6932416528271
26,27,186.61549345166225,1003.9373949240644
12,13,64.39991935722895,141.71811096418335
39,40,246.33434483818655,472.6516373017935
2,3,18.27956383804547,442.8308842430037
21,22,122.63163520480751,263.52947902515365
11,12,73.28084899029635,448.8718414176891
9,10,66.6503432925579,784.4903954901748
10,11,56.56360979993375,171.08257684173176
11,12,74.27783070523981,487.75792401839686
2,3,8.985381318329685,19.98790031265578
22,23,127.4191432442475,254.66851281606847
34,35,187.60383366595312,212.74824819381303
15,16,95.27205671479328,385.48548684244577
25,26,160.82546129751998,485.7017076938608
14,15,97.32016411965783,657.2148234100487
33,34,208.38162705596122,458.91792617637435
19,20,99.13043535685733,142.0986831284292
6,7,29.455630245541343,67.21841064474368
8,9,53.896185786954085,398.80201368652564
10,11,61.790875244876204,275.1598757187674
15,16,101.40256970625525,565.4719016165368
2,3,13.734525779034604,97.33661800701698
8,9,56.569102364537464,536.7088766079232
9,10,53.45419062040531,209.64572075671447
9,10,74.66847584720966,1749.0841458935358
34,35,225.05945215227507,620.341455733063
16,17,101.28803402882882,386.88196586925204
31,32,203.93932738608936,585.8735497106629
17,18,113.88482056764387,559.4389888604444
8,9,48.23681566536195,212.64969449459252
11,12,73.76136217426668,467.2106287690007
27,28,188.2799743428508,832.3764462762679
49,50,248.3993545048084,143.7372658117558
87,88,484.9437424167501,247.33021476301008
12,13,68.84916132317348,199.55488924583253
20,21,125.21049224123803,388.54321239566474
16,17,86.87411308366481,165.71044301902367
7,8,46.907669889344284,351.9393065537403
15,16,78.79136481830314,137.61505091179768
10,11,69.47462444400165,553.2859461098526
12,13,47.14354329528233,37.57828689251863
13,14,90.76999229347064,654.3032166967726
18,19,129.2393394939613,899.7082100330719
18,19,92.0857656016145,127.30925970935718
13,14,67.58031110959972,124.85650017624418
9,10,51.672649153649836,175.43435289752574
17,18,118.75401007534666,733.2194214203972
16,17,117.63541618600375,1012.0470732983605
5,6,35.85579185676666,393.8481029519118
15,16,93.27905300612174,340.33853481880146
19,20,142.35133617161364,1233.445570066936
12,13,65.56451764999238,154.99989424284658
37,38,245.49843338197786,639.3711332593657
2,3,15.564059105224521,179.113503337084
4,5,30.542562118626474,449.6693000058574
14,15,78.89287145475576,192.39003882844295
18,19,112.31942508719011,369.27760889012484
40,41,198.62355994854377,127.03683349338357
19,20,116.59453100320196,340.26562076941605
6,7,44.50732731508492,577.2004557232378
5,6,36.33138671066217,426.33742851188794
5,6,36.66080936337569,450.399467208854
8,9,32.00348675003354,35.02082807058584
15,16,92.65312295045783,327.2813453796524
30,31,164.824743700223,203.75681840719298
7,8,41.316196455999616,174.95425801750133
21,22,114.05484777715435,178.45050192019613
24,25,141.92221549728774,292.03936939976734
12,13,78.62276915835487,423.22557869715774
10,11,64.00604262868087,336.5447571320596
7,8,57.001436297694255,1242.8712886708518
5,6,34.08635379672061,293.2598177598374
19,20,87.30996351587127,78.68859093019654
23,24,138.41515255080142,319.67281606868255
7,8,57.03404727259077,1247.948034542227
13,14,80.06902493884876,304.6659916097382
20,21,143.70527106632377,937.3981819395964
17,18,111.4213054346701,487.8814881208197
25,26,156.22805741692255,406.9830095982591
21,22,126.25548468922439,310.7179749166712
16,17,102.1721613058878,407.53512922011265
6,7,33.10532310016671,113.21989163083516
36,37,231.95671747994678,528.0022116512906
16,17,68.18216118902528,55.18633476665684
14,15,68.97162857987482,99.29632606136097
21,22,106.47421341510992,126.43609130268672
2,3,22.17610939642313,1623.0079494081992
6,7,35.185596012225076,152.40077309357315
20,21,128.24812822258482,449.01384609057493
15,16,92.21199308583553,318.3812512160333
8,9,40.71028641391574,92.14515976277491
18,19,138.97845473434558,1502.1542332930692
14,15,98.86857091720502,728.6824651172225
1,2,18.092545213083955,8486.84508457299
20,21,121.9927022890906,333.34443657374476
15,16,130.92077237836347,3577.96067648994
13,14,68.72224113767365,135.4674662254893
9,10,68.9749369261225,989.7908840774785
25,26,165.89343299769513,590.2325747738756
8,9,50.32488240086536,268.1787136092369
17,18,106.00489982730176,361.1022291614441
9,10,56.692838261592485,289.82689360761276
31,32,184.3712695468992,317.8571834778812
29,30,199.6893594711526,777.6775533128691
25,26,159.5439277238227,462.3420164084346
38,39,227.54988808173272,341.9322147444288
19,20,109.94078811015478,243.96856999679375
7,8,58.28345276405914,1458.890647648737
4,5,24.57480323173458,136.31394524527613
16,17,96.82558529991809,297.5620172785329
19,20,89.61135753931808,88.28479334369759
19,20,114.84832885613048,311.8169892546477
14,15,78.55945707504243,188.1608417593322
9,10,66.40261985210377,765.2954628516616
21,22,115.63958670502423,191.779226841033
6,7,24.877528670765226,34.950496243626816
5,6,34.78505867990867,329.4780646110814
16,17,106.86366264458931,537.0535459266745
27,28,172.98045066032444,481.9658388909573
12,13,80.25224701266725,479.74262885013337
20,21,129.63657023786516,479.70436664209797
24,25,140.6654405905345,277.72116968587045
4,5,18.649175952359897,41.6722396159011
10,11,67.89403950989592,479.23228152759305
21,22,121.3385044216544,248.48601458592648
14,15,91.5263591540823,446.64195447265087
7,8,53.27394994341851,779.9608631119565
28,29,178.88329939817507,477.4166713449931
23,24,143.06046486559535,387.9407814062139
23,24,120.85519739260153,153.796949810231
1,2,13.800262634006593,992.4050267029702
31,32,152.2656681781326,116.54787474001947
4,5,21.78558251101121,78.03180517264126
11,12,83.39115757217183,1042.3813466312201
25,26,163.639046225691,541.2111347212647
5,6,28.426064198540438,114.16872138709415
20,21,117.78985311562202,272.88231579040297
18,19,118.09672316505123,500.50470969294065
19,20,105.93648806751187,199.70163014853202
8,9,48.18601915530656,211.4528682221723
21,22,102.14538725268095,103.85255448459715
13,14,78.705436981737,276.3911098401865
4,5,20.497815652451276,60.31393252278485
20,21,127.5364952534787,434.0529106639969
18,19,113.18257708727715,386.44043466267397
13,14,82.79633774386338,370.19286424989843
11,12,78.63449946598732,701.2573622254002
18,19,132.8902131027532,1090.3148015093677
13,14,61.66461855696478,81.82768315320797
13,14,78.30616153928727,268.6198687322353
12,13,57.96953550850508,86.41791804732672
15,16,79.47147600754641,143.59075157577175
9,10,54.964592425693255,243.82706952497745
28,29,182.72377724903706,545.0185905264648
8,9,47.491640659613104,195.75208030665783
26,27,146.04976046295587,223.46401346651
28,29,151.8418277105585,187.9028536680102
37,38,206.711434263326,230.39024439207486
23,24,152.6099431552951,577.5226321340912
20,21,111.51625457312394,202.41050471157996
52,53,311.48212948870895,356.74502506702555
33,34,232.85462647471883,942.6221231390412
5,6,34.12905845936797,295.35452365701
26,27,172.84626802971667,602.8772621968914
7,8,45.05587187135269,279.21552758998286
15,16,84.10086861345196,191.77144807134664
7,8,51.71457099697001,641.8286544074654
14,15,74.892424954999,147.3525964992647
12,13,72.44646866057785,263.17133437820394
7,8,44.38238285270312,256.6717051875765
34,35,178.29686425569633,163.07270129618834
1,2,12.021462566356313,407.78141495392504
20,21,137.26229877216127,689.7298102329104
11,12,66.88765158510368,263.4782878210468
22,23,119.33154191540756,179.16871599242432
9,10,48.41389598529324,126.64521551701407
21,22,93.16157299498646,69.03523002151353
28,29,179.53066369334448,488.1938405126785
6,7,50.05619877640088,1275.2347260177175
14,15,58.181614970440776,48.36489938775944
11,12,81.05937711556076,858.2951971719624
20,21,120.06873486914968,304.1614978556442
27,28,154.98113214861584,253.41803410409767
12,13,75.31496362908243,328.14603589939514
5,6,24.431418176096052,58.668504310232365
44,45,250.0216512131686,258.7951167486702
26,27,136.4440558630409,156.56692439411145
4,5,15.48012799065317,22.109902788320586
3,4,15.529067432611331,48.534110409586475
10,11,73.62381326578691,806.7984890048324
22,23,140.72424042014816,454.1580365779813
30,31,175.8164174493139,290.46913914671273
22,23,123.75099500459653,217.12604635326537
28,29,153.28376997158568,197.481960395437
16,17,86.92992583461277,166.25538152626635
18,19,72.6311937703741,45.72725039708197
16,17,90.91019605861561,210.11575469383598
10,11,77.28304644686673,1125.2173490907107
13,14,77.14597274488315,247.25659032188952
19,20,134.64493935901723,839.0304239363921
18,19,118.76279734106636,518.3618467641697
20,21,119.60728899154667,297.55086646174055
7,8,25.929940828834088,25.56546976303926
26,27,164.88768375847184,448.96783594670023
12,13,97.72773990796554,1839.9955911000588
4,5,21.30360033331381,70.86098972450621
14,15,103.84610018288677,1015.4359894726667
17,18,94.00550355260063,185.40228451523402
13,14,95.80136808089516,937.2545056574988
15,16,92.63503923638285,326.91165044755746
22,23,123.30164395382171,212.9252236657709
34,35,206.07732616307385,360.65564266929863
18,19,101.09416261874486,204.53628673451064
24,25,141.7266020799429,289.7632131845982
22,23,98.81391021814834,73.42444850115183
32,33,180.13035848519857,234.74403591968033
29,30,179.29388237589708,394.04406607078204
10,11,58.52527059931664,204.48183505331508
18,19,100.40277422658846,197.22723442602873
12,13,82.77867941070522,582.6523660771942
36,37,224.66073975987877,433.50870874766963
7,8,47.470018111854614,377.56859620462717
31,32,172.29072720523916,217.91067370355933
9,10,54.53386926124467,233.54783714465145
24,25,137.84698345296087,248.1117719843435
16,17,100.09272834167685,360.61378915370994
9,10,64.41885714649041,627.589138716691
17,18,76.13688300894803,68.70533370420453
9,10,40.02578683499469,54.7391230660352
34,35,211.4958463235438,421.04447371752804
6,7,35.29929386474542,154.8963628310594
16,17,81.10924986887639,118.05284287850246
9,10,53.32688764024095,206.99378404038697
15,16,102.8253443409671,618.0590612830185
5,6,26.769538628973812,86.62511382407462
10,11,46.66365326967649,69.55725992956233
6,7,36.7317071034986,190.06891730895495
11,12,63.73708611666176,202.63854856817827
6,7,41.208910532926346,360.3180879591406
27,28,205.97524783200998,1565.9670745579378
11,12,85.55935295848009,1248.8096291244656
32,33,202.95403786957053,468.774742402664
6,7,45.72067483541606,686.4442250195619
6,7,36.21496972746325,176.54346451343034
3,4,24.934049003298753,509.5419835931542
8,9,56.99734689012493,562.8642856218297
18,19,107.45245602835222,285.8286263181687
28,29,162.4800412489236,271.1738269374655
7,8,47.07393223783906,359.33012339750917
20,21,105.6105393090629,152.7913553857721
3,4,13.55866867419555,29.656080151393045
3,4,14.179549976128726,34.63578839015579
12,13,76.41090166545914,357.0092409911083
30,31,187.61338882617625,424.98114398429635
10,11,71.1763646584016,645.8573153461971
20,21,104.66832624165947,146.08753714250588
14,15,79.69223065995348,202.92072333636256
32,33,215.00051298997764,675.3067690530924
18,19,128.05599063738418,845.3823252228949
44,45,307.3683741952204,925.5686593164836
24,25,161.5218571989685,639.6200242699708
8,9,39.40320173194794,79.68915675375605
19,20,112.30953878769995,274.64433666453283
8,9,61.4603612579029,924.2004900291879
59,60,422.25752577081664,1138.6805166647157
12,13,43.00851063028195,27.33989447503088
27,28,153.5031218866147,240.38801646262164
3,4,28.307315788324512,1184.2073740167632
17,18,111.06895918888154,478.42417420065544
1,2,6.6524928776235,27.833669996877624
28,29,152.84054460467436,194.48666631490872
25,26,146.6693193148803,281.7802934266286
14,15,68.46410374586189,95.99283785978508
18,19,96.22609577473784,158.30623550886293
25,26,135.27817126111944,181.81807276774546
13,14,96.85978888797256,1010.8596122997876
19,20,121.70300856661339,439.28588874603395
21,22,110.67379984215201,153.02897239925983
19,20,119.51423957427038,393.74834175437667
4,5,26.31884314657578,193.2082512722924
4,5,26.396479223047493,196.23164911762262
26,27,179.85491438345238,781.5609401912513
18,19,101.34216520486655,207.2235513364501
39,40,223.636184480111,267.97792614894183
27,28,130.58067355410938,106.0165786324385
5,6,20.401537391420895,29.971778789515636
12,13,77.95834337019389,402.13813293409106
24,25,147.95175390410193,371.6937104657989
7,8,38.094611262863644,116.9593464125609
24,25,108.88657316000902,77.90288029073992
9,10,73.5065277886908,1557.2127116822483
23,24,133.12367353121726,256.42077063116693
10,11,76.11356331263889,1011.7278053294641
34,35,202.76413987941,328.0812002264163
17,18,93.78162016775593,183.1105391070577
14,15,101.8498588935552,888.9051997744715
10,11,61.54484540699754,269.07386852594647
26,27,136.03379655974643,154.20590602596988
29,30,177.94436257147532,376.71116468120397
8,9,68.14864875082537,1943.1625077499853
56,57,370.3856009691134,663.8080321429381
23,24,155.9807738891912,664.6090094644924
9,10,56.147463016051866,274.4437444252123
30,31,144.12886607528267,104.51371015900085
11,12,73.5220884347251,457.98695578680326
7,8,43.92333353997931,242.3581746532967
9,10,34.24816712071205,30.71701427758484
15,16,75.53558836241749,112.2775883814536
9,10,53.00106349568823,200.35811684111985
8,9,56.87249799502079,555.1100841464855
17,18,117.94177700147497,700.868965550086
19,20,129.0825973524827,635.3206725864362
25,26,152.8286997377412,357.1039489727764
22,23,133.08564860179592,325.81591628442834
9,10,42.77886135246936,72.08789477424683
16,17,98.65493584406278,331.3686560950494
12,13,82.96033033835911,590.8510009577327
12,13,64.55571180038733,143.42668298137693
14,15,100.72309652665162,824.5791226324706
16,17,116.62913630592551,953.8795730312956
7,8,35.94012171422814,89.34588755298294
4,5,30.972979998892004,490.09340715195094
7,8,54.22006756424629,877.8787143422829
17,18,121.63946718158975,860.7018635032063
13,14,79.69961851851643,296.73215419637046
4,5,22.36531903023793,87.62477749349188
16,17,91.8207732031875,221.6771298331746
28,29,159.99970476631907,248.94480340979902
13,14,98.27285530082204,1118.2158067094797
31,32,201.90837341426953,549.8451368396292
32,33,162.40819510523698,137.20284589264955
3,4,27.41391117569815,947.1692447209488
28,29,147.60896336581465,162.38405736819007
12,13,85.1218973547761,697.7342210110066
64,65,333.92306123016897,170.2516888968726
7,8,52.61961012865697,718.7052045623165
18,19,127.87083366210737,837.1839982312462
33,34,199.7992150537126,356.54038009183284
21,22,145.1064324418927,731.9754163506612
11,12,48.13895868515095,55.23406543750647
20,21,115.3072316224898,242.45607342445348
26,27,153.62710600126087,295.8619069414274
23,24,174.7240904186121,1451.2353440406423
15,16,95.85202205577222,399.71483424883223
20,21,116.04831492045881,251.16503532163887
2,3,29.787446493431936,20519.867274181513
18,19,123.56244256641995,667.331184294666
11,12,62.93147991587282,189.48123445368728
12,13,63.434365329267436,131.57362275246916
5,6,45.17074816176164,1860.234858896988
25,26,118.6985413837756,96.09415718080344
5,6,38.0837380670828,570.9431701653662
15,16,96.91369227400848,427.1374110190587
25,26,149.73228299747328,317.0102036220019
1,2,10.593284974803101,199.66530453617037
3,4,24.328904318085193,438.00314009670115
12,13,65.74943405645688,157.22042059676357
16,17,96.1166220697454,285.40777446935874
10,11,78.6489734177276,1273.9870539411959
6,7,41.07093262089116,353.2853504838024
37,38,216.64634241086557,299.2321031976554
25,26,118.29838291507207,94.62652278098457
16,17,84.24472350580572,141.9637823121663
21,22,152.92527608923444,1044.3489053606243
2,3,22.095720153257616,1580.094684439436
7,8,42.93066516501401,214.07643959809613
40,41,255.4424860186576,507.9101373957245
7,8,40.398407649186595,155.99141226459514
6,7,44.604871713009025,585.2999965658606
8,9,60.0500513431699,790.15405044868
7,8,62.2284561772202,2388.8253103482075
22,23,96.3432123653279,65.94594031341222
15,16,84.33782133657775,194.63263010777342
23,24,167.5439943358647,1075.993569060571
13,14,118.30841028661449,4677.882057945348
15,16,84.77440247499261,200.01655831320684
8,9,58.7240836722119,681.9103419611524
21,22,133.0251298733545,422.6721470388325
9,10,46.556147635766,105.173857185178
16,17,111.57552460558604,708.582257472217
20,21,125.5130136683453,394.18099212028574
28,29,158.6696637649947,237.78519307772288
49,50,276.61874471238696,252.74343777193428
28,29,161.91943096620741,265.9820044387202
6,7,34.0688709716262,129.92814506506576
6,7,43.700664839255516,514.3747677403536
36,37,259.10218407211346,1099.6659509139574
31,32,206.64360320261855,637.53718202817
17,18,89.5492183450351,144.7425395270015
3,4,20.11796548355941,152.85524629225995
6,7,34.40980954712851,136.4130040071969
27,28,167.76339293726923,400.0340817125247
31,32,207.54975900365025,655.8485995013175
28,29,149.43509964233218,172.93822856614156
22,23,104.54343434032585,94.19496315390091
31,32,167.82460473466222,189.52461261429545
3,4,8.57736562811544,8.536417361101964
23,24,139.14785177091545,329.58265001146225
3,4,31.285748061907164,2493.486012727576
15,16,92.19972494654637,318.1372231872358
4,5,32.441516417774274,657.4069831533697
26,27,127.6815467508431,113.17623164893254
22,23,147.6959293810098,614.9630268156933
7,8,66.56172827760403,4106.046961089943
10,11,52.99090151374772,123.63759717936237
21,22,99.58932502704893,92.46105244760415
23,24,138.94117938108354,326.7566837529447
22,23,173.0520637618567,1851.9654735756856
32,33,186.64482963713058,285.974866731723
5,6,25.006851224422938,64.57378589950893
22,23,142.96520621585637,500.6356200217391
14,15,105.27556292512588,1116.9654434652905
20,21,105.53836090600008,152.26710275070474
8,9,48.06136251690404,208.54427957784935
21,22,141.8399566344359,630.9778482311978
17,18,111.98732583806292,503.46696642651955
8,9,59.202748120699454,719.1594680117037
16,17,84.11734457104289,140.90404015543257
5,6,29.5644873975731,138.0222033784912
15,16,100.76400802489123,543.3482732618947
12,13,59.147525487897006,94.61439702612198
20,21,113.90214492388135,226.76441587332735
15,16,97.95114387637851,455.7509473752932
11,12,55.501453043873795,102.01512503922673
47,48,300.0841054278963,518.9212805465328
14,15,91.25444928312976,438.6184725652195
5,6,37.67622180232902,533.4526431183085
7,8,51.50036307745455,624.8710976353696
2,3,21.18691021926564,1167.1304477061274
6,7,40.65769133098414,333.0330115037821
3,4,28.7203043950397,1313.008172737646
4,5,25.250569625731366,156.04024038102494
5,6,34.40358859160288,309.1824117264505
5,6,17.85213517772357,19.59659571133878
33,34,197.4594178512923,332.8293635256855
14,15,94.5629786161767,546.8631424019362
26,27,170.03666327471765,543.2959479763736
15,16,92.20614877010036,318.264977418209
4,5,39.44062250922963,2665.4402017325506
6,7,46.84794364699179,806.3866790469671
12,13,84.67066284611012,673.9311209401211
10,11,57.68975871386962,189.5254885013788
31,32,203.429799996124,576.6187194352173
7,8,46.596725585589105,338.52254682984244
22,23,151.64800988206795,730.2534999031972
22,23,117.44771719787639,165.07872591414375
9,10,53.77187810321164,216.41282496871
24,25,139.3802196388122,263.80462848263824
3,4,19.03467606132398,116.5906422244687
51,52,322.7221404127365,495.811100261321
23,24,128.1196093581979,208.1620903172834
16,17,99.96350202821306,357.8829585991021
10,11,70.10036940534044,585.6725558744486
19,20,124.04294969528925,493.80834916858373
43,44,234.18238565293157,204.86002615020598
9,10,52.809560209569725,196.55769883524047
13,14,81.11023089002855,328.18842854819576
7,8,60.650337379880156,1961.1614877209543
6,7,47.727634507140955,914.3683518282494
13,14,83.29415195217267,383.5930719737327
26,27,157.73038302381448,344.4214448595001
74,75,452.7350813745291,418.4124847860733
5,6,31.536342610241718,191.72405059089314
19,20,109.29281090062342,236.19093984124945
7,8,51.015052653592505,588.0909317050329
16,17,101.36532489878209,388.64493780467575
1,2,9.558862977270971,119.03665711217425
14,15,65.21072927242837,77.27588584526602
1,2,6.6524928776235,27.833669996877624
27,28,187.69950749368556,815.2981210547192
30,31,198.79219645969852,609.5076491380697
11,12,98.45496252295447,3657.664874130689
3,4,30.700596286159968,2154.1447834418295
12,13,83.02233381807852,593.6757949554359
7,8,34.85735812911544,78.03596156450254
16,17,117.09457922380778,980.3566410785229
13,14,57.36038584106063,60.169791089301704
16,17,48.56562657469719,17.405766567091188
48,49,257.7842597842255,192.65543084737257
7,8,41.59933976543106,181.2572822174055
5,6,35.54500197640417,373.96678977073697
31,32,200.17489527030753,520.8517629586946
25,26,136.35945755890378,189.53894567801106
11,12,72.82429902230801,432.1149259659331
6,7,20.50433849422481,18.712489964768515
6,7,29.039616625821193,63.33997591313939
19,20,105.14058129283609,191.91048985313557
33,34,210.60886107960002,489.98670939201816
6,7,39.94671762278115,300.86869673729126
38,39,251.7089507427065,635.2862343397156
35,36,213.2046006212268,373.28791697319673
19,20,143.11973607850456,1281.756656480107
7,8,36.27690301654118,93.18743332834585
11,12,80.6588519130614,830.1206010914848
3,4,16.399831217787312,60.337741559264366
11,12,82.29674715392781,951.5214813931764
29,30,192.41408798110004,610.2098611684311
13,14,73.83195266938297,195.13876189451028
13,14,73.77780268710501,194.3854510754726
14,15,77.41533923702742,174.34265002621598
12,13,72.59929736917465,266.28344817733546
13,14,74.09607306211373,198.8551454376119
20,21,118.08010259343027,276.68011745793405
3,4,8.57736562811544,8.536417361101964
5,6,34.72507402166451,326.2005371726318
8,9,46.130200146232276,168.27133974372165
5,6,33.46209560383386,264.28179362439835
26,27,155.47009465484587,316.7623011243555
7,8,49.956284729413476,515.1899106211392
36,37,209.97158048223574,291.46140061305897
18,19,139.79841611870987,1568.4001635069062
13,14,72.39067839263359,176.0490663617762
19,20,94.53593264585017,112.93321567749632
22,23,156.01621852283455,882.9899764306788
8,9,43.22476492939101,121.84523316893126
17,18,99.21328529254116,247.60857753463878
30,31,151.15401386625277,131.09679338562884
9,10,74.87760504822006,1786.0477643253005
16,17,94.39382411232305,257.90154123380114
14,15,95.98151632266487,601.1038739812878
19,20,145.28568097482162,1428.3626235759084
15,16,89.55116691395558,269.6023059213272
14,15,67.52000507388898,90.13726468281766
20,21,101.60698017476646,126.27065103960116
12,13,66.36785189265905,164.88023739046818
9,10,65.34117919420582,688.2264453206582
8,9,39.751800220489706,82.83632651167515
2,3,20.55682466683161,946.0305751119137
11,12,71.85323079082254,398.52460189318566
38,39,226.91279840739222,336.391911070633
31,32,216.42193878954504,865.3945993864654
14,15,96.86074055758179,637.3906314715779
10,11,43.45954188170465,51.98043739160403
20,21,99.23268715209649,112.7717714747138
7,8,52.59849028561822,716.8103392275543
20,21,106.14655316133894,156.74147147620425
6,7,40.2193647254711,312.81861951714404
16,17,106.45878078277742,524.413881380404
19,20,97.01460410098042,127.8337005874995
2,3,12.840081936154261,72.24241306888156
32,33,151.6801034466445,99.1235221717981
8,9,30.859583392054702,30.840926768941173
6,7,60.60093251309068,5751.845698329737
20,21,108.72697385099744,177.23471814136357
25,26,146.26562951587945,277.4390127686812
15,16,99.84998406713127,513.1786366749725
24,25,151.10330870111318,421.63176910150383
5,6,39.97433862035801,782.4185050265148
32,33,163.32403978401535,141.0639490311487
8,9,46.688937968528485,179.0490470691613
5,6,29.539850965116507,137.45663618775524
37,38,223.69798017291117,360.24665582885166
2,3,12.487141881940303,64.22423471985006
24,25,148.2741092226629,376.51744051139656
39,40,229.2841569279249,308.61789415560844
11,12,41.99519095879629,33.10218348648374
13,14,86.59180078501082,485.4754050810378
4,5,33.820727914049776,866.2257733237194
18,19,89.38930528225879,110.46517114473126
32,33,191.67415377562492,333.0550162074914
16,17,113.06935127237843,773.6644946265285
46,47,269.10264111009946,306.6135343241573
22,23,84.54169171775055,39.47729619793463
27,28,129.2134233313209,100.9641111933636
19,20,154.2487150505121,2235.9819292813963
20,21,143.06154301514374,909.0993910529754
36,37,210.4346618139475,295.13217069885684
36,37,195.551941728208,197.39121338394278
29,30,182.38072024172607,436.7484243733673
14,15,92.38475417824972,472.9471326188469
34,35,200.69540597109736,309.2513746330574
25,26,137.40330678339066,197.30338482168878
18,19,80.31220216101187,68.50851255850782
5,6,45.07725910267097,1831.4742399376144
22,23,135.97873277584245,369.48820425281474
6,7,48.071059225913466,960.3465175655858
18,19,122.95596610439011,646.3664720151202
15,16,86.82190058514279,227.3222891563199
8,9,56.19488583402338,514.8503128629156
11,12,62.68009039426828,185.55305764471527
21,22,136.47087421920915,494.33901916271014
9,10,56.332002855234215,279.55534450218
23,24,112.42513730301303,108.24321879116678
11,12,64.6271828544204,218.24069761544555
24,25,121.11450155534946,127.04991772852031
29,30,206.0771777981574,962.216290831686
18,19,90.7444777765095,118.63186730535517
11,12,59.8703214323517,146.81796009904977
17,18,89.74311218274794,146.3101164930979
14,15,111.05846172938804,1642.3730368110187
30,31,171.2871307285916,250.98453252473044
18,19,111.62164805768185,355.9618570462398
23,24,150.60565360201952,531.2515122117512
20,21,118.21895574505328,278.51560304599286
32,33,201.1696138091762,444.099618522844
22,23,132.40297814520196,316.28737779200833
20,21,121.70455879835743,328.80181422218027
2,3,22.407488823467524,1753.1385910574368
8,9,56.865752523028945,554.6941867423043
23,24,172.2228704750699,1307.6055724946666
26,27,135.82633996581973,153.02559330694342
16,17,105.63884375976613,499.72084520902865
2,3,18.569127811552494,487.70429558370444
35,36,208.42766162170543,326.9009655134655
11,12,55.87465654652214,105.23767661109537
7,8,33.270844984903405,63.99824256833811
16,17,84.78484323696333,146.54663710656308
45,46,273.01938938263436,378.1171684425743
1,2,15.016266226086024,1822.8073890141836
16,17,96.40277347880561,290.2525427544513
7,8,45.60327535381087,298.9897880792569
17,18,90.57602822591772,153.2394250866004
14,15,88.16228419469012,356.91070090868266
23,24,149.53896529918123,508.1568810152156
10,11,54.49542531332941,141.7591617872603
1,2,15.5922212507624,2431.1279981087896
20,21,126.49786148170278,413.10743388490584
4,5,28.994538163538923,329.9389484697001
26,27,180.55432671131354,802.0711226990816
8,9,62.67560368907282,1057.809950581692
28,29,196.42208663934363,874.0830564089819
23,24,138.2311836074655,317.23177251772717
9,10,48.98786342846131,134.12689679511504
2,3,19.264322287985877,614.8883844657995
10,11,51.067216702089134,103.80085893948983
10,11,73.39017768103504,789.8431130312416
15,16,113.25930621267806,1186.4330386968336
14,15,105.96052909132317,1169.1535129683762
42,43,254.7942958468872,374.446426988901
21,22,133.4235367962546,430.3962164408154
11,12,77.3944545750663,632.4099767706361
2,3,25.42070743242091,4786.568972783965
17,18,109.26754373071347,432.86205438629605
4,5,36.14062398008186,1377.6367305332458
23,24,143.48956932447257,394.93928932869727
26,27,158.63842069308424,356.20167124134036
33,34,211.81601519338972,507.6959779415095
16,17,93.27237823004442,241.43746226181514
16,17,118.51033161691807,1065.4962983817513
5,6,29.291518232943197,131.88359869650895
11,12,64.65539113020552,218.75431720788714
49,50,306.9320290122187,463.423155863766
12,13,54.44562696468148,65.89912416983628
30,31,174.09439517105753,274.77380483287106
35,36,207.0979487495381,315.04667378588715
43,44,267.27386101583085,434.5912491370654
17,18,113.5845671817952,550.1845307015507
40,41,202.30360395756622,138.96668704596692
26,27,152.57633173198866,284.5688561266867
4,5,31.33981709110582,527.4021857093924
13,14,72.59481905244343,178.63492857166707
2,3,19.589295610737796,685.2373013362766
5,6,45.98145806485412,2129.359148410442
24,25,161.98007358044896,651.4514954501534
4,5,15.955318465801053,24.31427662259853
12,13,66.57105118220628,167.47768038255816
13,14,88.06867597403279,539.4875526553991
6,7,39.20876230985873,270.76512794805785
9,10,57.966264335797035,329.1871498553246
19,20,111.06449257936124,258.06839042682003
11,12,61.47805795447922,167.86691556351641
7,8,36.338659246312666,93.90958012675183
10,11,74.21546424802376,851.3815527371949
17,18,109.07597618168262,428.27968617702584
38,39,235.7631356577314,422.0857981863604
26,27,146.54856127718153,227.63068015676268
25,26,159.65660700691757,464.3500709588491
4,5,19.942737169809575,53.97642806574883
43,44,292.3407913745172,768.2451553269057
16,17,115.24253161079379,879.1648719179196
15,16,92.8681010690052,331.70841562095717
24,25,156.4604442517359,522.3917420220799
18,19,115.81616490848072,443.89481302424895
22,23,127.0094329677265,250.1721446413929
10,11,60.19908761942491,238.08894659403379
24,25,180.4874014006911,1365.800600270127
9,10,51.85862898735274,178.72760709530942
8,9,54.2455180764654,414.58573231398003
1,2,11.30125696918202,284.4701947878637
23,24,126.84617054804757,197.40493094959865
7,8,50.32787507901434,539.6843247772524
9,10,43.298859420673054,75.93562501483014
22,23,113.10704202890422,136.6875247514551
11,12,58.54654205417534,131.48312343898024
7,8,51.92925214121565,659.2853976772207
32,33,205.77404626621436,510.59522835034466
12,13,54.742424740711336,67.42094654835729
1,2,10.007283917236789,148.95465914830086
2,3,23.634878410232325,2639.362800104697
14,15,98.3982793576012,706.1906831736579
39,40,242.69044526844525,431.497247551249
70,71,347.235286582813,133.038404102958
14,15,87.69197484413449,345.89375321742267
13,14,70.29268271312468,151.54853066569487
5,6,20.94063174162124,32.789399929264405
22,23,137.6444579179956,397.2404038238013
14,15,71.99926608879176,121.50447247368484
30,31,177.49973724757055,306.67788914029086
5,6,29.91885702316346,146.4195558076005
11,12,82.20706019150202,944.4364017311343
15,16,90.82321094044279,291.911502813987
22,23,132.71709869178696,320.6366782884171
11,12,77.64369014263464,645.6822514062131
18,19,124.45949230797262,699.5936000968734
10,11,61.09324775950951,258.2509055555011
36,37,237.69104373377766,616.5147594768438
25,26,161.35946606191385,495.780510719335
16,17,84.5410901673302,144.4603830127806
9,10,48.80428610794444,131.6870943017304
20,21,117.4844819436892,268.9429136525633
13,14,85.92957987240734,463.0463392000262
5,6,30.249236293104296,154.70798653254695
27,28,151.37695480971098,222.81009453456429
18,19,119.62995857419395,542.5681009103185
4,5,11.830684188991492,10.656146243950348
21,22,93.03060488570055,68.62547753635782
5,6,28.21733383513505,110.26526607289179
3,4,19.493180917949285,130.75106254972172
7,8,46.53506617396112,335.9234382828184
22,23,131.73299664751772,307.206940370541
7,8,32.20188893877069,55.99352826421392
20,21,132.39205024113213,546.9641958612667
5,6,46.43817759672631,2297.7743652009617
6,7,39.968614717233876,301.81133465234257
1,2,11.909153813856674,385.5137679639219
34,35,203.76535007467703,337.6018170588943
21,22,126.07085127887578,308.1212085920193
18,19,124.98960994034451,719.3877644873448
7,8,56.559919603915795,1176.1362145965143
13,14,80.44877305890348,313.0431162901018
5,6,30.85273510542742,171.0785003556523
27,28,137.66495904459927,136.53837083821455
21,22,121.01654735724588,244.87604717035524
29,30,150.51729238149264,150.9944497298002
24,25,123.42161543397256,139.33270264274174
20,21,119.9487820137602,302.4290675571396
13,14,70.3824171823712,152.52301657605722
15,16,109.00701663734388,909.539602198225
19,20,126.17647454207517,549.398326223906
30,31,168.88055033409114,232.23729871153182
5,6,37.91723396873924,555.3169294350043
18,19,134.19118205579372,1167.5861680270743
15,16,109.8241469562537,957.1969644667371
30,31,159.8920281450498,173.78299392616788
8,9,59.95634211919243,781.9695420654513
15,16,93.07403012323377,336.0052828818031
23,24,148.11061836182463,478.7965485310294
11,12,61.759225289730274,171.8465809376343
18,19,135.10517219069453,1225.1254628069826
44,45,241.23435962554038,212.8874340196333
22,23,139.53278988098566,431.23062435473196
11,12,68.50169104858398,301.4108409068406
20,21,132.69852976755442,555.005269323967
15,16,93.88851336090636,353.5525339041921
41,42,226.061969453467,217.5498118113859
13,14,98.02656059520035,1098.71564962577
8,9,35.402060249914115,51.08864442901757
10,11,61.9327568843207,278.7319663149694
6,7,38.01016935113797,228.15476510996402
6,7,14.200448081331524,7.603703568127073
7,8,42.78207171559863,210.1368456518932
13,14,61.77299115891009,82.46356103546384
23,24,138.8235674499416,325.1593306704897
3,4,23.106066407901388,322.63337027111396
15,16,102.48066578671373,604.8869685115438
3,4,25.51227398824717,588.7893602723599
3,4,24.48295348300831,455.20067731077194
25,26,137.73810869622605,199.86048841962798
6,7,53.12289425990678,1976.3063352888353
9,10,31.69027408037536,23.78434064501534
14,15,82.67766721151092,247.60741324431729
4,5,23.996083963944123,121.41528694184102
7,8,42.26152737291586,196.8990028949
8,9,60.539032508401114,834.2717324694022
24,25,148.90714664060184,386.1731583449913
12,13,65.58842112699385,155.28515922553194
29,30,178.07825483810797,378.3962125222395
10,11,65.12086511838218,372.4410041388204
43,44,293.5721183189804,790.0479170842225
5,6,29.69977575961869,141.16968783211323
9,10,67.75371280965855,876.0045464776081
3,4,26.118929912872936,685.2148770651212
2,3,24.41555928028364,3423.8460016431322
10,11,75.25909906101303,936.1130773111895
17,18,126.83550160410604,1148.7351606740426
20,21,105.51803610292525,152.11980266907887
5,6,23.109033308379423,47.063866989530894
28,29,214.05828714903393,1605.7082998249746
6,7,42.28395287365706,420.1302138640365
7,8,48.09963808598226,408.4848230558359
2,3,16.859951829929752,275.88495340002305
5,6,43.22478595249997,1344.9753867889492
17,18,91.30462148955863,159.56940547836257
19,20,117.2687823146085,351.9324014182745
3,4,13.3282339636243,27.995911758952634
35,36,245.20620802660144,908.0355740422676
7,8,41.57435643060596,180.69211374241473
27,28,150.71567335687521,217.60959743932446
7,8,40.52403364786336,158.46031857556557
20,21,119.9381265189323,302.27565260761855
8,9,65.89484805475965,1512.6975362584847
6,7,38.19413093381078,234.23020624218407
26,27,174.75086939002603,646.9405611271345
18,19,109.11558443057835,311.97576120505073
24,25,163.70365088226995,697.9490007680561
22,23,144.7665530029669,541.4214287494137
35,36,160.14005283925624,85.48447675948916
31,32,206.73463931527894,639.3534802122829
10,11,74.69959765837334,889.6894901666323
3,4,28.46836257131148,1232.858385338237
6,7,43.0420656998952,468.1864099897704
31,32,205.82527206123157,621.4402400316076
14,15,80.60442967781486,215.64394508453412
1,2,12.440045687717406,502.71471583300763
6,7,57.91086796133474,3916.6075506277157
21,22,127.19152873951434,324.22351028732515
2,3,20.359563080476303,885.8264285351767
7,8,30.940656342251827,47.82660347742323
11,12,61.94617741646591,174.54480159808563
11,12,75.41704642639695,536.3322663218288
43,44,247.72615357747836,278.7010923795265
8,9,45.66193647501341,159.74016033662465
7,8,36.895548879341646,100.67964154465959
16,17,96.39113701513851,290.05393349083516
44,45,252.64971330142177,274.35916614819456
2,3,17.765294327839648,373.0695173782193
2,3,19.905711808901547,761.459715658493
7,8,57.52408131806893,1326.7799093295218
26,27,176.99809747339827,703.0901302342808
24,25,150.5644098780493,412.6403519775054
25,26,166.09309504174175,594.7826014967139
35,36,219.62272913762712,446.1393579271286
23,24,130.23788151181216,227.36994311964077
10,11,56.683323351444116,172.95464553443827
10,11,51.3789538454004,106.78462825232727
13,14,81.05378271234756,326.86783275767044
22,23,146.07382809593585,573.0861211838128
36,37,215.0150348979842,334.0254405558906
15,16,105.53495146726439,732.1127020828407
13,14,92.74800948555911,753.59705880662
23,24,157.97446228004844,722.1762781600515
11,12,69.51224250061907,327.89284897278145
8,9,57.844933986343705,618.449096785669
28,29,167.7860308783925,325.6180936306703
17,18,121.72885427153383,864.9866957660597
10,11,64.85044982670948,363.39683219412
24,25,127.87583703957073,166.50635578633432
7,8,46.863085250297104,349.983376026095
36,37,217.86915534477993,360.811459792688
8,9,49.020296133396755,231.9912302667315
25,26,138.9099495113851,209.0744410502159
16,17,83.01290114429625,132.04091438444874
21,22,107.15160667051225,130.3896892154134
18,19,122.24570792904731,622.6500402714081
28,29,172.8415600628092,387.630976389662
13,14,89.04420888562561,578.4202234403268
26,27,135.21540794650466,149.60194579289129
14,15,71.42677698625246,116.95451896357233
40,41,212.94024689365088,180.12743243559922
19,20,145.7004818578785,1458.2962670111126
7,8,57.59219162406253,1338.1240548342985
20,21,123.10303554750087,351.44362410951726
22,23,113.51102685547302,139.1095896432158
6,7,48.48977999991166,1019.5446943755738
12,13,62.809359533305056,125.39756308419699
48,49,348.3154171886796,1222.2856906501368
19,20,109.3026781552976,236.30749639897346
20,21,139.18435313057122,755.8374497865888
11,12,76.64010609004134,593.8789480919614
2,3,22.74508125531337,1961.9492077065559
3,4,22.223181815310014,258.73269259675953
17,18,136.61283971643445,1977.526709930323
24,25,159.7273650585662,595.3173366881604
16,17,112.91969711493071,766.8836725943283
6,7,56.89769231837852,3388.835936250019
3,4,16.904261629445283,68.44738906745528
24,25,131.33275678538925,191.19813978567825
26,27,145.5743206743408,219.56350481493538
30,31,196.9032633041472,573.4771949575871
30,31,190.11060389687947,460.632306842786
2,3,7.801491322888169,13.470432625727195
7,8,55.21374803783535,993.9814104582385
27,28,160.24697903252905,305.85355042843577
7,8,37.98509980509578,115.36920633763211
6,7,39.213344683046955,270.9424355284927
19,20,127.69838296524408,592.8367987754949
36,37,212.07313458221418,308.4952172734665
9,10,60.0192740587247,404.20711434758147
11,12,74.41500736941333,493.36566549979455
17,18,94.30886165013914,188.5533899862235
13,14,103.76374588115718,1655.231462236398
39,40,243.42801534366447,439.5275427749693
10,11,49.99132358823525,94.12896224031101
3,4,13.579189232997196,29.80861090303912
16,17,94.56915237334185,260.57515333632796
30,31,218.95013370693113,1167.8357621848625
5,6,30.21758128419504,153.893922073603
18,19,102.35556185716979,218.57623047600057
21,22,115.68144259432566,192.1444418803747
3,4,29.134965339625673,1456.4268251035653
13,14,70.91368963867791,158.4221880462026
4,5,35.847811471986326,1299.2757780366699
27,28,174.12113047050832,502.0058648131241
12,13,76.80998367979534,368.1388891232501
20,21,110.7229968830372,194.9072220721277
7,8,54.61535119310609,922.3445932653325
7,8,37.480064715925614,108.31114848666846
12,13,94.83050007969467,1472.407142304822
50,51,291.4116404544462,303.06694884933074
12,13,89.04364009900391,943.4192512133222
7,8,65.85076545520381,3756.88592541056
7,8,46.87125771161231,350.3410869063246
9,10,66.85607727897046,800.79719712165
26,27,203.42019429594916,1870.7248783530804
4,5,30.044319692321817,407.0206570040582
15,16,121.58700994443468,1996.5742612462657
8,9,55.90988478466008,498.8020983123117
17,18,99.5651445401449,252.49638174675945
28,29,176.22723402069536,435.6334475531612
9,10,57.192454600423915,304.6749467832833
19,20,126.30502747085352,552.9410378708109
5,6,29.693812888127585,141.02946140517128
5,6,46.48412589983792,2315.438387029232
19,20,107.46727210771789,215.58679842948123
12,13,57.598754054392046,83.98795442005945
12,13,68.9072767625871,200.4489800888851
11,12,95.72779308445051,2914.0993796308185
8,9,68.60413635545027,2044.0365183252704
10,11,50.66286941394201,100.05453639362302
27,28,189.85154260852758,880.4315949240078
38,39,237.049596041025,436.24096830768474
32,33,218.73470604193636,756.2140155833249
37,38,242.33849120832622,588.3539461347222
14,15,78.31632487748219,185.1355621597091
19,20,121.83857779094507,442.27368599964325
26,27,163.48461186831074,426.232778208781
4,5,25.95550882934843,179.66639422551413
9,10,41.28454628481376,62.08190915116163
15,16,103.79809259905147,656.8008074063773
19,20,109.74198861333058,241.55554113990533
29,30,186.17902506674807,495.69831323412046
3,4,30.180360224601223,1891.4330649284186
40,41,271.3148856727677,748.0248773578037
15,16,110.67307477504208,1009.3553850355958
5,6,27.792513149744657,102.72808284281727
30,31,162.677816455293,190.1230508443813
27,28,157.32616058893868,275.5561584117393
9,10,53.29822414481349,206.4013170165833
1,2,6.6524928776235,27.833669996877624
17,18,103.25759713689482,309.98787204299396
34,35,156.56160542749464,87.63572430405164
8,9,43.85389208114846,130.6673362776614
34,35,198.10884124588827,287.22118748278535
15,16,86.51727823674483,223.03526317682852
22,23,129.59480793779963,279.93484141632723
17,18,123.07552660498459,932.183101132607
16,17,97.41702198028852,308.0965037199577
38,39,236.26069803563232,427.505270218905
14,15,93.77991994736644,519.0471169543885
9,10,40.02749560499997,54.748477522404215
11,12,60.713363824101805,157.50339055098462
6,7,34.463881609906394,137.47081754679388
10,11,67.03083587059727,443.0631682527288
11,12,56.67195356944803,112.46733202258689
28,29,181.8250754139191,528.3876430025374
12,13,80.18347235247981,477.2113200366666
40,41,234.1133651494857,301.8958459159568
5,6,42.037342383885395,1103.4795909019142
8,9,44.396488861526635,138.7873918090666
33,34,159.96928234149144,110.49595261813477
18,19,120.14560826725517,557.4947390998998
15,16,89.11866944553954,262.4122762188564
2,3,13.92924025757266,103.86376472749224
5,6,45.158920175520215,1856.5713323757036
17,18,116.05067123407217,630.9707541197964
6,7,27.544483943129134,51.15837829868502
45,46,268.97369700023245,346.282280699762
23,24,136.3049277110293,292.7655119107253
12,13,87.21626867582354,819.7043646150389
10,11,61.84730374492002,276.5750350443
16,17,101.88083956499592,400.6108721972213
31,32,155.7196675892602,129.83177995452525
41,42,252.5453089408293,408.70088101101334
5,6,26.771298928045894,86.65053190375802
16,17,115.4713164550456,891.0765867351934
51,52,284.6310081542128,238.334043498361
7,8,47.04847150690651,358.1883403272563
50,51,303.490945556248,384.0615606932416
10,11,55.73848809298435,158.7189901700415
24,25,137.8730806663461,248.3709082497747
1,2,10.580507289085658,198.3937405176488
21,22,115.26626123898296,188.5523167579676
17,18,106.88840627899108,379.26865009575283
9,10,50.4968826181194,155.9738339064176
18,19,121.80771307004927,608.4606644342648
21,22,103.61940987289678,111.04918108704072
15,16,95.74648818519728,397.08704420343327
10,11,59.27398964580697,218.88457000404705
14,15,85.19548263721104,292.86121928228073
33,34,152.67758393944325,89.16754915545577
34,35,206.26441244778192,362.58862496634185
40,41,218.68189657519463,207.2042029146965
10,11,56.50715556792816,170.20679560888158
24,25,160.0525898010638,603.1124068508954
5,6,42.11402932983436,1117.6738538537782
14,15,81.41588884741752,227.6310059906707
14,15,84.55544392818025,280.62790075577874
11,12,89.52913341791546,1738.4707355746086
6,7,26.543175203745964,44.33977687172903
1,2,11.776467417329515,360.76750077162455
4,5,31.478109180920722,542.1928967491656
27,28,162.77871616726787,334.79740155600587
49,50,275.6408377826609,247.84827278562588
9,10,46.290313421925596,102.41481114076319
3,4,13.128238710817662,26.630566635934827
19,20,99.92987626579368,147.8937060383615
18,19,92.0730868515351,127.22433424344183
4,5,25.045546133220466,149.7712644594989
6,7,38.95112239355457,260.98059508413763
4,5,27.266705354443054,233.5371279990325
15,16,83.8651880091317,188.96735033202862
7,8,39.95418911432644,147.56572050481887
8,9,57.227548145215124,577.4468829439161
26,27,146.55054017727056,227.64736441162412
24,25,134.31492511224417,215.4215927281218
29,30,125.05128563783336,64.61045164858987
11,12,62.85741442864666,188.31533453184716
2,3,17.597909051112364,352.8241180811615
29,30,193.1466583259106,625.2940031664983
43,44,278.30332871984837,558.4000565523334
14,15,92.66895063777008,481.9932175690088
30,31,170.96618421675882,248.3994660601246
14,15,102.9582628358676,957.0773264317289
29,30,164.07666486874228,237.27555908577466
19,20,119.79052529743161,399.225438007813
18,19,108.24195297697395,297.9557225815613
31,32,207.37556070782327,652.288058660261
19,20,96.31297464011202,123.42685729617781
8,9,54.13313039352039,409.4407752897991
16,17,87.71691450045125,174.13284762955163
9,10,67.98426508755811,896.4356476943445
9,10,67.8500914064658,884.4881717019308
15,16,85.42030941525346,208.25625954895293
15,16,85.22113141992855,205.67982533412956
12,13,82.45692865707828,568.4086793672427
21,22,109.438788812445,144.6750800206007
23,24,130.31505191802887,228.10221272387136
3,4,34.63502225397991,5760.3617958390805
16,17,111.28240601538985,696.4694173831676
11,12,77.74160752189948,650.9724315690161
1,2,10.892575313214753,231.89568956307255
21,22,112.2340819407406,164.27620353901753
24,25,125.10353106292116,149.02904838034053
20,21,130.26233352981524,494.21382285365655
11,12,60.10201391046359,149.68022111336649
3,4,18.595990542759257,104.48020584269648
33,34,205.5107985503257,421.759502157354
7,8,57.617555807505035,1342.3733405030184
15,16,97.93060137164919,455.16618122367566
23,24,119.80583008145041,147.21727941375084
52,53,272.3375639112416,170.4504437697071
17,18,118.88334538501208,738.5067921604086
10,11,55.22804400183016,151.52206727053775
13,14,78.3554769911036,269.56775939649555
38,39,213.52142044552212,238.62856377309092
32,33,178.33872310379553,222.33910810990943
11,12,69.17870394447222,318.90459900380495
29,30,147.38527634947542,136.0255240523561
17,18,118.56780826002029,725.6736957428529
25,26,150.0705168767854,321.1611290344906
11,12,66.5820048226231,256.85209204457345
14,15,65.63672786942854,79.50197451049814
14,15,89.5516431075299,391.5485588265432
15,16,105.06430233841816,710.8908459529769
37,38,214.02574120257617,279.2915860704215
16,17,101.72775191800525,397.0195036020207
14,15,89.3611060909626,386.6063812554894
28,29,174.78991428670457,414.56858432710834
44,45,250.1411080228874,259.4830258275819
23,24,130.92957008802938,234.01816806984425
17,18,116.47696887974504,646.0925214210977
23,24,164.02064845206752,929.0789188259569
7,8,38.35154717905993,120.776701362406
13,14,89.40593661109028,593.5600149729463
13,14,93.05456009801043,770.2801599127199
8,9,57.90954933903573,622.9052191414215
10,11,82.86066653925884,1868.3068412405405
15,16,101.84936949834784,581.4852426988426
8,9,51.99802624689607,322.96968743792263
11,12,63.50689619842461,198.78848099620717
15,16,85.69817544274582,211.90455587722596
18,19,102.59651688331063,221.365831272596
10,11,71.21946255106721,648.3927416500505
27,28,198.9285083691393,1217.5422840896692
20,21,109.30736580130718,182.20139791286132
20,21,127.05687191631088,424.25183700465544
19,20,131.01563414377787,699.7909917112441
24,25,122.97707534675969,136.8770412731069
5,6,37.24367842297934,496.3492128528052
66,67,320.0605986256045,118.75040578950006
26,27,180.0330475146025,786.7343538572873
7,8,40.75399474557001,163.08138051803022
31,32,174.884960752905,236.3124862648395
24,25,160.03803712704396,602.7614330827744
40,41,206.9185760857378,155.523141219147
22,23,142.81560691205382,497.3898940280772
17,18,102.12884992606203,291.1460396908554
9,10,42.255013527720514,68.40879189000911
10,11,73.0412902578065,765.1847409914316
4,5,25.663258259612913,169.46588733792862
32,33,199.33434559845438,420.07560841214854
23,24,167.74644658621492,1085.1085145954994
14,15,89.18421588515268,382.0740325604314
30,31,209.12921954012472,850.7377005852067
1,2,8.194598674844022,60.177548691052195
35,36,208.84824617824665,330.74251475672423
1,2,12.138952539522752,432.45413294822856
2,3,8.234023627424879,15.559549135688764
16,17,119.74361023143221,1145.666426234585
9,10,44.75571887183494,87.84482337607562
11,12,82.37286714902962,957.5764830775071
10,11,59.10650105959492,215.57702669619803
8,9,39.29291005622936,78.71855490240958
16,17,89.04035008730058,188.23057087573935
28,29,193.93220007254038,802.1673435397163
17,18,94.6216968940033,191.85904054237594
3,4,30.182629737484287,1892.5065273562998
18,19,106.06033108603437,265.634867902345
4,5,39.52919836392921,2713.0796551936464
14,15,84.90359529821501,287.2174764718082
27,28,150.08513346704746,212.76395061429713
20,21,78.82294310358769,42.66903498292034
28,29,153.11203810037475,196.31596974381094
27,28,135.74143418213274,127.4734826366764
41,42,293.1015459462551,1073.4233757645447
4,5,31.482127596786313,542.628823206782
3,4,17.88850537888055,87.5426711450418
28,29,171.74493849176304,373.24657429637404
17,18,98.0945419073808,232.68759796130252
10,11,64.57134799183667,354.2923942672028
11,12,59.21294364710869,138.99138747400585
27,28,163.9398683246428,348.97325893660764
6,7,46.52338678097631,769.8518637260521
12,13,58.37980658204575,89.18870022459832
8,9,63.26414775263683,1129.2960469638174
13,14,99.04419735203604,1181.5536750137494
14,15,63.85055971032392,70.57697658985367
37,38,191.23695303406294,153.32370350786263
3,4,20.75824215075059,179.38970059415078
16,17,88.21875618749307,179.34989154457804
22,23,133.79811582302756,336.0666097468831
10,11,93.07813484764662,4729.849309459808
28,29,147.89198381769495,163.9765746169692
24,25,143.45899659891606,310.55464118931667
5,6,44.04424274957736,1541.8019748996649
13,14,79.88441310939584,300.67486788863806
17,18,102.47583743681992,296.8129314214342
10,11,78.39058457065542,1244.4099728196136
13,14,87.13813057824828,504.79488788276086
19,20,119.92734048157699,401.9658055092409
18,19,120.57275766282642,570.1700295671469
21,22,122.35084774812792,260.18740774123836
16,17,95.57854079776575,276.5155631820117
6,7,30.59759361622891,79.12942494042802
14,15,76.33541539545396,162.2320459940604
9,10,59.91549402629722,400.0339436488285
18,19,93.32603700493698,135.8969237090919
9,10,55.93049128425371,268.55322586182126
1,2,17.1762544842098,5367.552131302324
38,39,184.22298361013688,112.58024389108657
7,8,44.537592459786936,261.7000648851908
17,18,131.74286183948607,1508.766758623781
12,13,74.36984802126997,305.1359881715641
6,7,33.09079062204795,112.98508322606725
17,18,104.92604812026615,340.09496776703054
6,7,47.524130655093614,888.1685398898593
21,22,125.2401960139024,296.70434821585576
22,23,99.60451334880335,75.99222368866926
17,18,124.11286303424706,987.4827788245195
27,28,179.2175592239288,602.2225823770191
2,3,14.138827954837264,111.37942900642477
4,5,24.485720282549238,133.906802803326
48,49,279.08967820883777,297.58732714905375
29,30,200.0149681133697,786.1641428577786
50,51,278.24190023850434,234.09418493258426
35,36,191.1599590382804,202.34999814901977
16,17,85.34487220505497,151.45470453777838
20,21,133.3907992776701,573.606042024928
36,37,228.28167976989275,478.0785879505539
10,11,61.8772525539297,277.3290694983637
13,14,68.39972402248715,132.38238264222306
14,15,78.38773719289813,186.0190608578714
1,2,17.68708010664246,6929.480000191693
11,12,85.68586286300851,1262.0448381625854
20,21,147.1431203075367,1104.1325165492437
6,7,29.4608954246847,67.2689892318501
17,18,93.52578544842962,180.526389509875
15,16,91.03497242986076,295.8006586259363
3,4,20.23728455771041,157.48357063996235
22,23,174.144752137436,1942.0724644523766
6,7,31.915254191809275,95.51869881221432
17,18,129.20018541638873,1310.0074178869174
14,15,89.26073980446046,384.0281998359065
20,21,116.69610251170369,259.033465159314
27,28,150.25227090638862,214.03777804686484
43,44,248.7506183490372,285.26630408774156
12,13,70.14518610230473,220.47483167994426
9,10,55.049195962716105,245.8986837129862
26,27,132.90523472121208,137.33402550938993
7,8,23.41616609581881,18.67191945725351
38,39,197.07284098819366,156.51467396323304
10,11,64.04780299884449,337.824843055105
42,43,302.02135960917525,1122.9928064355777
14,15,80.16188535799402,209.37474622793962
38,39,240.60741096405243,477.90921799898734
24,25,152.011649830957,437.2328948258115
20,21,118.28142107605083,279.34529208817554
20,21,112.7098486527932,214.2483058580577
15,16,87.48852649284228,236.99354531409838
14,15,88.25022562835227,359.00932935915824
7,8,38.0198331188811,115.87118962615155
32,33,205.52450672052976,506.74876851561515
16,17,106.66096115109745,530.6879508718093
26,27,149.5167519670633,254.0821094324523
13,14,96.41732701427775,979.4115475104702
12,13,56.778213384109655,78.85059628895479
15,16,91.54035487842879,305.29306371193917
67,68,415.02891902936335,447.36126008461287
21,22,140.80095277526354,601.8711031212475
10,11,68.29761937859435,497.141398154956
33,34,191.21773280043223,277.0092681682069
19,20,146.79400237127595,1540.2501519751156
22,23,131.44864410276602,303.4322750833804
9,10,64.29682102826395,619.9768278011355
7,8,56.55374859987675,1175.2293217526021
2,3,12.195721356988805,58.27892014003577
13,14,80.92610481395427,323.90039903283713
1,2,7.4775218162508,42.045859191649136
20,21,116.48709310684359,256.46813674015556
15,16,89.17665227993939,263.3649643847662
11,12,79.3952747285041,747.1551746701889
16,17,107.33179686441545,552.0480610858602
18,19,131.52159749997986,1014.5387372290335
3,4,21.519616383808195,217.0014631082473
11,12,88.33424616276348,1573.703724359763
2,3,21.08165916369362,1126.89317356801
11,12,66.36535959025777,252.25655184692425
18,19,149.45472671051897,2607.2159571523216
12,13,65.5480734853253,154.80395328884597
34,35,162.05026618793354,102.51484377079781
6,7,38.97824192448813,261.9936521223353
6,7,33.77761135546051,124.6329541326456
2,3,17.19680827091188,308.66897477944343
26,27,136.2474033934769,155.4307237132224
12,13,82.2876794818745,561.0564355580482
6,7,52.98686788595987,1938.2728172870634
21,22,138.72697821951374,547.724124230239
11,12,64.72695149126824,220.06272608288398
28,29,184.9757027883691,589.0272868181346
11,12,85.0392981101062,1195.8448187008785
20,21,144.87728704568588,991.2020819503988
30,31,196.40121014865397,564.26438422685
11,12,72.78637804762722,430.7515630054417
15,16,110.57660875382005,1003.2881623159229
11,12,63.9920194945613,206.98954633921892
13,14,99.96952846436142,1262.2872152863906
8,9,54.82395436956004,442.1063595103244
11,12,51.217521143917224,71.38778398019123
32,33,195.8519663497864,378.0052450079197
22,23,124.47802612954023,224.09903901236723
35,36,196.0675137874697,231.90314995810525
5,6,43.749920338142815,1467.9958610033354
16,17,86.89701061463438,165.93379104762295
8,9,59.12438293520974,712.924754860264
27,28,185.93308414647427,765.4525985291319
10,11,44.046417710196636,54.82902965028058
17,18,111.63270837141623,493.6452450320265
24,25,138.01391751980134,249.77404790271856
23,24,124.57916253867354,179.6119048650386
30,31,152.92024134700586,138.78292353173862
33,34,225.42614161574426,757.6190113660485
41,42,260.6924672426464,496.192276468733
10,11,53.79397455297686,133.0016219151164
21,22,109.1559159379019,142.82677647145124
15,16,92.26870312613832,319.5117167801898
10,11,50.1456382846957,95.45876646812611
22,23,113.86815312683233,141.28643255820182
7,8,57.34629412234861,1297.6195704630982
7,8,61.829106227102784,2272.50557294088
32,33,215.8305236032482,692.5073814014331
19,20,124.0575684171057,494.16942345797946
30,31,157.05522276916497,158.58607544914446
29,30,210.14743114901046,1102.035685454525
23,24,100.21724894087653,65.08660097735925
10,11,65.51179951819896,385.9153859369275
31,32,138.75785502010214,76.41530240519651
12,13,72.46499110052567,263.5465689583398
12,13,90.25428526766923,1035.4975639338302
5,6,34.69455696286156,324.5456358046649
36,37,238.89457167006663,636.898336266272
26,27,138.1970829157859,167.06959771142078
22,23,133.27096889166032,328.4517514553729
30,31,164.1979892385869,199.67865118531165
10,11,74.01084011472058,835.6903855273194
15,16,94.25187894416386,361.6737035763285
5,6,24.559157735787462,59.93094339518958
15,16,88.41371217366235,251.1014424958921
24,25,147.1728063240057,360.29107735527117
14,15,87.93634004520977,351.57486285917673
5,6,34.06006263619578,291.9776055579855
37,38,210.8887315821243,257.16128668116215
21,22,116.72162459368143,201.44741722298988
16,17,117.87495842571948,1026.4084889424303
17,18,125.79435188961799,1084.1755387209296
15,16,93.45701669107945,344.14515933993954
3,4,26.638604230299457,780.2786173045938
38,39,223.7949054959227,310.5456495810341
14,15,98.40932290548142,706.7107979887395
16,17,82.67927842480961,129.47489044546342
22,23,135.5511670941637,362.68293819726796
10,11,63.14419764221145,311.18313700601607
26,27,132.51305290023754,135.35363177300343
12,13,78.06872255664058,405.567106457526
5,6,36.36014705288907,428.3859359622127
12,13,79.45673645844057,451.26585765586094
23,24,139.8806414508495,339.800968843977
13,14,71.89286425076466,169.89907585906303
26,27,142.43690545918264,195.476651560027
23,24,151.58933712059041,553.4782079583181
3,4,23.412705961208147,348.33912079039146
16,17,112.61303688322894,753.1740078673039
19,20,111.55290100284074,264.4481098847708
24,25,161.78171925377762,646.3032172133089
6,7,23.580143555798287,29.0376114590921
12,13,71.94954591765371,253.3014940175799
68,69,410.05156360166114,380.9912024135593
8,9,54.74717178078632,438.3506175126018
24,25,128.84005803031374,173.05376407418976
17,18,122.6179336816596,908.7839859872447
20,21,131.6891707377167,528.9600410682253
29,30,167.16948223554817,263.04262058863026
17,18,97.50806827231227,225.22837873364105
4,5,33.996727091193506,897.259769500492
16,17,100.7411420429015,374.6339934675456
12,13,68.23140607484072,190.29389598991386
12,13,58.964320215713414,93.29037490503308
18,19,111.58157194714974,355.21182902824387
2,3,12.20749180582021,58.50802564105245
13,14,78.39548015864861,270.3391154850587
13,14,85.90662570924293,462.28775830368835
2,3,13.584697253264078,92.59474751606909
21,22,122.01541886753103,256.25047985854883
21,22,140.968282374594,606.466322269706
12,13,65.52937279049323,154.5814255750795
13,14,77.1682453607926,247.65026417747305
5,6,29.347156834971013,133.11225646917353
27,28,173.9899049633513,499.6586559889677
19,20,139.082702962961,1047.4722377963674
12,13,73.4792092029724,284.9309475937359
6,7,40.93044439473121,346.2656801487896
15,16,78.22436722151096,132.82373538018186
11,12,80.03369247631548,787.9813113583264
7,8,43.10283989063179,218.73369522138873
32,33,192.1060665714597,337.44278051045404
26,27,144.46890729369295,210.75583221914928
29,30,186.5568616992279,501.98089271214224
26,27,178.38428681731435,740.1296974597734
12,13,72.1656889010466,257.54818750609536
16,17,111.22827677768858,694.2553348217237
7,8,35.23603994493732,81.81863203142976
12,13,53.99351132297332,63.646671181909255
22,23,121.32951090993896,195.42880152472446
5,6,25.943933729903254,75.48915133353397
27,28,172.8962435505955,480.51855375207157
10,11,70.89769115764089,629.7007148358016
37,38,259.53350075189815,925.0325879936086
14,15,89.09599972058375,379.83361998908254
19,20,94.72463258369176,114.00378267282625
18,19,91.16629093812115,121.2950295794227
22,23,129.0714776976029,273.63726478043026
18,19,107.8735314916022,292.23383571362683
7,8,51.900729775253694,656.9390354770138
22,23,122.24139747057116,203.3326622910198
15,16,77.12663576991602,124.01651418139707
9,10,62.28125757167931,506.8047176817339
17,18,88.29305256245625,134.98579987611413
7,8,51.71851243622714,642.1449483987683
12,13,73.42852203696286,283.82216118137535
31,32,193.67549930133646,425.1148438167939
23,24,147.6426441272876,469.55096229035195
12,13,74.32199202212296,304.0147771874487
18,19,131.06506743149643,990.4520387981403
30,31,154.5436541976173,146.24439603451037
5,6,28.397865640576555,113.63341472744321
3,4,15.445512253698539,47.530806723969164
16,17,86.17147300157065,159.00094992333445
8,9,38.18618042382203,69.61004878268076
2,3,18.01785609952448,405.83717532949834
17,18,132.81677029729786,1601.521607442478
47,48,294.6373832233881,463.2555367917369
2,3,20.995234184127632,1094.892424226792
23,24,156.7192311910792,685.376255999331
14,15,86.07020589921785,310.44716523302685
7,8,52.05742035361975,669.9328906788614
1,2,16.86928352238958,4603.820407692138
43,44,281.5064940283367,600.5673935490593
20,21,131.285838158751,518.8976092331453
38,39,242.38071468912702,500.141030791862
15,16,82.64791172692219,175.12403301066067
9,10,48.22894304785318,124.324403264372
1,2,6.6524928776235,27.833669996877624
16,17,113.56264366111436,796.4429568140619
3,4,19.675715249566963,136.85593625820377
25,26,127.97835595801571,137.31045540173096
3,4,20.74869914443373,178.9622314530087
20,21,116.11436887331362,251.95630021635287
21,22,156.00537070406466,1201.292349057336
11,12,70.31206273242913,350.4922381096165
6,7,49.75960826189529,1222.331605666405
15,16,82.52994523224375,173.83760816355232
22,23,131.05046039099346,298.2243644200466
23,24,131.60679364307543,240.71565973067408
10,11,54.71385363523782,144.60222459959726
19,20,100.94161874933161,155.5676892375614
22,23,144.76006295698716,541.2686742167299
9,10,61.456093358182144,466.6639174868192
13,14,91.40141418340104,684.4889090973368
7,8,33.627523097826455,66.91615295404229
1,2,15.619121371383503,2464.0477060602907
16,17,94.56268586958026,260.4760539377635
10,11,57.8216224686624,191.81111917264064
21,22,119.77681458760802,231.4585164973345
10,11,73.82095618047097,821.3883484283521
30,31,211.09667518922754,906.4810880686535
29,30,174.201473873841,332.5252495785081
16,17,112.22840706765534,736.3245630869067
22,23,124.84263462549046,227.67988651278372
3,4,25.901562917564966,648.9727508060256
35,36,203.75782961915206,287.13133135804935
13,14,72.37922177093043,175.90505903868475
13,14,79.82420290375767,299.38452347219777
10,11,54.16854141495523,137.60852188771426
9,10,63.75650914888079,587.3676328747637
5,6,18.612557184050146,22.244457223068565
27,28,161.5301724675566,320.19645554059827
13,14,100.7840971989206,1337.9101495587672
4,5,28.399090075834515,292.89612242016585
14,15,64.5243284994026,73.81942438033546
11,12,66.15152037321785,247.80117174318758
7,8,43.47049597308075,229.02060934285086
14,15,99.01659405637463,735.9088532926281
3,4,29.89608604318825,1761.6770625756776
6,7,36.47762998551337,183.29373914437414
10,11,56.98187190341239,177.71305038991287
12,13,89.01354407341628,941.2376874396188
7,8,43.028497675496205,216.7104670566662
8,9,67.73591952038754,1856.0637856855183
17,18,80.87713058517728,89.4047597129033
27,28,163.86433839361513,348.0331729401252
19,20,123.79905072058226,487.8229516505655
53,54,335.02180186897385,494.7771415100703
24,25,165.0724862269805,737.2296532010048
21,22,123.2102563430614,270.552508909208
12,13,74.47841730435249,307.6949971721352
25,26,164.3917577628107,557.1084439882958
15,16,80.36906277784283,151.87630757653406
32,33,213.71866139768252,649.5780983319245
22,23,145.5368004198832,559.8601244588765
6,7,19.03032285321625,15.15935071482228
27,28,139.716527547601,146.91820213500873
31,32,168.66031564939064,194.5394293376218
6,7,43.40463540231357,493.07544773249157
15,16,89.40775220127996,267.1965453714905
12,13,52.75762854617217,57.874629979102146
22,23,136.58088945886783,379.2894150207217
11,12,75.82905162437035,555.0663384622186
17,18,153.37008625608334,5016.864156911065
1,2,10.833863213143308,225.1870987304964
10,11,70.82089007796813,625.3195095314607
17,18,101.40731251690195,279.7061490104071
35,36,235.0116914535604,684.098929117351
2,3,11.972491417469026,54.099799107447645
4,5,46.14350804795123,10185.308415934862
10,11,67.65485434131259,468.9242791733979
38,39,227.99609205322946,345.8667697544469
6,7,22.645048326664007,25.406547180195613
7,8,39.820101271108804,145.11298688582428
44,45,290.9392127397469,642.4672474002363
17,18,105.8899406252648,358.80335443570937
2,3,8.414391797182049,16.523725640968056
10,11,74.20126378151922,850.283169576502
42,43,243.0768249041654,285.13119747917005
27,28,152.85279492268032,234.86911231234285
30,31,156.1105067128335,153.82610824568405
7,8,30.176634632596443,43.47036011018205
2,3,19.981305278955915,780.8906232563888
8,9,54.07517011631638,406.8124364614489
15,16,94.13849597342572,359.1197859162173
1,2,9.603603099066241,121.729521859086
9,10,49.84323329377341,146.1046768265361
24,25,156.4253323710296,521.658570741935
11,12,58.000255271971525,125.6316994061547
39,40,218.43121494326726,235.28095978811814
16,17,94.32223249669352,256.81773153165375
12,13,72.40438917626966,262.3208566436105
28,29,187.0450265786465,632.5937953886651
5,6,23.966080110568893,54.29036033355986
2,3,15.494892761203658,175.03120174817002
1,2,6.6524928776235,27.833669996877624
25,26,169.87466159613928,687.8981785042783
2,3,13.652018626009308,94.69610555625475
10,11,50.306938658364544,96.86885562458966
6,7,39.81494555878667,295.2579454212499
2,3,21.893290307298688,1476.9928413452205
3,4,9.44119002546822,10.594102796673294
5,6,38.381411831299005,599.9833902301206
14,15,60.850175603944635,57.78206154387019
4,5,12.885402654223302,13.158665708755365
5,6,30.88116927778233,171.8911703956015
3,4,24.726859202185945,483.8209017583762
6,7,46.06963306224112,721.531583296613
5,6,32.50974677174599,225.49345375822068
18,19,92.02203619700354,126.88295698727602
7,8,49.35267694524846,477.7485834903938
3,4,13.867296777218282,32.03484428508567
20,21,129.31935151978257,472.5125739361911
6,7,37.797033832460436,221.31261771790722
1,2,10.40931373062934,182.11837091622004
28,29,178.07897711438096,464.357339124838
8,9,59.32937280814376,729.34913040087
7,8,53.31969230183691,784.433293315318
27,28,159.94091151234275,302.52847677976234
27,28,180.57391920823542,632.1132323132108
25,26,137.7971578621541,200.31491175517215
8,9,49.42595659154829,242.6870988681306
18,19,91.30115698093744,122.15907045363639
17,18,110.4333646038528,461.8254114823628
4,5,17.068950173612343,30.380168231381887
2,3,10.092183968283269,28.906350826574652
53,54,334.6781231929176,491.63817146852153
50,51,257.2495114833404,155.10589362012084
12,13,105.3680953030189,3311.770104595287
16,17,117.9886693047382,1033.297019845104
15,16,86.96173719405071,229.31774501304443
44,45,262.8028163384984,343.80085687141576
15,16,90.36921473823344,283.74499252178884
6,7,37.83599805564935,222.5479489700939
5,6,35.92641900942531,398.51155799884475
9,10,52.390547333115244,188.4918431073123
5,6,13.646679679094202,9.72253719966483
2,3,27.661979135101916,10103.727677330717
1,2,9.040990890103657,91.88110874386767
36,37,203.44988274956148,244.36071644900736
11,12,68.20007811503078,293.92947068187283
17,18,94.42165997053759,189.73868362188742
21,22,141.97881301761905,634.9729565602984
26,27,157.02000302147985,335.4777607945511
16,17,88.34805923204507,180.71923890813918
14,15,91.60576452401779,449.01260833301717
34,35,202.6715836881842,327.2147479158437
5,6,38.48424327718106,610.3548724929582
7,8,43.76125883968819,237.49756124052408
6,7,36.53792344493007,184.87933134748792
19,20,128.81033501903056,626.7305797709314
12,13,49.975865150932336,46.72583946706211
17,18,86.2714887908026,120.64598197633313
19,20,110.10796545127809,246.0164177591861
10,11,70.49381700141795,607.0000165414934
49,50,306.1889859140326,456.58720815803935
72,73,403.38550413073983,251.09436476284066
8,9,33.62505907914901,41.93486895436246
15,16,90.4976781575398,286.0323409999751
1,2,9.036463543464622,91.67335516127199
23,24,131.4630974058061,239.278718480424
2,3,17.007747650677032,289.8168630848712
15,16,106.01806167680701,754.5555155813659
7,8,39.75974299749047,144.02226053630247
38,39,217.46452453527587,264.0169880162551
21,22,139.0690914557871,556.3081341769134
8,9,55.93553564937326,500.2257600396771
29,30,179.3049208666528,394.1890811409601
7,8,50.80586916210996,572.9128696837646
8,9,61.64230432501284,943.0741626691205
5,6,27.293774020271552,94.534262668827
44,45,275.2636119541434,453.48815699367367
22,23,129.49340427603187,278.70336602333435
11,12,78.6635795573782,702.9588086669975
20,21,136.98947058059952,680.8269231948832
23,24,149.47961320501258,506.90175965430535
30,31,168.4597932441796,229.10648118978978
19,20,104.88526695912458,189.4761857871709
21,22,132.70454711160755,416.5576505477371
7,8,34.41983355886583,73.88273653094838
35,36,216.93763150492677,414.07425580151005
27,28,157.96037422270297,281.8688625961558
5,6,35.49094371289137,370.61259010016573
11,12,70.41003455517281,353.36548147218696
9,10,66.81709075683517,797.6812453094575
15,16,84.62067181172135,198.10396887976967
24,25,122.84711546790419,136.16734655999863
30,31,199.5603901043984,624.8002126357745
9,10,54.54751426780049,233.8667308373934
9,10,51.8175803547956,177.99545842130954
37,38,210.59298328808325,255.16760731854316
11,12,74.27934580902958,487.81951156289256
9,10,62.7329765550195,530.2229908437093
23,24,155.73092167471697,657.7259815086096
64,65,423.99240063664246,680.5899596775278
2,3,18.21839590593598,433.89329304592263
34,35,191.91403878102085,240.62946263515695
22,23,125.41062711097072,233.37251678294547
23,24,138.12972796881618,315.89356335855945
29,30,178.833925982622,388.0487073250462
12,13,54.04068932524914,63.87806948584763
11,12,69.91950324859319,339.2119966301407
17,18,87.08328972728972,126.21168543656209
3,4,33.287463890486144,4112.8272756875
18,19,113.95883273704247,402.55563139330417
45,46,265.78155733368925,323.06706783897505
18,19,114.29924714985727,409.83303702572323
14,15,96.37164824062947,616.9429458530028
34,35,225.72591071165957,632.2669755516177
26,27,174.66826065680849,644.9642179052698
10,11,51.677944656525455,109.72694579270409
5,6,32.31826953310555,218.41092281680196
29,30,194.38951385084485,651.7430972748873
48,49,350.6311722130963,1281.4380571528357
40,41,261.61777153762546,590.4714331146323
10,11,67.2397203290812,451.55710718267085
7,8,32.02359150049593,54.75939420123281
44,45,249.03122433669327,253.16139430151847
12,13,77.66671064865483,393.2172891150733
1,2,11.70277843997883,347.71710064572574
3,4,33.00020999531683,3827.82677258898
3,4,26.406286197841425,736.2513359228316
5,6,40.643540845096126,874.7371788262559
27,28,186.14382438933023,771.2354643656819
19,20,129.36662004289255,644.4073145239743
1,2,13.511850721994918,859.1343916241144
5,6,37.73215345598462,538.4487082003469
14,15,48.95577099244175,26.146571323092335
23,24,92.8770849086135,47.93656324959015
17,18,111.85119969405149,499.67382650355296
14,15,97.20797287134687,652.3175770828747
13,14,66.95828575294873,119.43051008170583
3,4,26.423562108182168,739.4380656933148
7,8,30.34728641647685,44.40760782010665
15,16,106.36617677043662,771.1524221725866
4,5,28.566757378556723,302.8844790983794
7,8,53.00265585437232,753.9544701712931
26,27,164.79566175719208,447.4402584104641
21,22,102.0876401152431,103.58031249820849
24,25,155.10587487431195,494.8402558213841
17,18,100.97417706699844,273.0558911511517
24,25,136.4620027617061,234.74037365855273
25,26,179.40182183912387,992.3442474602451
15,16,75.1074941185748,109.31333401734105
10,11,62.383097589673795,290.380081281672
10,11,63.70034318369284,327.32065587381567
7,8,58.31068208323292,1463.8646827065677
7,8,37.28766277975584,105.73731388517677
28,29,166.19793384290764,308.26605836845414
16,17,107.7488408179017,565.7583858472527
21,22,128.44398649596081,343.21704199503625
39,40,210.95559947065897,195.17371082656402
27,28,166.6159777002213,383.97238354531044
44,45,277.49286405143897,476.51923523405475
43,44,251.14466016290274,301.2176778246944
8,9,43.0398554641406,119.36740368004426
16,17,86.18018062385539,159.0824131503978
7,8,32.00914562245136,54.660602482593575
30,31,184.6638320284581,386.4095461419946
25,26,160.12835282389517,472.8521691842658
13,14,73.69365988037755,193.22065936612043
4,5,30.47976279902495,444.0568344707618
15,16,119.4344316611951,1745.2480592380225
6,7,30.738858694320665,80.74253627178703
7,8,43.982727933350944,244.16421022702852
8,9,45.14592115035058,150.8390630994542
31,32,178.9337307390999,268.1855483651291
8,9,64.19983144190483,1253.023368367217
9,10,70.72773978140543,1179.4151725763345
31,32,172.36093695459454,218.38930651553613
32,33,195.09665898668206,369.45168323973564
20,21,145.44136531561614,1018.1874347517347
15,16,86.77010987546807,226.58765485623067
15,16,109.61258370368817,944.6235435212678
10,11,60.35208843968634,241.42370322867887
10,11,53.85057395238886,133.68773209531312
14,15,79.68534802186954,202.8276360343057
8,9,36.11328098044894,55.289707807254025
21,22,121.64728719230257,251.99825051956893
8,9,52.66322239122763,347.74489638100545
17,18,103.5971944590863,315.89178176730667
16,17,101.11571083848138,382.9800850226739
8,9,60.61554563076444,841.394492620923
36,37,208.31619132811414,278.7087509562919
5,6,22.091923982948632,39.72526290364743
21,22,114.14658992281305,179.19621167804027
17,18,81.52247766445893,92.66830798318084
20,21,135.52941241605026,635.0994136838972
12,13,59.57444266638822,97.77309489560761
14,15,83.91658025101677,268.92665472294976
12,13,63.48070234106077,132.0434386736819
4,5,26.86942212536546,215.6991095227786
10,11,78.48675585187652,1255.337353355061
7,8,50.70680966945949,565.862552542832
31,32,161.16587180693102,153.92007804503237
8,9,39.052082686197586,76.64008927061472
29,30,176.83370389886028,363.0195888665945
30,31,188.96342835012283,443.89784756394806
15,16,55.492079658041526,32.08071204368945
13,14,84.38861231667107,414.78404969697925
24,25,177.27382585565354,1201.0518989088596
30,31,201.78423102348438,671.2681890203992
13,14,104.3736259728061,1728.9317272431174
9,10,56.06836577299684,272.2815325921767
2,3,24.30807486823863,3303.347485141893
18,19,105.81282818380755,262.19702375081516
19,20,139.23881675885883,1055.680474953416
11,12,91.31070056215943,2016.7146326249335
1,2,13.10740331685027,701.8373334376836
25,26,133.67147762241592,170.9225752726481
7,8,34.23295050164601,72.17681068825101
12,13,66.50509412237396,166.6301142084596
13,14,89.74535807866147,608.1263785991188
42,43,89.82103253621774,8.075713479278502
13,14,67.311596218956,122.48286694097035
21,22,139.69341086388488,572.321269580147
6,7,51.48536512171101,1564.0785759874473
43,44,240.54307944666382,236.72240535974456
8,9,41.15437037766611,96.80588808341959
5,6,43.04776031866984,1305.8725536030122
30,31,208.31366622892284,828.6481887673228
14,15,81.46034933299903,228.3067125747146
2,3,19.73080371304371,718.3339490493008
23,24,129.70812948355126,222.4061900945342
40,41,268.1867878650738,693.0770438802264
2,3,22.239776837351812,1657.8202992661088
16,17,110.0563254113804,648.0069974235357
45,46,254.91098745530783,255.07132337259114
26,27,185.60861012687522,967.1880729127465
10,11,60.482269270671715,244.2978348402377
12,13,96.1641986397032,1631.4852075413596
23,24,111.33120598181753,103.42019466499356
4,5,34.72895363374401,1038.7680542334822
15,16,92.70251440293883,328.29321268963525
18,19,106.73643297674745,275.25749328047124
24,25,150.80757823883533,416.67357835948184
21,22,124.08093270433919,281.47465152363503
9,10,59.18047194637648,371.68517590882595
1,2,15.575672372971795,2411.0947741853893
22,23,162.89068443132723,1190.5892968017322
10,11,62.77111333315949,300.8057923788927
16,17,102.99553859929637,427.7594881579959
4,5,21.22274700601998,69.72433536288389
10,11,63.70868816710062,327.5690669469412
24,25,154.77520378830073,488.3381770131023
21,22,141.02880670354634,608.137072475261
14,15,77.24022830723449,172.31919706090036
4,5,30.674862769471844,461.72642125286694
14,15,101.81816925092659,887.0292428782284
15,16,75.61542092920355,112.83920131469714
6,7,33.09160519637467,112.99823181224514
44,45,281.66052045733,522.7601093095041
28,29,162.64645269711704,272.73438391477055
15,16,80.60769085475638,154.1584051176298
13,14,71.9952709558925,171.14640400788784
11,12,70.77809438992385,364.3717116721676
8,9,47.010649449218214,185.56504998651826
14,15,75.23564461666642,150.7630864976797
10,11,68.05086172956968,486.11342206934785
2,3,15.172309674706757,157.18705955205093
26,27,150.85652723178507,267.0080442870753
33,34,222.67122893314848,698.6527181904222
11,12,64.23765705126402,211.27024323385263
30,31,194.8309142748434,536.3935905983298
10,11,63.76329715538298,329.1993116300798
8,9,53.725651205745706,391.316541157053
9,10,56.41643761042019,281.9257563842696
7,8,31.767988500378575,53.03746563271241
27,28,179.93024158755597,617.7476598622343
28,29,119.6297440221909,61.87793084581161
15,16,90.23901343191663,281.4453638769132
6,7,33.88211767585129,126.5076176740401
16,17,82.31398178729424,126.72240777868494
12,13,73.48949464107292,285.1564706147358
30,31,176.48867922398847,296.837010145181
26,27,190.43070789802843,1156.3100023545603
3,4,29.27794635942573,1509.4288147295858
13,14,68.41799002960721,132.55521662036617
9,10,56.429950735340775,282.30698370131114
5,6,32.18613490273892,213.6535583774584
9,10,44.445675700805594,85.16304282586758
14,15,86.85020531994236,327.0175005596269
20,21,165.37650304680386,2630.8744848694405
11,12,83.39442224010853,1042.6649709569517
15,16,77.68798153065924,128.44474934238798
2,3,10.645695881378055,34.76340641732783
13,14,72.73187440937946,180.39229325215467
10,11,74.53613330156759,876.5661028311087
16,17,93.21747271025777,240.65894077397064
15,16,93.37392313960115,342.36252704095114
4,5,17.41144323220295,32.53409597857551
8,9,70.1355128044953,2423.1769708453803
11,12,77.61415111632715,644.0948039424311
19,20,115.4107802821305,320.7105535792028
14,15,93.4085083890094,506.352918013496
33,34,182.8198980517088,216.384263548264
24,25,131.686872384807,193.92566109442762
4,5,27.603373936654855,249.80354459709366
25,26,163.87787201094835,546.2053900945479
20,21,128.57600924583184,456.07948655502406
21,22,136.14414058366384,487.0515777100542
10,11,49.81765003636312,92.65447726207434
13,14,95.51309770762852,918.1530721426391
5,6,40.88184199479214,910.1781344213792
6,7,52.99699216720126,1941.0782197217911
12,13,51.591427580435266,52.90888865961549
22,23,138.1593356853216,406.23330543765536
11,12,71.58458030239477,389.70174567346464
17,18,97.45760915350479,224.59788367936946
7,8,41.87126388232308,187.52421529103108
6,7,40.8780913280395,343.6856160165012
10,11,85.45630947286425,2365.5253383139025
8,9,55.91817487357877,499.26176706817387
34,35,237.30188815207129,880.1162026337236
24,25,130.88302849215074,187.78940329182217
8,9,66.27460416944415,1577.8917628697252
3,4,18.55291012150963,103.36098092651909
7,8,40.94842569340989,167.09344581065514
14,15,85.21176670133258,293.1793233101526
7,8,40.427037485356216,156.55066344419873
25,26,174.81374859883243,831.8113857820252
29,30,173.3221525321151,322.9201517327236
2,3,20.91235682769467,1065.0591422508542
14,15,79.39280154214369,198.9101939425048
32,33,180.6069576202636,238.15890279879682
27,28,169.13470636021586,420.1136320356658
22,23,136.0612900125191,370.8168449819938
16,17,89.16800228564001,189.64930529487708
14,15,89.90089082444075,400.7720138580997
16,17,85.32571089193503,151.2840906485436
35,36,184.1050384581253,166.3391615850534
10,11,65.86660292748827,398.5659552858257
9,10,71.73030170141193,1303.7893266815415
3,4,22.155383303239315,254.38422625011432
10,11,55.70198370024783,158.19314133847683
14,15,78.30226904346635,184.96216110013802
17,18,87.61036863238705,129.9620782067659
27,28,138.83570678302092,142.3684050047876
35,36,205.64684004525213,302.600127735043
15,16,68.6988887743893,73.23551994317998
19,20,120.98164288486765,423.72393405299573
28,29,170.26885456016896,354.7239255489111
38,39,221.7178545368998,294.4393952395098
6,7,37.944062371725735,226.01024696961758
15,16,97.38017678418773,439.7740397641058
13,14,99.67252921256329,1235.790805310317
6,7,48.02395712440021,953.9061615791576
15,16,79.666459372786,145.35132033548956
6,7,31.708044055264295,92.73264604298782
26,27,170.41946260317428,551.0535262508565
19,20,96.76785211544278,126.26622891709538
22,23,125.88463613514409,238.232014428715
22,23,100.40442106420217,78.6816222383036
14,15,94.31579716293453,537.9253580552569
2,3,11.718429666380104,49.70687343974836
25,26,181.92665312908386,1093.5438790838807
24,25,142.03820455787016,293.3974523032397
19,20,129.06826491338737,634.8655509387033
4,5,15.974610503807437,24.40827223241462
7,8,36.7007066568074,98.25718050516751
24,25,139.80168091366468,268.28966504561384
18,19,76.07110748466856,54.802866402066634
8,9,55.81103240454181,493.3534344303328
20,21,136.6572813760242,670.1419725959768
1,2,9.040990890103657,91.88110874386767
5,6,31.98825261603577,206.7221117406978
41,42,228.147812676756,228.62675385928324
50,51,288.9822256685292,288.9686342927184
3,4,33.23600973366875,4060.260582497033
18,19,111.86739355518645,360.5957610878632
39,40,274.3017305512364,951.0277707804476
23,24,148.57068132362417,488.06327295891424
19,20,105.08013341351977,191.33133640244813
24,25,161.12561324866232,629.5621198977218
17,18,30.28365225766419,5.3785839081366555
31,32,188.70557872826322,363.96195220286853
26,27,171.3860887583462,571.1391738377441
15,16,91.83546171092564,310.97619222969183
14,15,96.82702274928356,635.9594795761653
7,8,45.3768226095552,290.64506830631274
36,37,184.1115848877631,144.89202078300062
18,19,97.08841070470466,165.65649760510976
12,13,78.12379063202893,407.28873491209316
2,3,8.393325137004965,16.408098856828158
19,20,138.17272534408798,1000.8813764063723
19,20,147.1010657973969,1564.080342811355
20,21,126.35863643997554,410.3776879204713
26,27,152.41993569613,282.92527124269424
8,9,50.47661592681146,272.73834183506517
47,48,405.55354418719196,4670.55025136425
14,15,89.33885878311615,386.0334095178636
5,6,25.267597023694513,67.44187869699716
4,5,40.27979909436802,3152.5275877570675
20,21,110.50247809051122,192.8712303974746
5,6,39.68373876581066,745.4264427314275
4,5,31.91055084103981,591.1738686944559
12,13,79.85737194887511,465.38953533332506
12,13,73.58791279876397,287.3234764842516
34,35,217.23500357001467,496.06868140566746
15,16,78.99593088949678,139.3858073305822
11,12,57.68172468221377,122.34077519396934
5,6,24.01467936223351,54.731891239670844
1,2,12.698777144497988,572.142778073777
55,56,239.317710687576,71.77459246165196
1,2,6.6524928776235,27.833669996877624
5,6,29.05427621474541,126.77062728151922
31,32,202.1970335119448,554.8275236491576
2,3,20.25654395773186,855.9237706899161
11,12,74.45855102143786,495.1591627459922
16,17,127.56906278619155,1815.4025574325194
12,13,82.18233637516707,556.5283888962708
8,9,62.164591670760686,999.4217405810655
26,27,137.50767261021082,162.8576918507856
21,22,145.30416028441195,738.5837923127672
5,6,43.0314988716724,1302.3381158032762
11,12,82.16219199109784,940.9117317589005
10,11,69.15142802008874,537.2660752166614
6,7,35.21136926756321,152.96293079502914
39,40,264.95394744396424,752.8369617522338
9,10,49.56741678117003,142.129935525026
43,44,293.7566553467072,793.3683546311145
9,10,45.20023050580741,91.83771486642057
10,11,65.28595041336781,378.0726606978352
34,35,235.62780263687415,839.0102576892165
7,8,45.07682784427997,279.94789051193703
24,25,159.6985003013478,594.6303857222746
52,53,304.3139386367431,311.61623886875196
14,15,93.89944478542361,523.1995738809375
8,9,62.426310010110875,1028.9114397939295
23,24,135.91047784802572,287.9931159794315
12,13,77.46567342072197,387.1831958992601
13,14,99.73977821862874,1241.7412069159357
11,12,80.06319202235264,789.9207851957474
26,27,142.25250574244546,194.14616899556052
22,23,154.0254168701223,809.7756671912231
6,7,45.774624727390254,691.7551779382015
30,31,184.70079939820752,386.8706127575811
21,22,132.23643847871722,407.78790704880066
29,30,168.78704025331587,277.61483713875214
24,25,142.30748667184108,296.57480109506633
6,7,51.01325083300675,1462.06816229264
20,21,139.62988894028334,772.0446078076251
25,26,123.90992423898592,117.42106456366994
11,12,74.7402778158451,506.92166495100594
6,7,27.25273389777734,49.069992618923784
10,11,65.5159231857232,386.06008457965453
47,48,241.16247891584467,152.05135273760385
5,6,31.57813018381295,193.06399172698505
12,13,76.67965718905454,364.46669239656416
20,21,149.50927156423867,1235.8189195998677
11,12,81.60586706298452,898.2863761982494
6,7,47.79279586906337,922.9197324936054
2,3,11.88519748764916,52.54828682225908
11,12,60.56034482350772,155.507723929645
25,26,107.31062953678271,62.0122474628994
20,21,125.28908327393508,390.00003254341294
32,33,204.17919963236858,486.50562985050595
19,20,111.61951809933696,265.33041674979563
25,26,131.7519470530361,158.75824587808097
22,23,122.02659726856999,201.44254999921657
23,24,167.5293983397402,1075.3393847587242
8,9,80.26797275372343,7470.099808649553
14,15,67.3755199505337,89.27319992660159
9,10,63.32863765513506,562.7659180178059
13,14,81.8957991113628,347.13020375480284
14,15,90.40054295351091,414.3466173732525
2,3,20.022821699666437,791.7723391218145
6,7,47.660475160490606,905.637674823669
1,2,16.35032141692024,3551.625654371857
8,9,47.0495644857053,186.36915056624343
17,18,104.34636786051185,329.31687617252544
5,6,30.59271927969395,163.82299507114874
28,29,172.0683246099744,377.43203162097933
15,16,91.94588961638874,313.1298939268494
17,18,75.34815819638447,65.75980521522958
2,3,24.787144849767387,3875.312627466928
10,11,47.70018074597952,76.43036522633021
10,11,66.83834429012319,435.37734606707136
24,25,169.5432729220389,881.5933690554673
11,12,80.2630411758423,803.1863583389871
8,9,58.87101531827467,693.1344031001905
18,19,123.41548826062386,662.189662214196
22,23,149.75001350070713,672.4112632449736
25,26,133.2476142241156,168.1587105978558
23,24,170.3831052598004,1211.114213510227
7,8,55.61220486604852,1044.7423805908547
10,11,72.31956441575208,716.5914374741525
11,12,64.5372913215118,216.61197301700415
39,40,238.5054783157257,388.63358463228036
11,12,69.43764440677927,325.8608231093213
8,9,84.06964646846103,11396.616930169248
20,21,116.77446096258704,260.00181643148073
9,10,56.984638913863776,298.4086606058187
40,41,214.12428405295825,185.4051653817772
4,5,22.123509392462733,83.48791396885198
7,8,50.6588828422376,562.4826871920679
44,45,243.54521296276516,224.10525807743284
9,10,80.43077993421028,3112.1777255527213
27,28,180.147485187956,622.5592202294401
1,2,11.342392099728169,290.3816376922228
24,25,137.4120763789186,243.832875747516
8,9,63.16111165331319,1116.4410766287824
20,21,135.55611147957663,635.9073824129536
6,7,29.89153199979301,71.53729035094061
10,11,35.67532854208229,25.615859865224373
13,14,69.92366892765402,147.6061799023091
47,48,236.05253280365096,136.69622116475043
25,26,148.1701605355838,298.52459605780746
17,18,106.07776849429493,362.5670275520985
23,24,101.40996937228137,68.40291156837844
17,18,113.53760151433839,548.7508583471756
23,24,118.62325332226615,140.1391076126275
8,9,71.61937333426685,2857.5164380529363
10,11,51.81276250611589,111.08005270536503
11,12,63.056801366447544,191.47044207005516
16,17,84.6887289001418,145.72043179262033
21,22,133.17102770331664,425.48450525519956
21,22,135.5961119426497,475.06879909998474
17,18,112.10770392125177,506.84527190957164
12,13,88.35347382130568,894.6396962316848
27,28,161.90406820691334,324.50084827745445
11,12,80.24666869720217,802.0912596125575
3,4,21.377344835057215,209.41882806906168
55,56,307.92664393343756,244.37161286386606
7,8,36.89102428121159,100.62271577933178
1,2,10.580507289085658,198.3937405176488
9,10,68.54285685911793,947.9347643512843
32,33,200.90090372573417,440.49811824566393
8,9,37.865451091720715,67.17306465049774
5,6,36.84811944829125,464.68197244838996
14,15,87.15817866008288,333.8010791029708
6,7,35.53688523749527,160.2440380529202
11,12,74.70294673155742,505.3471207474926
23,24,127.68931038795033,204.46318459202064
11,12,75.62251022100548,545.5944050213768
20,21,111.72346514169561,204.4176094951149
17,18,110.59619382071637,466.02206837852503
30,31,181.21536543760564,345.72959411056814
12,13,72.69622616479194,268.2762940218145
15,16,99.63783494182354,506.41914888245645
28,29,142.67484884103848,136.9782800980205
14,15,77.14672196036173,171.24834234486124
15,16,107.4590869961343,825.6681499262676
32,33,189.12191764050107,308.267280727481
12,13,49.985152776334786,46.75923386340378
5,6,38.51392641389662,613.3818951339531
10,11,71.65879139832508,674.8129771996024
24,25,162.198136847158,657.1586553522483
16,17,77.53336671678969,95.65866451977446
8,9,51.22937634497097,296.531344310286
29,30,187.98606522459917,526.4741192541092
34,35,211.58674294340247,422.1393668310723
30,31,215.2524343353512,1036.5227847673048
35,36,239.21497732013773,768.8227748525003
11,12,70.93307336300246,369.1080600807504
32,33,202.31840411711818,459.831781781277
5,6,29.221552333437085,130.35463817796847
2,3,10.643361853705501,34.736370684859416
50,51,342.8962488384198,831.6867433916848
47,48,292.2099553936333,440.410569368123
25,26,144.64647931659098,260.68847904086346
7,8,53.63500940781207,815.9688465408274
7,8,62.77582494178868,2557.992672836404
12,13,68.7963393929834,198.74569782816636
21,22,110.227290466802,149.95442054011752
26,27,142.84367436691957,198.44390347249586
33,34,197.25887766064724,330.872033836091
16,17,97.07241567760988,301.9139668118492
13,14,96.4538162081528,981.9675869027204
5,6,23.254484547860855,48.2187246890224
8,9,59.3560924317372,731.5176738708599
16,17,68.64660631318384,56.71482642232915
23,24,135.25879075606352,280.2782747885709
14,15,91.93707500383879,459.0404504819701
6,7,56.74845898792631,3317.353855250312
20,21,125.02130741826188,385.0586234301398
12,13,75.0293627755695,321.0155114621669
16,17,77.05904651387999,93.02656421169569
16,17,92.24102918489187,227.22549472028456
6,7,33.790121569064006,124.8558939862823
8,9,52.952200718578766,359.09172513421004
17,18,93.10151096040288,176.32099418352433
14,15,78.02828878016695,181.61442914913414
22,23,118.96378418468558,176.32668562536406
15,16,92.31714807872365,320.48060346527984
6,7,52.61403023924035,1837.736690921179
59,60,444.57173921035644,1651.6482155774042
13,14,86.38114239767245,478.2251275880696
12,13,66.78337432486131,170.23547750179853
9,10,87.92511139841956,6584.746651374965
15,16,90.98379414273647,294.85600953900257
7,8,42.84411324643996,211.77283259718115
1,2,6.6524928776235,27.833669996877624
24,25,163.8504806251337,702.0602489129088
33,34,214.64324626817583,551.7177841529468
15,16,129.75895027071365,3327.359721048481
14,15,97.10099355935105,647.6818286651511
29,30,153.83780407621236,168.66707516451288
9,10,46.81875494594948,107.97238441809046
7,8,56.72718535103275,1200.9860045872774
24,25,162.12563342504055,655.2555662401008
16,17,84.51207414463326,144.21402474413338
19,20,149.75312429242797,1785.861506758252
25,26,156.31510362806503,408.34784412427877
11,12,72.77600404558801,430.3793391230111
34,35,172.77238770107735,139.2615659599442
44,45,263.6938468729911,350.6761906272863
142,143,850.9225569190039,383.9481014738568
28,29,197.23819691956777,899.0306570393243
29,30,198.74550863082015,753.5913822051182
20,21,99.53454968957166,114.40450544242445
9,10,39.27267164405213,50.768047192146035
12,13,64.12278029541753,138.72888504441804
21,22,127.37397016977386,326.9234078841406
26,27,155.63153238730132,318.6619519568349
13,14,97.75060794610509,1077.2710123633606
10,11,48.34784975555776,81.06562960876745
4,5,33.04581111420042,741.8612438926566
22,23,136.99938389983868,386.25391039739145
9,10,76.27192105569355,2053.2765342165935
1,2,17.08173837207568,5119.792480387568
21,22,130.71194838758288,380.4870716415682
20,21,143.93415169295756,947.6708368747443
29,30,216.497218923275,1361.8154307253408
27,28,150.0770273090833,212.70236316565695
14,15,59.591427851588556,53.13106879028537
13,14,76.9809667482926,244.3594952112451
7,8,36.11920291917174,91.3684620626816
34,35,221.33656070634362,557.7449251419089
4,5,15.023338433037834,20.179509060516747
12,13,64.16547655657787,139.18526521647348
19,20,129.58311518789444,651.4207582031007
17,18,115.67876320837189,618.0676738169408
7,8,63.485360288707525,2795.2310176921114
22,23,127.90153512108029,260.0662248678015
34,35,176.23096520047957,153.7257905266782
8,9,61.56288942438795,934.7891979712084
11,12,90.80131776821689,1932.8994894671227
2,3,25.153437427776137,4378.57734088599
31,32,129.79584038512436,57.74980726739084
24,25,152.87831566509414,452.65607762855143
1,2,11.397905740917656,298.55461187654333
37,38,191.46488107463964,154.24611899213988
18,19,118.1631069739373,502.25647387851933
31,32,181.58097158895922,291.31506007191246
13,14,88.03862307367835,538.3307114963185
9,10,73.64551917932333,1579.0077429244798
15,16,106.83705406507107,794.1845611957508
18,19,112.3019619170092,368.9383565183706
10,11,60.31265474899369,240.55977744953273
5,6,33.29615105739767,257.0725933910619
33,34,220.12601114285633,648.261682192163
22,23,132.01778868816396,311.034505444523
6,7,25.377702609606654,37.53921376778194
13,14,79.77710868034848,298.37912389329773
1,2,15.110608213426469,1910.851258274748
16,17,82.4513975915935,127.7508919774256
14,15,77.27159670085007,172.67993254592028
13,14,63.89222737572637,95.94072250418797
3,4,30.88069915769808,2253.3534084947546
15,16,101.36252342608479,564.0583559433613
58,59,398.10680227909637,851.9884070472456
15,16,105.10278685798902,712.6027972829972
16,17,117.79404752983656,1021.5349411526604
71,72,429.8002140731994,391.2893914009291
21,22,120.53022374329316,239.5223025443086
7,8,38.896707239752885,129.29393845352115
20,21,113.41801467900477,221.5964293844746
9,10,46.020857232246364,99.69202893046999
15,16,92.1031659777443,316.22306726255385
10,11,76.46449413133074,1044.5251386038065
11,12,44.371180604808494,40.35028200786514
7,8,11.15271795152429,4.031303383692157
35,36,207.63365036666474,319.76981188092026
10,11,77.1594598214514,1112.646117962631
20,21,121.65065112207454,327.95885179510674
9,10,74.09420708672353,1651.469387817968
3,4,20.151164098547905,154.1291711648163
22,23,151.27210212913218,718.4153751242044
17,18,88.37543533177187,135.6050216070068
24,25,120.56362728004001,124.28099507377061
16,17,95.14987943975596,269.63029199287064
10,11,63.985032747855016,335.90257376892765
13,14,86.76281560585178,491.442022275281
26,27,173.2528965262429,612.0254982284565
2,3,20.953321789656744,1079.70225959761
2,3,18.194207888917408,430.40901874984445
12,13,69.95383370908635,217.2533385765045
31,32,217.42730009248652,893.0147766054922
32,33,159.82545110951,126.87412943379697
40,41,257.9117653628855,539.4396213580671
23,24,140.17762319760521,344.0318705054849
14,15,82.54254336594407,245.3869185947897
2,3,21.774806341753564,1419.7964291780097
20,21,105.6303871149139,152.93583189541087
26,27,166.83066539729626,482.4674866046408
34,35,193.1258727259112,249.10688910896775
10,11,66.01782335373348,404.0830010022077
8,9,44.143305043507304,134.93749503777957
11,12,51.73746199281143,74.54889106632763
27,28,171.57549108544185,458.37888877963246
13,14,81.0141645094495,325.9441463226089
16,17,114.11455513762432,822.7240859428663
32,33,214.92615520323292,673.7868361417268
4,5,37.567588932552546,1832.6490849779846
9,10,40.11032482085434,55.203838123320125
28,29,162.38904853858782,270.3243037972355
29,30,175.65736124858165,349.0605402601382
46,47,252.3220921928829,214.55264790716214
1,2,7.830825929407949,50.16978558430415
27,28,174.25649618156288,504.4386829648724
3,4,25.425763864639674,576.192015945484
22,23,126.3525930115916,243.1287164690705
14,15,69.8600236460388,105.3549272805431
14,15,101.7584960191855,883.5074592917745
11,12,75.27716814990174,530.1167926843937
29,30,167.82246800557942,268.8308218920996
23,24,134.80907547441774,275.0752815883965
9,10,58.306130066485444,340.56738516748607
16,17,125.62942758291943,1619.651575766903
4,5,18.64355929747782,41.62545418096788
5,6,19.864562121163047,27.40595576683844
33,34,181.9994098407037,211.22497947005417
12,13,85.50142505345946,718.4044393176422
21,22,129.10544498834005,353.69300439264606
16,17,109.22056423490002,616.9198252794986
15,16,95.73329426316124,396.7597332066774
21,22,152.87275788543175,1041.8588183066352
4,5,23.20849848756634,103.72049130649934
2,3,24.75992980280541,3840.316001558418
13,14,87.77773236227718,528.3917851499401
15,16,111.53341260623158,1065.1152496148882
23,24,151.45391518587863,550.3639570211685
23,24,162.99916436781308,890.3653184357427
24,25,147.77425310820115,369.06401977901885
37,38,199.26327781265795,189.38281992684387
25,26,139.60814835861837,214.76494857514396
8,9,55.23446567032317,462.7388482316679
21,22,161.06125667751388,1511.6638530542145
7,8,41.594912103089406,181.1569917179167
15,16,100.30228767375075,527.8926663479241
10,11,69.60312817174747,559.7874211224802
28,29,158.600239151119,237.21662752192654
13,14,90.28126492584485,631.8561644931284
5,6,27.829391604676797,103.36143610193122
46,47,284.7230143109797,427.4923847217147
11,12,77.83234922294508,655.9136189947629
10,11,71.99941015885372,696.035680100155
4,5,15.65852270315795,22.913002418567736
48,49,289.4337497603513,367.5323050174971
14,15,88.73213118879812,370.73051076628514
30,31,195.21348703865124,543.0542697937249
13,14,74.64464160710206,206.8016486489971
19,20,126.85965061644579,568.489322323897
16,17,116.24459664900351,932.5450393674884
12,13,92.32252396507745,1214.0687642171113
14,15,78.47043539587476,187.04745593731255
11,12,86.12544208727017,1309.1327498411647
19,20,113.45340771113055,290.8100734565657
10,11,45.8428693788941,64.55603329320897
12,13,65.34169742596103,152.36583180811
9,10,39.65591667545452,52.751471491758
17,18,78.60445080050407,78.80007379603784
9,10,66.58577362058031,779.4412852515899
16,17,76.52735250985617,90.16208284957219
34,35,203.33653157341743,333.4907696668959
34,35,238.74798953561512,917.2418056494536
22,23,108.22731541289801,110.5574673996152
31,32,163.38478235510064,164.97178323785081
29,30,142.2642161842655,114.67941495692497
11,12,90.10573058004633,1824.0432494428635
3,4,8.57736562811544,8.536417361101964
34,35,193.7267408804996,253.42039231273102
25,26,127.82141173883346,136.48410265836736
17,18,111.78246221138718,497.76933625937465
20,21,156.18084782536224,1697.960713672036
47,48,283.00541045155023,363.5606201696819
11,12,81.914056709093,921.6553921127245
17,18,95.43652611864307,200.74375195154929
4,5,26.079794127685883,184.18834082508855
18,19,104.4446581241089,243.9802476323478
4,5,21.452754670294794,73.00667928802052
43,44,255.00209339109054,328.81724908433335
7,8,53.485405972411286,800.8516681219185
5,6,47.286777010673795,2646.860505589526
10,11,71.59031490949816,670.625223273265
17,18,114.12598425780949,566.9847791116666
25,26,152.1653763646353,348.10859147353136
27,28,142.7968593067653,164.00351038545435
10,11,68.17717004163352,491.7274252445519
4,5,23.47298805251875,109.3547965659055
25,26,167.49236787416976,627.6697479008719
12,13,82.90029223291475,588.1285558370912
3,4,28.575392092693644,1266.291745924946
3,4,24.6255718024759,471.7234725310712
17,18,74.74042248727808,63.57661370843454
12,13,82.26003022847893,559.8644119862381
39,40,239.1929918573946,395.37109166194614
7,8,23.8259561145769,19.65328528313706
2,3,23.55362047259611,2568.8325762469817
25,26,187.24628093950795,1341.817122827282
37,38,203.4563861356829,211.47682639758833
3,4,18.82355426995309,110.59651376599031
14,15,89.20173598967105,382.52055841460265
25,26,151.76062479628038,342.73141971999445
40,41,241.16565493185723,358.55753836024553
5,6,39.13442781364013,680.2120825227607
26,27,165.38561427110093,457.3244618543386
7,8,62.25330438108118,2396.2565975450034
34,35,188.274574783199,216.86468014741277
17,18,104.35518874428267,329.47829715964895
13,14,83.38442515707263,386.0745047638721
11,12,66.11459629665875,247.03985784132198
12,13,60.923324846443805,108.46305451085011
10,11,81.9973025702831,1727.27488344916
25,26,137.53227676892556,198.28451677042906
10,11,54.211978566926895,138.15298911937361
